ts_code,2026-05_月初价,2026-04_月初价,2026-03_月初价,2026-02_月初价,2026-01_月初价,2025-12_月初价,2025-11_月初价,2025-10_月初价,2025-09_月初价,2025-08_月初价,2025-07_月初价,2025-06_月初价,2025-05_月初价,2025-04_月初价,2025-03_月初价,2025-02_月初价,2025-01_月初价,2024-12_月初价,2024-11_月初价,2024-10_月初价,2024-09_月初价,2024-08_月初价,2024-07_月初价,2024-06_月初价,2024-05_月初价,2024-04_月初价,2024-03_月初价,2024-02_月初价,2024-01_月初价,2023-12_月初价,2023-11_月初价,2023-10_月初价,2023-09_月初价,2023-08_月初价,2023-07_月初价,2023-06_月初价,2023-05_月初价,2023-04_月初价,2023-03_月初价,2023-02_月初价,2023-01_月初价,2022-12_月初价,2022-11_月初价,2022-10_月初价,2022-09_月初价,2022-08_月初价,2022-07_月初价,2022-06_月初价,2022-05_月初价,2022-04_月初价,2022-03_月初价,2022-02_月初价,2022-01_月初价,2021-12_月初价,2021-11_月初价,2021-10_月初价,2021-09_月初价,2021-08_月初价,2021-07_月初价,2021-06_月初价,2021-05_月初价
000001.SZ,11.36,11.15,10.85,10.86,11.5,11.69,11.43,11.4,11.89,12.28,12.3,11.81,10.96,11.27,11.51,11.37,11.43,11.39,11.43,12.88,10.11,10.27,10.35,10.98,10.89,10.64,10.49,9.41,9.21,9.66,10.48,11.11,11.32,12.16,11.49,11.59,12.73,12.67,14.17,14.7,13.77,13.1,10.67,11.47,12.61,12.42,14.92,14.08,15.32,15.75,15.92,16.39,16.66,17.64,19.39,18.64,17.88,18.01,23.2,23.92,23.5
000002.SZ,4.01,4.04,4.75,4.68,4.75,5.2,6.3,6.79,6.81,6.39,6.35,6.58,6.83,7.11,7.79,6.97,7.11,8.68,9.11,10.38,6.42,6.9,7.29,8.09,7.46,8.98,9.89,9.44,10.15,11.4,11.34,12.89,14.05,15.09,14.15,14.0,14.95,15.41,17.22,18.19,18.23,19.0,13.86,17.76,16.84,16.87,20.4,17.88,19.43,20.66,19.38,20.91,20.49,18.47,18.19,21.24,20.82,20.9,24.98,26.6,27.92
000004.SZ,,4.34,6.56,11.99,10.93,12.36,12.89,11.68,11.08,8.87,9.01,10.26,7.57,10.1,12.18,11.45,14.18,18.36,19.53,17.93,11.61,12.27,10.86,9.95,10.44,14.98,12.79,12.01,16.14,17.92,16.84,15.76,16.3,19.62,13.83,13.84,11.03,10.14,9.95,10.6,9.94,10.23,8.81,8.1,9.26,9.25,9.17,9.65,11.95,19.56,21.65,21.52,19.99,19.49,16.84,19.16,18.58,22.7,17.73,15.98,16.03
000006.SZ,9.47,8.87,8.94,8.71,9.73,10.43,12.37,10.85,7.21,6.15,6.39,6.74,6.46,7.23,6.44,6.75,7.25,9.27,8.85,5.49,3.79,3.85,3.9,3.64,3.87,3.97,4.15,3.93,4.47,4.67,4.36,4.39,4.96,5.1,4.42,4.56,4.85,5.12,5.77,5.58,6.12,6.42,3.72,4.15,4.31,4.19,4.61,4.54,4.28,5.42,4.38,4.39,4.53,4.16,4.16,4.58,4.62,4.46,5.0,5.28,5.44
000007.SZ,15.97,13.11,13.5,10.99,11.52,10.87,8.6,7.38,7.63,7.11,7.55,8.07,6.82,6.13,6.33,7.0,7.02,7.3,6.73,7.26,4.64,5.09,5.21,4.85,4.09,4.47,3.93,4.29,4.84,5.02,4.98,4.41,5.01,4.73,4.69,3.89,5.18,7.67,7.75,7.85,8.08,7.47,7.99,8.06,8.52,7.44,7.51,7.42,6.53,6.56,6.35,6.46,6.23,6.1,4.6,4.34,4.1,4.14,4.12,3.7,3.55
000008.SZ,2.7,3.27,2.96,2.91,2.86,3.1,2.91,2.86,2.88,2.76,2.78,2.8,2.74,2.57,2.76,2.58,2.84,2.78,2.52,2.52,1.95,2.34,1.95,2.06,2.28,2.48,2.16,2.09,2.38,2.47,2.37,2.37,2.39,2.48,2.37,2.41,2.49,2.39,2.57,2.46,2.36,2.43,2.29,2.17,2.38,2.51,2.48,2.67,2.26,2.55,2.77,2.51,2.95,2.19,2.17,2.37,2.29,2.07,2.2,2.28,2.25
000009.SZ,8.74,8.82,9.35,9.28,10.08,10.24,11.19,12.29,9.74,9.13,9.13,7.93,7.95,8.18,8.8,8.37,8.9,10.07,10.23,10.35,7.38,8.4,8.67,9.63,10.77,10.84,12.02,10.55,11.69,11.5,10.33,10.31,10.61,11.38,12.03,11.94,10.54,11.5,12.78,12.65,12.22,13.11,11.96,10.95,14.43,14.23,13.93,12.5,9.16,11.34,14.03,13.31,14.0,17.39,20.5,17.69,25.29,22.26,17.35,10.05,10.48
000010.SZ,2.75,3.8,4.17,3.42,3.49,3.93,4.05,4.12,4.87,3.78,2.96,2.96,2.73,2.81,2.92,2.92,2.71,3.13,2.82,2.26,1.7,1.91,1.75,1.67,2.0,2.39,2.31,2.42,3.23,3.45,4.1,3.53,3.16,3.0,2.35,2.23,2.61,2.77,3.35,3.47,3.73,3.33,3.1,3.07,3.55,3.62,3.87,3.55,2.86,3.43,3.68,3.46,3.83,3.93,4.02,3.81,3.71,3.94,3.96,4.03,4.1
000011.SZ,8.0,8.58,8.61,8.74,9.04,9.68,10.73,9.13,9.13,8.48,8.43,8.58,8.31,8.5,8.28,8.15,8.62,9.92,9.63,9.69,7.4,7.46,7.97,8.05,8.51,8.38,8.46,8.34,8.83,9.43,8.95,9.64,10.73,10.45,9.4,9.42,9.85,10.16,11.6,11.36,11.36,12.06,9.51,9.11,10.29,10.47,13.23,13.17,11.86,14.26,10.9,11.09,11.82,10.68,10.65,12.36,12.33,11.71,12.12,12.97,12.38
000012.SZ,4.03,4.5,4.93,4.46,4.45,4.73,4.77,4.66,4.75,4.78,4.65,4.65,4.79,4.97,4.96,4.93,5.14,5.63,5.43,5.95,5.0,5.02,5.12,5.52,5.7,5.66,5.7,5.36,5.58,5.58,5.43,5.61,5.85,6.18,6.07,6.12,6.53,6.76,6.97,7.29,6.71,7.27,7.14,6.8,6.58,6.7,7.28,6.15,5.78,7.39,8.52,8.95,9.9,9.87,9.04,10.18,11.12,10.21,10.07,10.04,9.08
000014.SZ,13.1,13.99,13.26,12.83,13.48,15.74,18.86,19.84,14.52,12.22,11.63,11.58,10.6,11.05,10.04,10.03,10.93,12.39,11.34,11.01,7.84,8.45,9.8,10.31,11.14,12.35,12.35,11.74,11.32,11.61,10.97,11.75,13.76,14.26,11.54,10.01,10.14,9.44,10.18,10.73,10.32,10.84,8.02,8.33,9.04,8.27,8.94,9.74,11.02,13.44,8.77,8.19,8.18,7.2,6.94,7.42,7.28,6.86,7.75,7.99,7.65
000016.SZ,3.08,3.47,3.67,4.48,5.04,5.37,5.48,5.42,5.79,4.85,5.14,4.9,5.57,4.56,5.76,4.59,6.07,5.25,7.74,3.64,2.64,2.78,2.14,2.6,3.13,3.5,3.31,3.05,4.03,4.18,4.25,4.26,4.33,4.73,4.74,4.85,4.82,5.16,4.86,4.79,4.59,4.97,5.02,4.71,5.45,5.45,6.32,5.61,4.57,5.46,5.77,5.98,6.75,6.56,5.74,6.4,7.69,6.01,6.5,6.48,6.42
000017.SZ,6.41,6.9,7.64,7.12,7.91,7.77,6.8,6.89,6.68,6.21,6.53,6.95,6.61,6.32,5.64,5.64,6.38,7.23,6.69,6.9,5.37,5.97,6.01,6.61,7.83,9.0,10.68,11.27,4.43,4.44,4.32,4.33,4.52,4.71,4.38,4.24,4.35,4.63,4.87,4.83,4.9,4.58,4.32,3.6,4.25,4.33,4.46,3.4,2.81,3.32,3.69,3.39,3.69,3.64,3.35,3.6,3.71,4.21,3.5,3.07,2.81
000019.SZ,7.82,7.68,7.35,7.12,6.91,7.16,6.98,6.6,6.93,6.82,6.67,6.91,6.83,6.56,6.44,6.4,6.53,7.28,6.67,6.93,5.94,5.93,6.02,6.34,6.66,6.71,6.73,6.6,7.63,7.52,7.31,7.16,7.29,7.93,7.47,7.47,7.7,7.8,8.29,7.8,7.44,7.85,6.99,6.84,8.0,7.67,7.78,8.77,7.36,8.18,7.79,6.77,7.09,6.75,6.66,7.15,6.79,7.18,7.36,8.02,7.15
000020.SZ,15.95,16.18,14.45,14.93,14.16,16.61,14.96,14.73,14.16,13.39,14.17,12.12,11.92,12.24,12.53,13.12,12.4,14.72,13.78,16.34,10.83,9.9,9.97,11.11,12.35,15.65,15.18,13.67,12.96,12.67,12.35,11.79,11.96,12.05,11.47,11.01,9.82,10.72,10.53,10.13,9.12,9.77,9.4,8.08,9.42,9.49,10.27,9.06,8.01,9.09,9.68,9.28,9.29,9.09,8.76,8.98,9.18,9.67,9.46,9.18,9.0
000021.SZ,30.72,26.67,33.45,29.24,26.35,24.61,27.15,30.66,21.95,18.35,18.73,17.23,18.5,18.62,20.3,19.4,18.15,20.69,21.26,18.18,13.69,14.55,14.98,13.35,14.04,14.03,14.94,11.87,15.81,17.05,16.77,17.77,17.96,19.69,19.55,22.21,16.8,18.39,12.91,11.88,10.99,11.8,11.7,10.18,12.14,12.11,11.43,11.1,9.84,11.29,13.6,13.51,16.13,15.62,14.73,14.72,16.1,18.47,18.83,17.79,16.95
001872.SZ,22.55,22.05,20.7,19.49,19.3,19.7,20.59,20.12,20.38,20.17,19.85,20.48,19.17,20.78,19.08,20.41,19.91,20.25,20.31,22.94,21.2,20.43,20.29,18.68,19.23,18.17,17.01,17.04,15.8,16.06,15.7,16.0,16.05,17.9,17.32,16.81,21.4,16.73,14.99,14.97,14.45,15.02,14.08,14.76,15.56,15.7,15.41,15.51,15.27,15.98,17.69,17.14,17.31,16.05,15.6,17.37,16.46,15.06,16.61,15.58,14.81
000025.SZ,16.31,16.12,18.1,17.58,17.72,19.8,18.1,17.9,18.15,16.98,17.2,18.47,17.4,17.9,16.14,15.85,16.31,19.28,18.17,17.58,13.74,14.13,13.69,14.15,15.28,15.53,15.37,15.3,16.05,16.7,16.6,15.5,16.09,17.26,18.35,16.98,17.08,18.34,19.06,20.17,17.69,20.66,16.92,16.54,18.4,22.4,23.64,21.68,11.28,14.74,14.31,14.59,15.18,15.0,14.25,14.8,15.07,15.65,14.79,15.06,14.54
000026.SZ,17.85,14.07,15.59,15.39,16.4,15.5,16.34,16.4,17.54,16.45,16.51,14.71,10.3,11.03,10.86,9.96,10.3,10.87,10.41,10.95,8.95,9.04,8.83,9.43,10.36,10.87,9.65,9.18,11.03,11.89,10.65,11.3,11.63,12.34,12.14,12.42,11.85,11.06,11.68,13.11,10.54,11.48,9.41,8.72,9.95,9.76,10.35,10.88,8.95,9.73,11.0,11.11,12.59,11.9,11.26,11.74,12.55,12.32,13.67,14.5,16.48
000027.SZ,7.04,6.9,7.03,6.63,6.56,6.68,7.12,6.88,6.58,6.53,6.42,6.38,6.52,6.45,6.21,6.1,6.28,6.67,6.64,7.69,5.8,6.66,7.38,7.27,7.43,7.19,6.54,6.09,6.31,6.14,6.14,6.37,6.46,6.93,6.65,6.83,6.54,6.15,6.25,6.23,6.17,6.15,5.88,5.56,6.24,6.34,6.45,6.31,5.96,6.47,7.21,7.13,8.11,8.12,8.0,9.66,7.97,8.63,8.82,11.38,8.79
000028.SZ,24.57,26.42,25.95,26.05,24.8,25.09,25.39,25.27,25.83,25.77,24.97,25.57,24.72,25.96,25.99,25.78,28.32,29.77,28.65,31.97,24.69,29.52,33.54,36.69,36.83,31.06,31.38,29.18,29.57,30.48,28.76,31.63,32.02,34.5,39.87,42.73,64.0,44.35,37.98,35.04,34.31,35.51,32.03,29.61,29.95,28.82,29.7,29.0,29.55,33.04,33.54,33.47,37.22,33.27,33.54,35.38,34.57,35.0,38.29,40.0,40.91
000029.SZ,21.14,19.42,22.8,22.36,22.22,24.33,28.57,30.22,29.21,18.8,18.85,19.65,15.92,14.93,14.87,14.17,14.81,16.49,16.97,15.55,10.91,10.57,10.91,11.6,11.38,11.27,11.39,10.12,11.52,12.79,11.61,11.18,11.61,11.92,10.87,11.45,10.76,11.94,12.34,12.99,13.63,12.77,9.28,7.94,9.05,9.9,11.91,10.65,9.76,9.49,7.5,7.55,7.9,7.19,6.84,7.17,7.08,6.82,7.46,7.61,7.55
000030.SZ,5.1,5.2,5.53,5.32,5.57,5.56,5.66,5.62,5.73,5.97,5.9,6.05,5.98,5.75,5.56,5.12,4.98,5.49,5.16,5.64,4.39,5.2,5.16,5.52,5.9,5.44,4.99,4.53,5.38,5.88,5.3,5.42,5.43,5.48,5.11,4.79,4.72,4.77,5.17,5.0,4.48,4.76,4.63,4.35,5.05,6.03,5.66,5.79,4.69,5.46,6.25,6.36,7.27,8.47,6.21,6.03,6.13,5.53,6.33,6.85,7.07
000031.SZ,3.09,2.95,3.44,3.65,2.89,3.1,2.96,3.16,3.27,3.06,2.63,2.59,2.64,2.64,2.71,2.69,3.01,3.44,3.27,3.38,2.38,2.39,2.43,2.67,2.64,2.73,2.8,2.66,2.92,3.24,3.47,3.61,3.9,4.41,3.71,3.66,3.83,3.79,3.77,3.74,3.78,4.11,3.2,3.37,3.58,3.55,4.01,3.81,4.14,4.91,3.95,3.79,3.78,3.38,3.39,3.58,3.45,3.27,3.64,3.92,3.67
000032.SZ,17.84,18.3,19.71,19.79,20.52,20.18,21.06,22.4,25.78,24.77,20.28,19.62,23.32,22.3,25.9,17.05,16.77,18.87,18.3,19.04,12.31,14.5,15.08,15.69,17.45,19.28,20.75,17.36,20.52,19.97,18.85,22.5,26.63,30.11,33.13,35.23,30.8,33.82,28.62,27.88,22.17,26.5,23.35,12.13,13.48,14.84,15.03,14.72,13.59,18.17,22.42,21.27,20.8,20.42,17.0,18.97,18.65,17.81,18.95,20.34,19.4
000034.SZ,39.43,34.11,39.89,36.75,39.57,41.27,43.49,46.06,46.68,40.35,37.1,36.95,42.72,40.51,47.89,34.92,33.0,34.99,34.76,33.86,24.07,23.51,22.72,29.59,30.7,30.0,31.9,23.8,29.25,32.54,30.45,28.45,30.95,25.53,28.34,27.96,27.3,32.69,27.74,25.11,23.75,23.3,26.55,16.9,17.32,18.76,15.37,14.87,14.21,15.18,16.17,15.2,16.17,16.04,15.0,15.55,16.08,17.86,20.38,18.06,16.9
000035.SZ,6.59,6.94,7.71,5.98,5.62,5.6,5.92,5.85,4.45,4.32,4.27,4.31,4.33,4.79,4.66,4.51,4.71,5.36,4.76,5.18,4.14,4.69,4.63,5.13,4.81,4.4,4.14,3.84,4.95,5.42,5.9,5.88,5.23,5.63,4.63,4.8,4.74,5.1,5.4,5.63,5.18,5.18,4.96,4.61,5.65,6.49,5.37,5.72,4.15,5.05,5.93,5.36,5.97,5.79,4.77,5.25,4.6,4.37,4.46,4.93,4.45
000036.SZ,5.59,4.84,5.37,5.87,6.43,4.74,4.13,4.18,4.46,3.63,3.7,3.51,3.68,3.85,4.4,3.94,3.95,5.37,4.72,4.02,2.83,3.03,3.27,3.23,3.04,2.92,2.97,3.18,3.72,4.14,3.83,3.79,4.01,4.36,4.1,3.75,4.09,3.88,4.01,4.08,4.09,4.42,3.77,4.15,3.95,3.95,4.25,4.4,4.36,4.34,3.93,4.11,4.45,4.49,4.32,4.41,4.44,3.94,4.66,3.7,3.68
000037.SZ,11.18,11.85,9.82,9.2,8.43,8.96,8.96,8.64,8.95,9.08,8.72,9.17,8.51,8.43,8.08,7.68,7.81,9.65,8.84,8.83,7.04,7.95,9.05,10.2,9.24,8.96,7.88,9.19,8.42,8.7,8.4,8.62,9.25,11.38,12.85,7.93,7.5,7.58,8.29,8.44,8.2,8.68,7.06,6.75,9.41,8.02,8.39,6.93,5.78,6.56,6.9,6.98,7.99,7.65,7.39,9.34,8.33,7.79,8.19,9.07,8.21
000039.SZ,13.36,10.9,13.69,9.43,10.27,9.0,7.91,8.38,8.07,8.17,7.89,7.74,7.79,8.65,8.21,8.09,7.55,8.25,8.52,9.01,7.39,7.83,9.58,9.8,9.28,9.48,9.44,7.94,7.83,7.7,6.65,7.0,7.13,7.43,7.0,6.87,7.01,7.66,7.61,7.3,7.04,7.46,6.9,6.87,7.93,13.14,13.81,13.52,12.88,14.25,15.02,15.42,17.19,17.08,17.26,17.35,18.98,16.2,17.7,14.93,16.23
000042.SZ,9.76,8.86,8.93,8.22,7.74,8.17,7.71,8.09,8.95,8.2,7.11,6.86,7.04,6.26,7.46,4.94,4.41,5.42,5.09,5.08,3.65,3.93,4.35,4.62,4.66,4.68,4.21,4.58,5.62,6.67,6.44,6.51,7.38,8.46,7.57,7.44,8.41,8.14,8.75,8.33,7.97,9.12,7.29,8.35,8.91,8.54,9.09,8.74,8.23,9.43,8.19,7.95,8.16,7.19,6.89,7.55,7.59,7.09,8.43,8.67,8.49
000045.SZ,12.14,13.69,12.64,12.27,12.4,12.59,13.47,12.6,11.12,10.54,11.24,11.07,10.23,11.97,10.42,10.36,10.38,12.21,12.4,9.98,8.75,7.88,7.95,8.68,9.47,10.05,9.5,8.74,11.96,12.04,11.41,10.67,10.09,10.42,10.9,11.19,10.01,10.85,11.36,11.53,12.2,11.17,8.15,7.42,8.62,7.41,7.45,7.37,6.39,7.82,8.47,8.33,9.68,9.85,8.66,9.96,8.98,9.23,8.73,8.95,8.28
000048.SZ,14.67,21.29,17.97,18.0,16.45,13.34,16.64,16.82,16.33,15.56,15.8,16.29,15.72,18.35,14.14,15.97,17.26,18.19,17.39,16.66,13.38,14.62,13.73,16.87,16.25,17.48,17.46,17.45,17.78,18.7,18.6,20.92,18.94,20.54,19.63,19.69,21.9,24.42,21.61,20.02,18.29,18.48,17.23,16.1,17.96,20.34,18.47,17.9,19.5,23.13,21.76,20.65,17.75,17.2,17.17,17.92,17.75,18.47,18.14,19.9,29.33
000049.SZ,29.39,26.25,25.76,25.42,27.02,29.58,27.83,29.23,24.43,22.91,22.5,20.96,21.44,22.98,25.9,22.89,22.9,24.94,24.33,27.76,22.91,25.24,23.95,20.89,22.44,24.3,23.3,20.23,26.68,27.35,31.93,32.3,31.25,35.01,35.59,36.04,35.84,43.43,44.91,49.18,44.19,49.83,51.26,40.0,50.21,44.85,44.78,38.54,31.14,36.91,43.42,48.68,56.83,47.78,45.49,32.44,36.25,42.46,44.65,43.93,72.99
000050.SZ,7.6,8.04,9.94,9.11,9.1,9.3,9.91,10.1,10.06,9.24,8.47,8.25,8.11,8.25,8.88,8.46,8.74,9.3,8.54,8.74,6.65,7.17,7.17,7.48,8.22,8.82,9.34,8.2,10.43,10.8,9.75,9.23,8.71,9.42,9.25,9.63,8.87,10.81,9.71,9.49,8.83,9.19,9.06,8.37,9.21,9.85,9.98,9.4,8.97,10.48,11.68,12.09,13.25,12.7,12.21,13.83,14.13,14.29,13.73,13.86,13.59
000055.SZ,3.71,3.66,3.94,3.84,4.13,4.24,4.33,4.29,4.44,4.17,4.24,4.1,4.12,4.11,4.11,3.92,3.88,4.35,3.94,4.26,3.37,3.49,3.55,3.81,4.13,4.29,4.06,4.03,4.55,4.55,4.6,4.8,4.95,5.13,4.87,4.67,4.95,4.85,5.21,5.11,4.8,5.1,4.95,4.71,5.41,5.21,4.41,4.2,3.94,4.55,4.51,4.52,5.09,4.94,4.74,4.47,4.39,4.41,4.52,4.38,4.27
000056.SZ,1.79,2.03,2.05,1.81,2.01,2.4,2.41,2.36,2.73,2.94,3.42,3.09,3.18,3.49,3.54,2.66,2.78,3.03,3.28,2.48,1.72,1.81,1.8,2.08,2.4,2.91,2.74,2.66,3.69,4.24,3.03,2.93,3.4,4.09,3.84,3.56,4.23,4.39,4.67,4.86,4.66,4.65,4.01,4.17,4.79,5.0,4.44,5.1,4.82,8.42,8.88,6.67,6.29,4.66,3.57,3.18,3.29,3.26,2.71,3.82,3.51
000058.SZ,8.23,8.1,8.67,8.91,9.43,9.48,9.95,9.84,8.91,8.13,8.37,8.18,8.43,8.35,9.23,7.83,7.94,10.33,9.9,7.76,5.91,5.56,5.49,5.87,6.41,6.9,6.78,6.45,7.2,7.71,7.05,7.05,6.52,6.83,6.27,6.23,6.3,6.61,7.03,7.14,7.78,6.86,5.72,5.32,5.92,6.07,5.95,5.81,4.9,5.97,6.16,6.01,6.87,6.17,5.71,5.89,5.79,5.84,5.75,5.62,5.84
000059.SZ,5.48,5.41,6.33,5.65,5.4,5.21,5.13,5.13,5.23,5.26,5.56,5.38,5.31,4.86,4.7,4.35,4.64,5.4,5.26,4.94,3.9,4.11,4.23,4.64,5.18,5.35,5.15,4.88,5.61,5.77,5.91,5.76,5.89,6.62,6.35,6.34,7.02,7.53,7.99,7.35,7.03,8.21,6.79,7.05,7.5,5.88,5.89,6.53,6.06,6.36,7.09,7.37,7.3,7.34,6.03,7.15,7.2,6.45,7.66,7.69,6.62
000061.SZ,7.53,7.43,9.3,9.4,10.17,9.65,8.7,8.09,8.35,6.52,6.42,6.65,6.44,6.39,6.26,6.74,6.98,7.83,6.48,6.64,5.23,5.19,4.94,5.58,5.98,6.0,6.18,5.73,6.48,6.87,6.68,6.9,6.98,7.23,6.05,6.04,6.64,5.89,5.74,5.64,5.65,5.79,5.42,5.15,6.05,6.01,6.19,6.84,6.15,6.26,6.01,5.89,6.59,6.23,6.99,6.3,5.88,5.56,5.5,5.9,5.65
000063.SZ,38.25,32.99,37.84,37.08,38.25,46.3,42.79,49.98,48.0,33.9,32.64,31.11,32.76,34.44,36.14,42.56,37.93,31.6,29.6,34.27,24.2,27.16,28.14,27.23,28.74,28.16,30.54,22.27,25.6,26.14,26.03,33.55,34.86,39.83,45.25,35.91,33.63,32.28,32.91,26.98,25.93,25.2,22.45,20.6,24.03,24.0,25.26,24.05,23.75,23.93,29.37,29.5,33.42,30.9,31.39,33.86,33.72,40.75,32.81,31.56,28.52
000065.SZ,13.21,14.57,12.85,12.18,11.89,12.43,11.18,11.08,11.5,11.03,12.09,10.33,10.39,10.65,11.07,9.55,9.51,10.81,10.09,11.18,8.28,9.81,10.49,11.39,12.61,11.67,11.23,11.11,11.25,11.23,11.44,14.75,14.78,16.61,15.9,15.14,19.31,15.42,10.08,9.82,8.6,9.13,7.87,8.73,10.5,7.71,8.62,8.3,7.4,9.32,8.97,8.24,8.7,8.0,7.57,8.31,8.21,7.31,8.19,7.79,7.76
000066.SZ,21.8,14.85,16.52,15.65,14.62,15.07,16.99,17.46,18.04,14.99,14.69,14.52,15.13,14.06,16.5,13.68,13.95,17.29,17.46,11.27,7.91,8.68,8.73,9.2,9.71,9.98,10.72,8.35,10.01,11.29,10.73,10.54,10.8,12.66,14.39,13.01,11.01,13.62,13.41,12.37,10.73,12.39,11.09,8.11,9.13,9.71,10.76,10.04,8.97,11.51,13.34,13.03,14.67,14.06,13.39,13.71,14.68,16.98,14.11,15.16,11.61
000068.SZ,3.27,3.35,3.48,3.43,3.42,3.75,3.87,3.66,3.71,3.33,3.42,3.38,3.36,3.49,3.56,3.4,3.28,3.96,3.89,3.8,3.05,2.77,2.72,3.05,3.49,4.0,3.9,4.42,3.59,3.71,3.54,3.68,3.57,3.62,3.03,3.22,3.25,3.55,4.04,4.19,3.93,4.24,4.17,3.74,3.75,3.83,3.68,3.37,2.64,2.97,3.24,3.15,3.49,3.41,2.91,3.11,3.07,2.74,2.67,2.82,2.64
000069.SZ,2.27,2.21,2.53,2.59,2.52,2.66,2.4,2.57,2.27,2.26,2.24,2.33,2.38,2.51,2.47,2.4,2.62,3.1,2.93,3.21,1.89,2.03,2.13,2.5,2.64,2.73,3.03,2.91,3.03,3.46,3.61,4.18,4.4,4.85,4.49,4.75,4.86,4.85,5.37,5.34,5.29,5.77,4.33,4.74,5.32,5.56,6.23,5.8,6.01,7.76,6.94,7.58,7.26,6.03,6.26,7.21,7.14,6.54,7.82,8.28,9.18
000070.SZ,18.28,18.45,19.66,11.5,12.0,14.19,9.92,10.21,11.27,7.4,8.13,6.66,6.22,5.84,6.39,5.66,5.65,6.08,5.42,4.74,4.1,4.5,4.24,4.63,8.3,9.14,8.9,7.64,7.89,9.09,8.59,8.33,7.59,8.14,9.34,8.68,7.98,10.8,8.53,7.38,7.34,7.14,6.44,5.5,6.46,6.91,6.65,6.04,4.9,5.66,6.21,5.66,6.64,7.02,6.06,7.15,7.61,7.46,7.7,7.39,7.26
000078.SZ,3.02,3.45,3.36,3.6,3.55,3.74,2.56,2.51,2.63,2.8,2.47,2.66,2.31,2.45,2.36,2.44,2.5,3.0,2.7,2.71,2.22,2.46,2.15,2.21,2.4,2.5,2.53,2.47,3.16,3.17,3.11,3.06,3.03,3.22,3.22,3.33,3.49,3.37,3.49,3.4,3.39,3.5,3.33,3.25,3.45,3.46,3.58,3.71,3.25,3.69,3.28,3.21,3.56,3.24,3.1,3.22,3.2,3.25,3.34,3.45,3.34
000088.SZ,4.53,4.59,4.68,4.45,4.45,4.44,4.59,4.45,4.49,4.54,4.54,4.68,4.56,4.81,4.63,4.69,4.72,5.18,4.89,5.28,4.3,4.67,4.58,4.7,4.97,4.79,4.79,4.59,4.93,5.15,4.94,5.0,4.99,5.17,4.88,4.94,5.47,5.05,5.26,5.34,5.04,4.98,4.67,4.63,5.11,5.05,5.11,5.36,4.78,5.37,5.33,5.18,5.37,5.18,5.15,5.49,5.54,5.15,5.47,5.46,5.56
000089.SZ,7.05,7.0,7.16,7.24,6.97,6.94,7.23,6.97,7.22,7.09,6.89,7.16,6.88,6.76,6.7,6.89,6.74,7.19,6.98,7.17,6.08,6.65,6.52,6.81,7.04,6.83,6.5,6.1,6.41,6.8,6.76,6.73,6.8,7.35,7.11,6.88,7.31,7.41,7.43,7.43,7.78,7.36,6.64,6.62,6.68,6.98,7.5,6.56,6.34,7.06,7.51,7.59,7.49,7.09,7.36,7.61,7.31,6.93,7.75,7.9,8.3
000090.SZ,3.54,3.62,3.92,3.85,3.77,4.07,3.83,3.62,3.63,3.52,3.54,3.53,3.58,3.81,3.95,3.91,4.07,4.51,4.31,4.48,3.35,3.77,4.11,4.3,4.43,4.63,4.65,4.35,4.53,5.13,5.11,5.97,6.48,5.98,5.09,5.04,5.54,5.39,5.85,5.8,5.51,6.14,5.28,5.82,5.57,5.68,6.94,7.27,7.02,6.81,6.41,6.46,6.03,5.28,5.06,5.81,5.65,4.9,5.52,6.31,6.24
000096.SZ,9.61,10.12,12.06,10.85,10.35,10.98,11.65,11.34,11.8,12.09,13.12,14.11,18.55,19.6,19.8,11.92,11.92,13.05,11.99,10.37,8.7,9.5,9.68,9.75,10.38,10.84,9.85,9.64,11.86,11.31,9.33,8.72,8.45,8.62,8.08,8.01,8.35,8.38,8.67,8.52,8.19,8.65,7.87,7.84,8.63,9.08,9.32,9.51,8.95,8.5,9.29,8.6,8.94,8.6,8.42,9.5,8.73,8.48,9.34,9.48,9.32
000099.SZ,17.84,17.3,20.94,19.55,21.25,20.63,22.21,22.26,24.77,22.03,21.6,22.1,22.81,23.6,25.95,23.91,24.43,28.89,24.46,20.35,14.86,19.9,16.52,18.01,22.58,17.29,9.88,8.76,8.78,8.0,7.92,7.9,8.22,8.82,9.58,8.6,7.71,7.81,7.94,7.71,7.38,7.56,7.28,6.92,7.33,8.06,7.7,7.77,7.03,6.91,7.72,7.65,8.88,8.45,7.25,7.73,7.82,7.41,6.58,6.59,6.49
000100.SZ,4.29,4.32,4.95,4.75,4.55,4.2,4.34,4.51,4.59,4.43,4.37,4.27,4.29,4.47,4.67,5.06,4.95,4.72,5.19,4.79,3.85,3.9,4.34,4.33,4.94,5.14,4.83,4.18,4.27,4.18,3.87,4.09,4.13,4.29,3.98,3.8,3.92,4.51,4.48,4.23,3.78,4.04,4.12,3.66,4.08,4.46,4.81,4.47,4.19,4.89,5.57,5.75,6.24,6.15,6.37,6.48,7.19,7.68,7.37,8.16,8.91
000151.SZ,11.94,11.8,13.39,13.18,12.02,12.89,12.66,12.29,12.87,12.75,12.42,12.95,14.05,14.35,13.3,13.34,14.28,16.41,16.97,12.95,9.24,9.4,10.38,10.6,11.15,10.44,10.52,11.93,11.36,12.65,11.19,13.51,12.14,12.7,13.43,11.7,12.46,13.92,13.71,14.27,13.06,13.66,10.29,9.85,13.09,12.81,12.91,19.47,7.6,9.8,8.8,8.14,8.62,7.88,7.71,8.08,8.12,7.36,7.36,7.57,7.21
000155.SZ,17.85,15.43,14.45,12.15,12.18,12.41,12.16,10.92,10.16,10.08,9.81,10.0,10.44,11.54,11.06,11.06,10.51,11.98,11.64,12.6,9.31,9.92,10.95,11.58,11.65,10.96,11.37,9.82,13.33,11.65,11.64,11.79,12.73,14.54,14.49,14.03,14.71,16.22,18.18,19.81,18.27,20.66,19.79,18.13,19.61,22.97,23.19,19.36,16.8,19.36,24.83,20.54,24.68,29.6,27.58,27.0,32.72,20.8,13.29,14.97,14.38
000156.SZ,7.51,7.53,8.17,8.54,7.76,7.86,8.11,7.95,8.3,8.27,7.88,7.72,7.85,8.21,7.93,7.24,7.05,7.73,7.18,7.86,6.1,6.29,6.35,6.75,7.57,8.36,7.45,6.56,7.46,8.01,7.27,7.44,8.82,8.85,8.67,9.56,10.01,9.07,8.26,7.82,7.6,7.4,6.98,6.62,7.38,7.43,7.87,7.94,7.45,8.25,8.69,7.73,8.6,7.42,7.25,7.63,7.3,7.08,7.67,7.68,7.57
000157.SZ,8.02,8.89,9.94,8.64,8.69,8.08,8.28,8.04,7.4,7.28,7.23,7.04,7.64,7.5,8.12,6.98,7.0,6.99,7.13,7.66,6.14,6.71,7.8,8.08,8.78,8.51,8.0,7.2,6.63,6.4,6.28,6.9,6.73,6.86,6.74,6.35,6.58,6.43,6.8,5.86,5.48,5.81,5.5,5.54,5.82,6.18,6.46,5.94,5.92,6.65,7.09,7.25,7.21,7.09,7.26,8.33,8.67,8.37,9.1,10.92,11.56
000159.SZ,6.56,6.53,7.78,6.72,5.79,5.91,6.16,5.84,5.84,5.67,5.63,5.36,5.33,5.42,5.51,5.39,5.84,7.62,7.9,7.41,6.25,6.06,5.27,5.32,5.84,5.75,5.17,5.08,6.55,6.66,6.91,6.81,6.73,6.93,7.05,7.26,7.6,8.03,8.13,8.2,7.22,9.32,8.5,7.86,8.75,7.59,6.69,5.73,5.3,5.9,7.03,6.28,6.78,6.32,5.92,6.95,8.53,7.92,5.91,6.8,6.26
000301.SZ,13.35,10.89,13.25,12.18,10.7,9.62,9.32,9.87,9.87,8.93,8.5,8.47,8.93,8.22,9.27,8.62,8.0,9.49,7.94,9.52,7.72,7.84,7.94,8.77,10.15,10.16,10.39,9.78,9.56,9.98,10.61,11.2,11.55,12.74,11.95,11.36,12.55,13.47,15.4,16.01,13.13,13.79,12.57,16.53,18.81,20.01,17.09,15.24,12.16,14.54,18.53,17.65,19.11,24.8,25.78,25.84,30.9,26.27,19.49,17.35,16.5
000400.SZ,25.88,27.72,32.28,30.76,26.5,25.88,27.06,26.85,23.27,22.6,21.62,21.0,21.87,24.36,24.49,25.7,25.76,26.52,31.01,34.67,28.41,30.41,34.59,30.89,26.03,24.2,22.66,19.83,22.08,20.54,17.22,19.44,19.43,22.44,22.86,22.53,22.59,24.05,24.56,22.41,20.71,21.61,19.59,16.42,19.87,21.94,19.0,20.63,15.76,18.69,22.12,24.53,24.94,27.2,18.85,20.98,19.28,13.99,12.42,13.26,13.56
000401.SZ,4.24,4.86,5.21,4.9,4.42,4.58,4.84,4.96,4.93,4.85,4.38,4.43,4.73,5.05,4.83,4.74,5.11,5.83,5.87,5.65,4.35,4.45,4.17,4.44,5.25,5.52,5.84,5.6,6.37,6.98,7.07,7.39,7.7,8.14,7.47,7.73,8.31,8.72,9.13,8.73,8.29,8.65,7.73,8.44,9.21,9.59,10.55,10.14,10.78,12.13,12.1,12.15,12.1,12.11,11.66,12.98,13.38,12.42,12.53,14.02,14.02
000402.SZ,3.49,2.57,2.78,2.73,2.79,2.85,3.02,3.04,2.97,2.94,2.8,2.72,2.78,2.8,3.07,3.05,3.27,4.07,3.5,3.85,2.07,2.24,2.44,2.82,3.06,3.15,3.41,3.24,3.57,3.97,4.08,4.17,4.59,5.09,4.57,4.53,4.84,5.07,5.32,5.28,5.28,6.19,4.72,5.03,5.49,5.62,5.96,5.74,6.44,6.28,5.67,5.76,5.72,5.56,5.96,6.09,6.25,5.72,6.78,7.39,6.3
000403.SZ,11.71,13.23,14.24,13.31,13.94,15.1,15.66,16.35,17.74,18.35,18.1,22.56,22.32,22.22,20.78,21.69,21.27,21.78,22.19,25.4,24.67,25.05,27.5,28.39,30.34,28.96,27.12,24.18,27.71,29.3,24.0,21.26,17.95,20.0,19.99,22.0,21.44,23.3,22.58,24.15,24.14,19.81,18.45,16.97,21.2,19.1,21.83,20.07,19.58,21.2,27.81,25.43,28.86,30.02,31.51,26.89,29.5,31.89,30.76,35.16,37.02
000404.SZ,8.66,7.14,7.23,6.93,6.86,6.9,7.08,7.17,7.37,7.29,7.1,6.89,7.04,7.71,7.16,7.21,7.29,7.34,7.38,7.24,6.16,5.8,5.5,6.31,7.36,7.03,6.0,5.14,6.02,6.22,6.12,6.01,6.15,6.65,6.84,6.8,6.82,6.24,6.03,6.27,5.64,5.42,5.14,4.77,5.59,7.09,5.41,5.22,4.32,4.83,4.65,4.38,4.82,4.46,4.28,4.11,3.99,3.61,3.88,4.04,4.03
000407.SZ,4.75,4.71,5.33,5.02,4.95,4.92,4.16,3.56,3.7,3.44,3.4,3.32,3.29,3.31,3.23,3.26,3.29,3.55,3.19,3.36,2.73,2.67,2.65,2.91,3.19,3.27,3.04,3.14,3.75,3.75,3.63,3.71,3.72,3.83,3.66,3.7,3.77,3.81,4.09,4.11,3.92,4.34,3.99,4.9,4.06,3.98,3.7,3.69,3.46,3.89,4.3,4.08,4.51,4.24,4.37,5.4,4.58,3.96,4.01,4.27,4.34
000408.SZ,90.18,82.18,86.01,81.77,89.99,62.92,57.56,61.22,54.79,46.06,43.57,36.28,36.89,37.03,32.59,30.39,27.28,28.42,29.31,28.35,23.99,22.88,26.23,25.98,28.84,31.69,29.43,24.56,25.95,23.89,22.3,22.57,22.62,23.78,23.01,23.02,22.79,24.36,27.67,28.12,26.53,30.2,28.76,27.59,29.47,33.93,35.38,29.67,26.08,30.8,36.07,33.05,38.28,26.93,28.18,27.97,27.85,28.76,23.46,20.0,12.82
000409.SZ,10.18,10.4,11.42,11.48,11.28,11.96,11.48,11.38,12.38,12.38,11.4,11.16,11.51,11.76,10.7,9.89,8.67,11.06,8.95,9.72,7.13,7.84,8.11,8.27,8.87,8.95,8.42,7.12,9.13,8.08,7.53,7.88,7.98,8.64,9.8,8.68,8.66,9.98,7.85,7.42,7.05,6.81,6.82,5.72,6.51,6.41,5.39,5.76,4.93,6.13,7.56,6.93,6.66,5.34,4.83,5.24,4.78,4.89,4.99,4.69,4.32
000410.SZ,6.13,6.74,7.82,7.3,7.26,7.52,7.89,7.61,7.45,6.53,6.51,6.68,6.91,7.35,6.75,6.69,6.96,7.67,7.92,7.15,6.04,6.66,6.1,6.82,7.33,7.03,7.03,5.92,7.0,7.38,7.29,7.84,7.29,8.13,8.14,7.65,6.59,6.03,5.9,5.96,5.76,5.67,5.81,5.42,6.12,5.31,4.89,4.67,4.02,4.71,4.87,4.76,5.04,4.92,4.52,4.7,5.36,4.12,4.08,4.15,3.69
000411.SZ,10.73,11.14,11.8,11.98,12.87,12.03,11.1,11.29,12.3,11.25,10.74,11.03,10.35,10.82,10.61,10.34,10.49,11.28,10.72,11.17,9.01,9.66,9.76,10.17,11.14,10.8,10.16,9.53,11.35,12.12,11.83,12.15,12.14,12.7,12.11,12.9,12.79,12.46,13.36,12.67,12.0,12.52,12.09,11.52,11.14,10.3,10.6,12.2,11.7,13.94,12.72,12.88,14.88,13.02,12.61,12.09,12.08,12.4,13.46,14.2,14.54
000415.SZ,4.61,4.45,5.39,4.33,4.06,3.58,3.59,3.51,3.5,3.45,3.34,3.28,3.34,3.33,3.4,3.42,3.6,4.23,3.66,3.19,2.36,2.86,2.56,2.54,2.54,2.38,2.23,1.99,2.12,2.25,2.38,2.5,2.61,2.49,2.14,2.23,2.31,2.12,2.31,2.37,2.23,2.33,2.24,2.03,2.21,2.13,2.2,2.13,2.03,2.34,2.61,2.67,3.0,3.05,2.73,2.78,2.6,2.49,2.37,2.49,2.17
000417.SZ,6.76,6.66,7.58,7.98,7.86,7.24,6.63,6.01,6.21,5.58,5.65,5.64,5.73,5.55,5.47,5.42,7.02,6.47,5.22,5.23,4.07,4.24,4.22,4.67,4.76,4.62,4.52,4.39,5.03,5.01,4.78,5.23,5.62,5.84,4.74,4.69,4.98,5.2,5.28,5.31,5.23,4.94,4.49,4.09,4.35,4.38,4.53,4.91,4.51,4.6,4.48,4.42,4.54,4.21,4.16,4.43,4.38,4.23,4.45,4.93,5.08
000419.SZ,5.85,5.93,6.16,6.49,6.46,6.5,6.16,5.77,6.09,5.88,5.74,5.54,5.42,5.77,5.63,5.45,5.94,5.88,5.23,5.48,4.35,4.29,4.16,4.4,4.8,4.79,4.42,4.67,5.76,5.91,5.52,5.6,5.78,6.31,5.55,5.33,5.55,5.93,6.29,6.29,8.54,5.51,4.86,4.68,5.33,5.29,5.44,5.25,4.87,5.3,5.22,6.2,4.71,4.27,4.18,4.44,4.38,4.28,4.49,4.52,4.36
000420.SZ,5.34,4.8,4.58,4.58,4.44,3.92,4.14,4.27,4.36,4.03,4.0,4.14,3.73,3.73,4.06,3.45,3.5,3.95,3.86,3.54,2.92,3.29,3.2,3.44,3.79,3.85,2.77,2.52,2.93,3.05,3.09,3.15,3.26,3.71,3.66,3.54,4.07,4.2,4.65,4.95,4.79,5.13,4.67,3.84,4.38,4.92,4.81,4.1,3.73,4.5,4.84,4.26,5.41,6.25,4.24,4.65,4.46,2.99,3.46,3.2,3.16
000421.SZ,6.34,6.69,7.03,7.05,6.89,7.3,7.24,6.32,6.45,6.66,6.49,6.59,6.05,6.06,6.11,6.19,7.13,7.38,5.5,5.91,4.74,5.7,4.54,4.81,5.12,5.25,4.86,5.44,6.85,5.72,5.33,5.01,5.02,5.57,5.5,4.95,4.98,5.0,5.29,5.21,4.96,5.81,4.6,5.28,6.5,5.62,4.75,4.83,4.48,5.06,4.99,4.82,5.0,4.64,4.43,5.35,4.89,4.54,5.11,5.36,5.26
000422.SZ,16.75,16.3,18.11,15.16,14.53,14.88,14.08,14.92,14.28,13.41,11.85,12.1,11.2,13.81,12.5,11.97,12.26,13.76,13.9,14.85,12.59,11.66,13.11,12.5,10.51,9.21,9.02,8.17,10.54,9.64,10.18,10.7,11.33,12.88,11.67,11.38,12.62,14.51,16.12,16.07,14.88,15.49,14.6,15.33,18.18,19.76,21.79,19.9,18.78,21.3,21.3,17.34,20.35,26.8,32.99,18.62,18.71,9.62,8.78,5.38,4.86
000423.SZ,53.15,56.34,54.08,51.39,49.73,47.28,47.57,47.3,51.83,51.7,51.72,55.49,54.2,61.81,57.32,60.35,62.0,58.23,59.26,59.6,49.56,48.74,63.57,67.63,70.7,63.2,58.6,52.5,50.0,50.92,45.61,48.7,50.19,49.27,50.02,49.29,53.28,52.76,48.18,43.9,40.47,38.94,38.3,31.85,34.18,35.69,36.35,31.66,30.91,33.81,38.07,37.6,47.45,41.74,41.23,35.49,34.49,30.99,36.33,36.92,34.0
000425.SZ,10.12,10.52,12.14,10.54,11.54,10.17,10.63,11.37,9.89,8.32,7.82,8.05,9.07,8.74,8.83,7.43,7.7,8.24,8.16,7.85,6.37,6.41,7.17,7.2,7.48,6.58,6.13,5.57,5.61,5.55,5.61,6.4,6.41,6.85,6.71,5.9,6.34,6.97,7.19,5.9,5.14,5.26,4.73,4.37,5.2,5.47,5.54,5.29,5.02,5.17,5.57,5.78,6.04,5.97,6.08,6.79,7.17,6.25,6.4,6.74,7.65
000426.SZ,45.18,41.55,60.22,55.37,39.16,37.16,29.83,36.18,23.09,17.91,16.16,13.69,13.35,13.66,12.51,13.03,11.58,13.25,13.56,13.36,11.14,12.69,14.0,13.94,13.1,11.29,9.04,8.25,9.11,9.07,9.32,10.39,9.25,9.22,8.9,9.26,8.61,8.02,7.19,6.81,6.2,6.23,5.92,5.59,6.43,7.52,7.18,6.27,6.46,7.61,8.32,7.51,7.3,7.67,7.45,7.81,10.85,9.04,7.47,9.11,7.16
000428.SZ,3.79,4.04,3.73,3.68,3.27,3.5,3.31,3.17,3.73,3.38,3.31,3.24,3.15,3.17,3.07,3.03,3.3,3.59,3.48,3.6,2.94,2.85,2.86,2.93,3.24,3.52,3.3,3.14,4.12,4.52,3.97,4.21,5.02,4.69,4.37,4.26,4.6,5.41,5.25,5.32,6.2,5.41,4.31,3.98,4.14,4.18,4.83,3.85,3.33,4.19,3.67,3.52,3.31,2.9,2.96,3.46,3.42,2.51,2.79,2.94,2.95
000429.SZ,12.53,13.0,12.28,12.01,11.6,12.46,11.8,11.07,11.7,12.32,13.47,14.1,13.71,14.28,14.6,12.62,13.7,11.71,10.97,11.13,11.32,11.18,10.48,10.21,10.39,9.95,9.62,9.15,8.59,8.1,8.11,8.5,7.87,7.61,7.79,7.9,8.07,7.63,7.94,7.81,7.76,7.43,7.13,7.3,7.32,7.4,8.25,8.36,7.88,7.91,7.46,7.69,7.4,6.99,7.17,7.31,7.01,6.73,7.22,7.21,7.23
000430.SZ,7.6,7.44,7.41,7.2,7.64,8.15,7.89,7.67,7.63,7.18,8.13,7.53,7.08,7.84,6.81,6.5,6.23,7.14,6.88,7.37,5.55,5.96,6.12,6.25,5.92,6.44,5.6,5.26,6.65,6.92,6.66,6.72,7.46,8.05,7.95,7.71,8.01,8.68,8.12,7.77,8.93,7.12,6.27,5.7,6.44,6.36,7.03,6.26,5.38,6.87,6.42,6.01,5.95,5.19,4.98,5.79,6.22,4.82,5.27,5.27,5.64
000488.SZ,2.49,2.79,2.3,2.13,2.2,2.09,2.1,2.08,2.23,1.99,1.94,1.97,1.8,1.97,2.07,2.47,3.01,3.26,3.65,4.24,3.49,3.55,3.5,3.67,3.94,3.61,3.53,3.32,3.89,4.0,4.43,4.49,4.59,5.14,4.89,4.79,4.95,5.31,5.36,5.21,4.99,5.08,4.79,4.67,5.26,5.41,5.61,5.53,5.18,6.33,6.96,6.9,7.37,7.72,7.08,8.05,8.1,7.6,8.16,10.19,10.63
000498.SZ,5.53,5.86,6.31,6.16,6.05,6.01,6.15,6.26,6.31,5.88,5.88,5.82,5.66,5.92,5.73,5.59,5.81,6.4,6.37,6.41,5.05,5.1,5.34,5.53,5.86,5.57,5.6,5.26,5.62,5.75,5.83,6.46,6.69,6.96,6.51,6.86,7.83,7.48,8.14,7.82,6.93,7.44,6.85,8.27,9.33,9.14,9.85,9.55,10.57,8.43,8.26,9.22,6.4,6.03,6.73,5.94,6.94,6.23,5.51,5.11,5.07
000501.SZ,8.31,8.6,9.38,10.1,10.0,9.85,9.87,9.61,11.1,9.29,8.66,9.07,9.37,9.2,8.57,8.12,11.01,9.05,8.29,8.99,6.8,7.07,6.84,7.43,7.65,7.63,7.47,7.4,8.49,8.84,8.62,9.2,9.48,10.15,9.99,9.97,11.24,11.88,11.72,10.99,10.98,10.51,9.6,10.13,10.33,10.7,11.12,10.27,10.29,10.45,10.66,10.86,10.77,9.96,10.16,10.85,10.7,10.58,11.62,12.13,11.33
000503.SZ,7.9,8.07,8.91,9.25,9.18,9.97,10.08,10.25,10.69,10.89,10.63,10.14,10.84,11.11,11.59,10.65,10.5,13.99,13.52,10.27,6.71,7.36,6.71,7.94,9.1,10.18,10.39,9.61,12.83,14.28,10.54,10.75,11.36,11.73,11.9,12.6,10.56,11.21,10.69,10.88,10.39,11.35,10.39,8.91,10.6,9.1,8.88,8.38,7.83,10.73,12.6,11.16,18.18,8.14,6.17,6.89,7.06,6.97,7.48,8.54,7.95
000504.SZ,9.21,10.08,8.93,8.57,8.82,9.31,9.72,9.07,9.27,10.97,9.4,6.91,6.0,10.08,9.74,9.03,8.25,10.37,10.79,9.16,7.65,6.99,7.08,6.75,7.89,8.54,7.71,8.23,11.8,11.94,11.46,10.78,10.9,11.7,11.78,12.25,11.97,11.73,11.72,12.22,11.84,12.52,13.55,11.01,13.99,15.05,16.01,15.33,12.73,17.15,15.86,15.73,18.48,17.0,17.02,19.58,20.72,20.34,20.2,20.2,14.17
000505.SZ,6.69,6.85,7.2,7.03,7.95,7.76,7.02,6.19,6.75,6.65,6.41,6.5,6.34,6.02,5.93,5.89,6.05,7.49,6.26,6.75,5.01,5.28,5.56,6.08,6.53,6.47,6.53,6.12,6.91,7.27,7.16,7.35,7.6,8.14,7.59,7.5,7.73,8.29,8.56,8.36,8.09,8.41,7.89,7.56,8.77,8.71,9.26,10.69,9.23,11.12,7.8,6.83,7.56,7.01,6.7,7.37,6.84,6.87,7.14,7.53,7.43
000506.SZ,16.55,17.64,22.33,23.1,13.22,12.34,11.99,11.95,10.09,10.2,9.49,7.37,6.91,5.6,5.38,4.11,3.77,3.35,2.87,1.52,1.42,1.44,0.96,1.64,4.6,4.14,3.31,3.21,4.17,4.37,4.38,4.8,4.74,4.87,4.02,4.15,4.82,5.03,3.51,3.66,3.31,3.55,3.19,3.55,3.19,3.48,3.04,2.97,2.7,2.89,3.77,3.88,3.53,3.09,3.17,3.3,3.7,3.49,2.09,2.22,2.13
000507.SZ,5.26,5.6,5.59,5.38,5.22,5.35,5.54,5.37,5.5,5.46,5.53,5.46,5.33,5.2,4.9,4.95,4.97,5.59,4.96,5.24,4.46,4.63,4.49,4.73,5.02,5.05,4.9,4.85,5.37,5.56,5.32,5.43,5.46,5.73,5.55,5.64,5.81,5.62,5.89,5.92,5.63,5.82,5.34,5.08,5.67,5.75,6.1,6.45,5.24,5.96,6.19,6.14,6.57,6.45,6.33,7.04,7.26,7.05,5.86,6.05,5.61
000509.SZ,3.57,3.84,3.43,3.35,3.42,3.97,3.74,3.23,3.31,3.41,3.39,3.28,3.14,3.22,3.32,3.22,3.32,3.94,3.32,3.3,2.46,2.44,2.53,2.9,3.15,3.41,3.07,3.26,4.05,3.97,3.79,3.47,3.63,3.51,3.23,3.48,3.63,3.92,4.14,3.95,3.89,4.1,3.84,3.36,3.87,3.82,4.31,3.89,3.34,3.92,4.47,3.89,3.06,2.96,2.84,3.38,3.13,2.68,3.15,2.56,2.68
000510.SZ,15.45,15.02,22.45,14.72,12.13,8.8,5.9,5.71,5.45,4.71,5.12,6.03,4.67,4.16,3.72,3.6,3.56,4.06,4.08,3.71,3.03,2.96,2.81,3.19,3.91,4.32,4.0,4.23,5.75,5.55,5.06,4.94,5.11,5.84,6.11,5.72,6.14,6.4,6.4,6.49,6.12,6.18,5.87,5.61,6.41,6.28,5.85,6.4,5.44,6.68,7.03,6.25,5.99,6.08,5.76,6.76,7.05,5.74,4.67,4.94,4.99
000513.SZ,32.58,34.9,34.7,34.54,35.15,35.99,36.65,38.78,42.41,42.15,36.55,37.09,34.69,36.42,34.48,36.52,37.1,37.94,37.28,41.48,35.78,36.1,38.18,38.85,40.5,36.88,38.48,33.68,35.18,34.8,34.87,36.89,34.23,36.62,39.2,38.76,36.47,36.59,35.93,34.14,32.8,37.78,36.97,29.85,30.77,31.85,35.89,32.5,33.86,37.76,37.87,36.77,42.2,35.74,35.49,38.78,40.57,40.75,49.83,47.9,46.04
000514.SZ,5.16,4.77,4.97,4.96,5.0,5.43,5.25,5.44,5.39,5.58,4.52,4.42,4.41,3.99,4.22,3.95,4.09,4.8,5.37,4.49,3.13,3.15,3.32,3.7,3.39,3.44,3.29,3.62,4.11,4.43,4.44,4.33,5.08,4.88,3.92,3.66,3.88,4.12,4.43,4.38,4.34,5.03,3.45,3.72,4.46,4.3,4.9,5.08,5.49,6.9,4.03,3.78,4.0,3.15,3.02,3.14,3.13,3.06,3.41,3.47,3.41
000516.SZ,4.6,5.18,4.67,4.84,4.72,4.84,4.8,4.83,5.25,5.48,5.31,5.15,5.11,5.59,6.1,5.01,5.18,6.26,5.28,6.01,4.21,4.71,4.73,5.5,6.0,6.28,6.6,6.13,8.09,9.24,9.17,7.89,7.85,9.01,8.63,9.63,10.79,10.14,11.81,11.28,12.24,12.54,9.19,9.46,10.01,10.66,10.88,8.98,8.47,8.3,8.63,7.32,11.29,10.81,11.74,11.82,10.45,12.92,18.73,20.8,15.4
000517.SZ,2.08,1.93,2.13,1.81,1.82,2.05,1.98,2.02,1.93,1.87,1.8,1.85,1.89,1.95,1.97,1.88,2.2,2.54,2.43,2.68,2.05,2.72,2.82,2.85,2.45,2.28,2.28,2.25,2.43,2.6,2.74,2.8,3.09,3.41,3.09,2.93,3.09,2.9,3.28,3.25,3.01,3.28,2.61,2.71,2.97,3.04,3.18,3.44,3.16,3.55,2.69,2.46,2.52,2.34,2.36,2.51,2.53,2.43,2.68,2.8,2.77
000518.SZ,2.95,2.95,2.81,2.59,2.42,2.59,2.53,2.39,2.31,2.23,2.54,2.19,1.81,2.75,2.33,2.43,2.5,3.63,2.62,2.5,2.13,2.13,1.99,2.16,2.4,2.64,2.43,2.58,3.34,3.63,3.13,2.83,2.78,2.8,2.59,2.72,2.91,2.96,3.21,3.19,3.26,3.41,3.33,3.03,3.07,3.12,3.19,3.13,2.98,3.47,3.4,3.34,3.69,3.33,3.1,3.29,3.3,3.48,3.7,4.0,3.97
000519.SZ,17.92,16.96,21.21,18.36,18.5,18.59,18.33,18.41,21.43,20.91,22.7,16.88,17.04,17.26,15.68,13.8,13.92,15.2,16.22,16.19,11.47,13.45,14.73,13.49,13.52,12.89,13.18,11.13,14.09,14.93,14.17,14.87,15.32,17.47,18.08,18.16,18.3,22.95,22.61,22.97,20.21,22.08,21.06,21.46,29.99,32.27,32.07,24.87,21.3,21.9,21.94,18.5,24.24,28.91,28.42,19.1,18.8,12.5,10.19,11.96,10.74
000520.SZ,3.98,4.19,4.73,4.31,4.67,5.0,4.54,4.4,4.72,4.75,5.18,4.74,4.47,4.35,4.69,4.44,4.61,5.41,5.77,2.82,2.08,2.4,2.36,3.3,2.59,2.34,2.25,2.39,2.86,3.05,2.92,2.9,2.94,3.12,2.98,3.06,3.28,3.3,3.54,3.34,3.29,3.37,3.3,3.41,3.4,3.27,3.17,3.44,3.14,3.68,4.22,4.12,3.54,3.37,3.33,3.45,3.39,3.19,3.22,3.16,3.14
000521.SZ,5.69,6.3,6.41,6.54,6.58,6.72,6.92,7.16,7.56,7.3,6.95,7.33,7.6,8.24,8.02,7.82,8.05,8.6,8.52,11.12,8.41,8.32,7.74,9.53,10.81,9.22,8.82,7.36,5.78,6.11,5.9,6.19,6.16,6.59,7.68,7.27,7.63,5.78,5.22,4.76,4.27,4.7,4.22,4.71,4.06,4.43,3.84,4.14,3.42,3.75,3.45,3.37,3.72,3.44,3.21,3.38,3.41,3.19,3.36,3.73,3.94
000523.SZ,3.42,3.37,3.83,3.77,3.82,3.56,3.27,3.17,3.31,3.26,3.28,3.43,3.22,3.41,3.09,2.93,3.05,3.37,3.15,3.2,2.53,2.65,2.69,3.01,3.25,3.28,3.03,2.83,3.11,3.31,3.21,3.21,3.21,3.59,3.29,3.2,3.34,3.32,3.62,3.53,3.82,3.52,2.97,3.01,3.25,3.84,3.8,4.57,3.15,3.44,3.32,3.52,3.45,3.62,3.59,3.96,4.11,3.89,3.29,2.89,2.44
000524.SZ,10.07,11.4,12.69,12.65,12.01,12.24,13.93,13.03,13.91,12.02,11.73,11.48,11.95,11.4,9.89,9.48,9.64,10.6,10.03,10.2,8.53,9.8,8.22,8.7,9.51,9.29,7.44,7.3,9.05,8.81,8.53,8.66,9.68,11.04,10.91,10.4,10.73,11.85,11.89,10.74,11.55,10.38,9.16,8.33,10.25,9.32,11.34,11.1,8.69,12.54,9.27,8.64,7.68,7.02,6.43,6.92,7.24,6.54,7.47,7.47,7.57
000525.SZ,5.4,5.95,6.61,5.59,5.58,5.9,6.35,6.38,6.81,7.15,7.54,7.45,6.91,6.7,5.67,5.65,5.73,8.62,9.85,8.7,8.35,6.49,5.62,5.95,7.87,9.04,6.77,7.1,8.48,8.92,8.84,8.71,8.79,9.57,9.91,8.87,7.93,10.14,11.03,12.6,12.0,11.41,11.92,13.97,16.95,15.37,14.7,11.06,11.03,8.17,7.62,7.51,9.24,7.75,5.86,6.2,4.63,3.87,3.79,3.75,4.6
000526.SZ,35.4,31.7,35.78,37.88,39.58,37.73,40.5,44.1,48.17,54.28,49.03,49.51,56.36,47.7,48.67,45.81,43.48,44.56,48.48,62.96,52.92,56.9,62.5,64.18,65.69,60.98,60.32,43.3,49.9,45.3,38.01,30.84,28.09,29.19,26.8,28.7,19.06,18.46,19.38,21.29,18.32,17.82,15.14,13.33,15.72,15.58,15.72,15.54,15.7,17.29,18.75,18.06,19.8,17.87,18.39,20.49,20.16,17.97,26.75,31.9,34.55
000528.SZ,9.93,9.57,11.66,10.91,12.01,12.04,11.66,11.05,11.04,10.78,9.62,9.84,10.21,11.4,11.88,10.65,11.57,11.13,12.17,12.31,9.4,9.84,11.32,10.63,11.08,8.59,7.85,6.96,6.73,6.32,6.33,7.08,7.34,8.07,7.94,7.33,7.71,6.78,6.73,6.22,5.92,6.24,5.97,5.64,6.11,6.39,6.71,6.33,6.19,6.44,7.32,7.45,7.81,7.77,7.34,7.97,9.05,7.86,8.0,8.83,9.55
000529.SZ,5.68,5.79,6.03,6.11,6.0,6.26,5.99,5.92,6.36,6.2,6.14,6.18,5.99,6.02,5.98,5.71,5.9,6.41,5.63,6.27,5.15,5.83,6.06,7.1,6.35,5.93,5.59,5.51,6.96,6.76,6.35,6.5,7.14,6.76,6.38,6.69,7.34,8.26,8.45,8.4,8.64,7.34,7.0,6.2,6.66,6.45,7.14,7.16,5.92,7.0,6.2,5.9,6.47,5.72,5.71,5.87,5.61,5.14,5.46,5.72,5.85
000530.SZ,6.03,6.06,6.8,6.75,7.14,6.77,6.79,6.28,6.44,6.36,6.05,5.41,5.41,5.75,6.08,6.14,5.92,5.59,4.61,4.69,3.68,3.83,3.68,3.9,4.22,4.56,4.18,3.99,5.47,5.63,5.73,5.39,5.35,5.7,5.51,5.09,4.86,4.71,4.96,4.87,4.58,4.99,5.27,4.89,5.95,5.08,4.53,3.98,3.66,4.51,4.82,5.5,6.24,3.95,3.51,3.99,3.78,3.65,3.78,4.04,3.79
000531.SZ,7.18,6.86,6.94,6.2,6.47,6.62,7.01,6.12,6.43,6.38,6.15,6.16,6.31,6.33,6.36,6.08,5.58,6.03,5.5,5.95,4.59,5.1,5.25,5.76,6.06,6.03,5.76,5.87,6.79,6.99,6.94,6.53,6.41,7.37,7.38,7.26,6.88,6.33,6.84,6.5,6.32,6.64,6.36,6.67,7.52,9.46,7.44,9.05,7.83,8.38,9.2,8.58,9.36,8.16,7.53,8.74,8.1,7.21,7.92,8.22,8.09
000532.SZ,12.61,13.41,15.36,15.58,15.96,14.36,14.75,14.66,16.14,15.33,15.03,14.83,14.65,15.58,15.6,16.08,12.82,15.13,13.73,15.47,10.45,12.42,12.17,11.98,12.66,11.27,12.71,13.39,11.95,11.61,10.91,10.78,10.67,11.76,11.09,10.84,10.93,11.49,12.54,12.58,11.0,11.22,10.73,9.65,10.84,11.56,11.99,11.69,9.92,12.26,11.89,11.01,12.14,12.26,11.26,12.37,16.14,15.28,14.07,13.61,11.11
000533.SZ,13.34,14.7,11.39,9.22,8.5,8.08,7.19,7.06,7.32,6.98,7.05,6.47,5.97,6.73,6.29,6.06,6.67,4.76,3.88,3.98,3.18,3.23,3.32,3.65,3.79,4.01,3.62,3.6,4.81,4.47,4.29,4.09,4.03,4.48,4.25,4.22,4.12,4.15,4.55,4.25,3.87,4.05,4.02,3.6,4.06,5.2,3.62,3.6,3.18,4.55,3.89,3.78,4.63,3.84,3.01,3.33,3.18,2.81,2.84,2.97,3.07
000534.SZ,40.8,38.98,39.58,27.86,21.84,20.18,17.64,15.93,17.39,15.74,14.91,14.36,15.48,16.07,16.18,14.31,12.7,11.95,11.08,11.51,9.14,9.9,9.93,11.24,11.66,12.34,11.27,10.59,13.03,13.66,13.05,13.12,13.28,13.31,16.69,17.27,17.22,16.92,19.32,17.15,14.96,16.12,17.0,12.79,14.63,14.99,13.85,11.78,9.7,13.7,14.61,14.25,18.03,16.93,13.13,13.97,16.11,13.98,13.23,13.04,13.45
000536.SZ,4.0,4.26,4.58,4.59,4.95,5.62,4.96,4.82,5.84,4.45,4.45,4.33,4.63,4.72,5.8,4.27,4.44,5.64,6.09,3.65,2.25,2.0,2.03,2.25,2.49,3.1,3.04,2.51,3.75,3.74,3.69,5.27,1.98,2.03,1.83,1.87,1.97,2.21,2.2,2.02,1.91,2.07,2.0,1.82,2.1,2.12,2.14,1.95,1.84,2.08,2.22,2.23,2.51,2.56,2.14,2.36,2.5,2.49,2.68,2.79,2.97
000537.SZ,10.49,10.16,9.09,8.3,8.32,8.39,8.66,9.42,8.93,8.69,8.39,8.55,8.62,8.72,8.27,8.36,8.91,9.45,9.89,10.02,8.4,8.69,9.7,10.96,9.56,9.59,9.98,9.0,9.75,10.05,10.95,11.1,11.29,12.54,12.2,11.79,11.77,11.51,12.66,13.74,13.74,14.69,13.58,12.09,14.29,12.82,13.39,12.82,10.75,16.98,21.5,20.7,23.49,20.58,17.41,15.5,4.82,4.39,5.29,5.5,5.44
000538.SZ,52.65,55.57,56.01,55.51,57.32,55.58,56.36,57.34,59.29,56.29,55.77,57.22,56.79,57.07,55.11,57.42,58.05,57.52,57.42,62.68,54.4,50.53,52.45,52.91,57.43,50.74,50.49,46.25,49.32,50.35,50.99,53.48,54.56,53.61,52.94,53.12,59.16,54.92,57.48,57.6,54.62,57.26,55.0,51.8,51.97,54.67,60.01,55.61,54.8,81.0,90.54,90.83,104.55,88.4,90.1,98.96,91.08,99.24,119.7,125.0,106.03
000539.SZ,7.03,5.85,5.08,4.8,4.47,4.66,4.77,4.69,4.62,4.68,4.64,5.13,4.35,4.61,4.47,4.42,4.38,4.74,4.78,5.13,4.33,4.71,5.18,5.62,5.5,5.14,4.82,4.75,5.0,5.14,5.37,6.0,6.36,7.28,7.61,7.35,6.24,5.87,6.49,5.89,5.74,5.61,4.51,4.42,4.46,4.31,4.24,4.64,4.34,4.69,5.41,4.86,5.79,4.57,4.36,4.94,3.97,3.78,3.7,3.74,3.76
000541.SZ,5.71,5.66,6.3,6.17,6.03,6.2,6.34,6.39,6.82,6.43,6.7,6.16,6.3,7.02,6.03,5.99,5.97,5.94,5.44,5.77,4.58,4.74,4.96,5.48,5.85,5.93,5.59,5.16,6.43,7.27,7.85,5.58,5.32,5.68,5.69,5.34,5.31,5.78,5.74,5.83,4.98,5.24,5.2,5.69,6.78,6.29,5.16,5.12,4.73,5.18,5.55,5.28,5.72,5.58,5.53,5.81,6.15,5.84,5.87,5.79,5.66
000544.SZ,8.49,8.54,9.21,8.45,8.37,8.55,8.81,8.49,8.84,8.38,8.13,8.33,8.2,8.61,8.36,8.36,8.5,9.01,8.71,8.83,7.08,7.42,8.27,8.55,8.48,7.35,6.92,6.53,7.11,7.18,7.18,7.59,7.8,8.12,7.38,7.13,7.01,6.39,6.88,6.55,6.38,6.79,6.06,6.29,6.27,6.87,5.8,5.78,5.72,6.35,6.64,6.16,6.49,6.55,6.16,6.91,6.3,5.99,6.07,6.33,6.51
000545.SZ,3.04,3.2,3.48,2.83,2.84,3.19,2.86,2.69,3.27,2.72,3.05,2.67,2.14,2.24,2.3,2.09,2.16,2.76,2.77,2.48,1.9,1.75,1.71,2.05,2.4,2.41,2.19,2.32,3.09,3.1,3.16,2.97,3.03,3.19,2.95,2.95,3.24,3.46,3.77,3.82,3.58,3.95,3.73,3.93,4.25,4.99,4.08,3.88,3.63,5.27,3.98,3.75,4.11,4.09,4.14,4.62,4.99,3.97,3.61,3.47,3.55
000546.SZ,7.82,6.37,6.45,5.79,6.65,6.22,5.29,5.12,5.05,5.16,4.92,4.45,4.34,4.55,4.93,4.68,4.98,5.98,5.59,6.37,4.38,4.19,4.07,4.53,5.21,5.91,5.96,5.78,8.56,7.41,7.38,7.2,7.28,6.85,6.69,7.85,8.68,9.88,11.9,13.24,12.39,15.09,13.85,14.74,16.38,17.58,17.67,13.87,11.53,15.01,17.28,12.92,13.01,15.99,10.29,10.97,7.44,6.42,6.54,7.42,6.83
000547.SZ,24.95,27.84,31.99,29.44,33.08,14.86,8.6,7.8,8.66,8.1,8.36,7.41,6.96,7.34,7.49,6.96,7.04,8.19,7.95,8.55,6.03,7.19,5.88,6.78,7.16,7.58,7.47,6.39,8.4,9.03,8.45,8.56,8.53,9.57,9.99,9.82,9.7,11.93,11.22,10.75,9.7,10.4,10.54,9.6,10.76,12.56,11.75,12.05,9.1,11.0,14.97,14.96,17.12,16.23,15.36,15.66,17.09,20.98,18.04,18.43,17.03
000548.SZ,5.3,5.51,5.68,5.67,5.38,5.88,5.7,5.29,5.47,5.51,5.38,5.32,5.05,5.48,5.15,5.17,5.13,5.81,4.94,5.44,4.06,4.24,4.07,4.31,4.7,4.72,4.28,4.79,5.61,5.5,5.24,5.07,5.03,5.34,4.93,4.88,4.98,4.85,5.21,5.7,5.43,4.85,4.23,4.11,4.66,4.76,4.55,4.79,4.65,4.7,4.34,4.04,4.13,3.86,3.69,3.95,3.82,3.78,3.73,3.94,3.9
000550.SZ,19.1,18.65,18.39,17.82,18.42,18.77,19.92,21.18,21.67,21.25,20.31,20.76,19.26,22.54,22.09,22.55,22.83,25.69,24.57,30.0,21.06,31.39,22.57,25.03,27.18,29.77,27.32,21.09,19.05,20.29,16.33,17.56,16.89,18.49,14.1,13.09,13.7,13.93,15.4,15.31,13.99,14.99,14.48,13.68,14.71,19.22,16.07,16.31,11.89,13.78,15.71,16.34,16.29,16.63,15.66,16.22,19.24,19.04,23.7,23.48,24.29
000551.SZ,16.42,13.45,14.8,14.51,14.72,10.78,11.27,11.46,11.67,11.06,13.04,12.3,12.39,12.49,12.55,11.66,11.56,12.98,13.03,11.48,9.05,9.4,8.89,9.72,9.69,8.97,8.46,8.19,10.68,10.57,9.9,9.81,9.62,10.27,11.02,9.9,9.69,10.35,10.18,9.9,8.76,9.8,9.19,8.7,10.68,9.9,8.55,8.53,7.4,8.62,9.46,9.18,10.65,10.9,10.09,10.87,9.86,11.55,8.19,8.31,8.47
000552.SZ,2.89,2.75,2.64,2.36,2.34,2.5,2.63,2.56,2.46,2.49,2.47,2.4,2.38,2.55,2.51,2.58,2.68,2.83,2.73,3.06,2.49,2.79,3.59,3.8,3.47,2.97,3.03,2.88,3.1,3.19,3.19,3.34,3.23,3.42,3.38,3.35,3.45,3.37,3.53,3.55,3.17,3.44,3.2,3.65,3.97,3.85,4.35,4.3,3.96,4.1,3.98,3.63,3.8,2.97,3.27,4.26,3.23,2.79,2.88,3.06,3.02
000553.SZ,7.5,6.41,6.14,5.9,5.58,6.27,6.58,6.3,7.01,6.96,7.39,6.99,6.38,5.97,6.16,5.63,6.65,6.88,6.84,5.83,4.32,4.43,4.64,5.54,6.59,6.21,6.57,6.01,6.9,7.65,7.56,7.72,7.75,8.7,8.49,8.4,8.52,9.17,9.79,9.54,9.08,9.68,8.76,9.14,10.52,10.98,12.64,12.18,9.93,8.3,8.41,8.13,8.6,8.15,7.57,8.96,9.53,10.15,9.11,8.8,9.0
000554.SZ,8.04,8.16,9.86,7.75,6.56,6.85,6.9,6.74,7.07,6.75,7.01,6.25,6.1,6.31,5.84,5.92,5.81,6.29,6.35,6.32,4.94,5.22,5.13,5.29,5.79,5.45,5.46,5.47,5.88,5.9,5.84,6.04,5.83,5.96,5.7,5.5,5.66,5.61,6.09,6.03,5.53,5.75,5.01,5.35,5.68,5.55,5.22,5.73,4.69,5.16,6.29,5.85,5.44,4.77,5.0,5.73,4.57,4.31,4.54,4.78,4.79
000555.SZ,14.28,14.89,17.46,16.57,16.95,17.54,20.85,14.15,15.08,12.93,13.8,12.37,11.27,11.67,13.43,11.21,10.8,12.25,11.05,12.46,8.17,9.0,9.4,11.78,13.3,12.15,9.86,8.62,11.16,12.28,12.01,11.73,11.69,11.49,12.23,12.36,12.45,14.11,12.87,11.99,11.24,10.99,11.36,9.74,10.36,11.28,11.23,11.0,10.68,12.9,15.14,14.11,13.09,12.5,11.33,12.73,13.26,13.23,13.94,14.71,13.92
000557.SZ,4.7,4.7,5.04,4.97,5.0,4.97,5.17,5.19,5.43,5.44,5.09,5.2,5.38,5.47,5.0,5.1,5.09,5.98,4.86,5.01,4.01,4.29,3.82,4.28,4.67,4.67,4.55,4.31,4.91,4.92,4.45,4.51,4.88,5.45,5.34,5.66,6.0,5.07,5.22,5.18,4.93,5.23,5.1,4.84,5.48,4.57,4.8,4.66,4.04,4.15,5.18,4.65,4.35,3.68,3.44,3.88,3.81,3.41,3.47,3.66,3.66
000558.SZ,4.12,4.63,4.83,5.4,5.13,6.05,5.27,5.28,6.69,7.37,4.44,4.02,4.01,3.81,3.27,3.31,3.55,3.17,2.97,2.85,2.22,2.2,2.19,2.32,2.51,2.65,2.65,2.66,2.97,2.89,2.78,2.79,3.05,3.3,3.04,3.17,2.94,2.86,2.85,2.85,2.88,3.03,3.01,2.98,2.97,2.82,2.88,2.94,2.81,3.41,3.26,3.52,4.24,3.41,3.62,3.33,2.99,2.55,2.67,3.12,2.83
000559.SZ,16.62,15.69,18.68,17.24,17.02,12.6,12.45,13.03,7.88,7.58,7.62,7.78,6.75,6.77,6.49,6.11,5.97,6.62,6.3,5.89,4.49,4.61,4.55,5.03,5.59,5.17,4.86,4.34,5.18,5.49,5.23,5.23,5.3,5.6,5.47,5.2,5.14,5.22,5.37,5.3,4.94,5.23,5.13,4.86,5.47,6.4,5.95,5.71,5.22,5.47,5.83,5.74,6.4,6.67,6.18,5.73,5.88,5.71,5.29,5.03,5.07
000560.SZ,3.09,2.94,3.27,3.21,2.95,3.1,2.89,3.03,3.06,2.96,2.97,3.06,3.21,2.97,3.58,3.05,3.01,3.6,3.5,3.9,2.41,2.69,2.44,2.68,2.06,2.13,1.8,1.8,2.22,2.44,2.4,2.5,3.13,3.13,2.71,2.68,3.18,3.36,3.37,2.75,2.52,2.74,2.34,2.72,2.58,2.61,2.84,2.91,2.76,3.77,3.06,3.05,3.26,2.97,2.95,3.39,3.4,3.54,4.47,4.97,3.98
000561.SZ,9.64,9.67,12.12,11.08,12.78,11.1,11.27,11.06,12.72,10.04,10.65,9.2,7.47,8.08,8.14,7.82,8.92,9.1,9.84,8.36,6.11,6.75,6.36,7.05,7.2,8.12,7.43,6.21,8.61,8.75,8.61,8.99,9.1,9.44,10.77,9.25,8.78,9.5,10.5,11.34,9.2,8.06,8.11,7.1,7.68,8.4,7.9,7.71,6.22,7.17,7.83,6.99,8.41,7.96,7.06,7.17,8.38,8.04,6.5,6.61,6.52
000563.SZ,3.27,3.43,3.59,3.48,3.5,3.47,3.64,3.63,3.67,3.57,3.54,3.45,3.41,3.49,3.4,3.55,3.47,3.96,4.04,4.06,2.74,2.94,2.76,2.89,3.17,2.99,3.06,2.93,3.04,3.08,3.06,3.0,3.05,3.39,3.09,3.2,3.36,3.26,3.37,3.47,3.05,3.22,2.95,2.9,3.16,3.1,3.11,3.0,2.93,3.3,3.26,3.18,3.27,3.12,3.13,3.3,3.35,3.1,3.2,3.37,3.19
000564.SZ,1.81,1.88,2.24,2.31,2.48,2.6,2.72,2.55,2.44,2.29,2.28,2.44,2.73,2.65,3.04,2.63,3.53,3.66,2.0,2.04,1.63,1.76,1.76,1.91,1.92,1.97,1.81,1.68,1.43,1.45,1.21,1.22,1.26,1.24,1.17,1.16,1.45,1.56,1.5,1.6,1.53,2.23,0.94,0.98,1.04,1.0,1.01,1.02,1.17,1.0,1.2,1.27,1.62,4.77,4.09,3.65,2.62,2.38,2.57,2.78,2.38
000566.SZ,4.99,5.61,5.8,6.21,7.25,7.96,6.27,5.46,6.03,6.45,6.24,6.73,5.04,4.64,5.01,4.32,4.68,6.2,4.75,4.72,2.99,3.06,2.97,3.18,3.74,3.78,3.71,3.59,4.57,4.89,4.73,4.67,4.54,4.86,5.0,5.33,5.21,5.27,4.65,4.47,4.36,4.68,4.46,4.01,4.22,4.31,4.48,4.48,3.99,5.53,4.53,4.61,5.49,4.49,4.11,4.53,4.76,4.88,5.92,6.17,5.98
000567.SZ,6.64,5.23,5.66,5.75,6.24,6.95,7.86,6.56,6.46,6.54,5.85,5.54,5.72,5.84,6.35,6.0,6.59,8.59,9.23,7.61,4.59,5.51,5.57,9.65,9.86,9.22,10.02,9.17,10.84,11.2,11.88,12.13,11.65,13.1,12.85,19.62,18.9,18.06,18.49,17.86,14.25,14.63,14.58,13.78,15.01,15.08,14.93,13.84,16.72,17.07,17.68,17.25,18.08,19.86,17.56,15.05,12.75,11.45,10.75,9.99,9.46
000568.SZ,98.33,106.26,108.17,122.0,118.0,135.76,135.04,129.86,135.85,123.06,112.5,115.4,125.47,130.89,125.0,113.81,121.05,139.02,136.53,159.0,112.5,124.79,143.0,174.23,193.55,191.35,175.82,146.93,172.87,202.0,221.93,214.95,237.8,237.59,218.0,207.53,221.18,254.29,255.28,238.48,219.86,195.39,170.0,210.31,230.68,224.0,245.55,214.44,209.99,190.7,220.79,214.45,250.64,232.11,231.2,225.33,182.18,180.89,236.0,277.71,239.88
000570.SZ,6.54,5.7,5.91,5.82,5.57,6.2,5.69,5.67,5.85,5.88,5.77,5.61,5.49,5.54,5.54,4.93,4.96,5.58,5.08,5.36,4.22,4.7,4.51,4.81,5.2,5.33,5.13,5.18,5.83,6.38,5.32,5.68,5.74,5.88,5.55,4.93,4.94,5.27,5.52,5.49,4.86,5.02,4.87,4.26,4.88,5.5,5.06,4.69,4.14,5.04,5.34,5.19,5.95,5.92,5.35,5.88,6.61,6.46,5.5,5.51,5.31
000571.SZ,5.54,5.75,7.66,6.16,5.91,5.66,5.62,5.59,4.76,4.52,4.51,4.53,4.37,4.41,3.83,3.51,3.35,3.98,3.87,3.94,2.9,3.03,2.83,3.04,3.16,3.05,2.36,2.66,3.01,2.82,2.62,2.4,2.43,2.76,2.75,2.44,2.3,2.22,2.31,2.47,2.34,2.45,2.41,2.42,2.48,2.49,2.19,1.97,2.06,2.03,2.2,2.39,2.58,2.91,2.1,2.3,2.03,1.87,2.06,2.05,2.1
000572.SZ,5.61,6.01,6.69,6.73,7.73,8.94,7.26,5.57,4.9,4.44,4.55,4.05,3.85,4.06,4.2,4.0,4.05,4.95,4.81,3.77,3.04,4.05,3.03,3.39,3.78,4.42,4.29,3.67,4.88,6.01,4.2,4.25,4.43,5.86,4.34,4.15,4.69,5.27,5.79,5.15,4.9,5.42,4.84,4.63,5.13,6.13,6.05,5.92,4.68,5.45,5.39,5.37,6.01,6.75,5.89,6.27,6.71,6.88,5.29,5.43,4.0
000573.SZ,4.98,4.19,4.32,4.16,4.1,4.38,4.35,4.16,4.2,4.1,4.0,4.48,4.3,4.58,4.42,4.82,3.12,3.31,2.82,2.88,2.2,2.21,2.24,2.47,2.73,2.9,2.68,2.97,3.43,3.54,3.46,3.32,3.68,4.18,3.43,3.33,3.6,3.69,4.16,4.16,4.2,4.72,3.31,3.53,3.39,3.27,3.17,3.25,3.26,4.26,3.74,3.85,3.31,3.0,2.94,3.33,3.1,2.88,3.07,3.21,2.91
000576.SZ,8.8,9.23,11.4,10.34,10.53,10.39,10.87,10.86,11.55,11.51,10.08,8.42,7.27,7.39,7.64,7.37,7.06,7.7,6.73,7.34,5.54,6.06,6.0,6.81,7.32,7.97,7.02,6.65,9.33,10.12,9.07,9.81,9.87,10.35,10.67,10.43,10.48,11.41,11.89,12.19,10.46,11.53,11.52,10.15,13.72,12.46,10.69,11.18,10.2,12.8,12.38,11.7,12.54,13.86,11.27,12.31,14.39,10.72,11.32,11.8,10.72
000581.SZ,19.82,20.73,25.1,20.68,20.57,20.31,21.49,23.18,22.48,19.38,18.9,19.86,19.96,21.0,20.76,17.93,18.0,18.25,17.65,20.01,15.96,16.86,16.65,17.89,18.8,17.32,17.22,15.98,15.21,16.15,16.28,16.93,17.29,18.35,15.87,14.72,16.73,20.29,22.75,18.8,17.85,18.24,17.43,17.15,18.42,19.72,19.18,20.94,20.22,19.95,20.95,21.0,21.74,21.35,19.51,20.96,22.86,20.8,20.66,23.82,24.43
000582.SZ,12.14,10.65,11.34,9.48,9.36,9.0,8.83,8.55,8.57,8.17,8.3,8.67,8.6,8.63,8.07,8.46,8.05,7.76,7.96,8.42,7.16,7.72,7.51,7.91,8.33,8.03,7.62,7.25,7.58,7.6,7.4,7.8,7.89,8.26,7.67,7.92,8.93,7.64,7.69,7.58,7.36,7.64,7.19,6.95,7.67,7.85,7.68,8.21,7.89,7.7,7.89,8.12,8.24,7.74,7.48,8.15,8.18,7.72,8.2,8.47,8.91
000586.SZ,18.28,15.59,15.57,14.08,13.57,13.19,14.45,13.79,12.7,11.88,11.03,10.35,9.92,9.42,10.27,9.46,9.3,10.39,9.5,9.25,7.11,7.41,7.78,8.22,9.63,10.71,12.98,8.82,12.76,13.49,14.81,15.02,13.97,15.06,14.68,12.66,11.22,11.46,10.2,9.71,8.78,9.1,8.51,7.5,8.56,8.6,8.22,7.9,7.04,8.09,9.04,8.32,9.06,9.51,8.99,8.29,7.85,8.19,7.22,7.03,6.88
000589.SZ,5.01,4.71,5.18,4.98,5.16,4.99,5.08,4.74,4.61,4.54,4.6,4.52,4.41,4.88,4.77,4.8,4.91,5.07,4.85,5.7,4.41,4.82,5.18,5.78,6.55,5.86,5.79,5.2,6.15,6.22,6.47,6.82,7.35,6.91,5.63,5.19,5.8,5.17,5.64,5.24,4.77,4.83,4.42,4.25,4.88,5.05,4.36,4.25,3.85,5.55,5.45,5.4,6.24,5.79,5.19,5.63,5.63,5.45,5.87,6.12,6.35
000590.SZ,11.12,11.96,11.86,11.05,11.77,11.61,12.13,11.69,12.33,11.9,10.92,9.47,9.07,8.89,9.1,7.03,7.03,7.98,7.21,6.74,5.1,5.35,5.31,5.94,6.72,7.56,6.66,7.43,9.21,9.38,9.15,8.77,8.39,8.69,8.78,8.92,8.88,8.69,9.61,9.18,9.14,10.32,9.67,8.0,8.25,8.69,8.28,7.99,7.5,9.59,9.35,8.69,10.71,8.4,7.85,8.48,8.58,8.54,8.84,8.44,8.58
000591.SZ,5.17,5.56,5.79,5.42,4.49,4.51,4.76,4.67,4.64,4.55,4.4,4.35,4.35,4.52,4.41,4.4,4.61,5.03,5.1,5.25,4.19,4.45,4.76,5.07,5.25,5.31,5.43,4.97,5.58,5.59,5.74,5.77,6.0,6.62,6.84,6.95,6.99,6.88,7.11,7.68,7.49,7.49,7.07,6.73,7.82,8.66,8.36,7.6,6.82,8.79,9.96,9.08,11.09,11.0,11.43,11.52,8.18,7.38,6.11,6.65,6.34
000592.SZ,10.91,12.02,12.14,10.05,15.23,11.37,7.79,3.49,3.53,2.98,3.09,3.0,2.97,3.04,2.78,2.85,2.99,2.75,2.33,2.02,1.52,1.43,1.39,1.86,2.02,2.28,2.17,2.21,2.57,2.57,2.41,2.45,2.43,2.62,2.46,2.25,2.44,2.54,2.71,2.73,2.64,2.8,2.59,2.45,2.75,2.61,2.58,2.5,2.31,2.78,2.88,2.79,3.23,3.01,2.83,3.01,3.03,2.86,3.05,3.76,3.1
000593.SZ,27.0,15.7,15.5,14.6,10.97,11.84,9.3,7.24,6.61,6.38,6.05,5.92,5.48,5.49,5.48,5.47,5.31,6.01,5.53,5.7,4.59,4.69,4.75,5.2,5.49,5.67,5.87,5.6,7.54,7.91,7.83,7.31,7.28,7.38,6.81,6.61,6.79,7.21,7.79,8.08,7.66,9.22,7.75,10.34,8.74,6.33,5.68,5.48,5.17,5.69,6.31,5.93,6.5,6.06,5.6,6.97,5.84,4.87,4.72,4.86,4.62
000595.SZ,6.51,6.49,6.39,5.88,5.61,5.79,5.42,4.83,5.22,4.81,5.01,4.88,4.24,5.66,6.0,5.33,6.45,9.48,10.7,8.34,4.17,4.2,3.38,3.8,4.23,4.87,4.66,3.98,5.7,5.12,4.93,5.39,5.55,5.48,5.91,5.42,5.51,6.44,6.82,7.1,6.88,7.86,8.06,6.54,8.27,6.5,4.58,7.18,2.99,3.18,3.64,2.87,3.23,2.67,2.5,2.7,2.72,2.68,3.1,2.48,2.13
000598.SZ,6.78,6.84,7.19,7.11,7.26,6.95,7.15,6.74,6.75,7.1,7.23,7.41,7.06,6.89,6.65,7.11,7.41,7.04,7.25,7.4,6.6,8.02,7.88,7.38,7.34,6.44,6.11,5.68,5.86,5.55,5.71,5.31,5.27,5.63,5.45,5.51,5.32,5.1,5.15,5.03,4.92,5.05,4.85,4.95,5.19,5.05,5.14,5.23,5.16,5.02,5.89,5.81,6.47,6.2,6.07,5.85,5.55,4.96,5.22,5.25,5.21
000599.SZ,6.01,5.8,6.88,7.33,6.4,6.22,6.49,5.41,5.51,4.95,5.16,5.21,4.58,4.35,4.52,4.34,4.4,5.2,5.43,4.53,3.31,3.55,3.58,4.0,4.56,5.13,3.74,3.75,4.74,4.63,4.37,4.43,4.4,4.49,4.33,4.16,4.17,4.31,4.77,4.66,4.27,4.52,3.8,3.64,4.09,4.59,3.99,3.99,3.2,3.87,4.06,3.97,4.38,4.03,3.73,3.91,3.89,3.76,4.17,4.29,4.12
000600.SZ,9.65,9.22,9.5,8.46,8.61,8.16,8.96,7.84,7.58,7.22,7.05,7.1,6.57,6.03,5.42,5.21,5.33,5.2,5.16,5.55,4.59,5.11,6.45,6.34,7.04,6.73,4.85,4.62,5.18,5.28,5.33,5.76,5.98,7.34,7.91,7.47,6.14,5.14,5.54,5.56,5.42,5.87,5.28,4.33,4.72,5.05,4.64,4.39,4.17,4.12,4.52,4.43,5.07,4.59,4.98,5.56,4.54,4.45,4.86,5.23,5.18
000601.SZ,6.96,6.86,5.59,5.1,4.73,5.13,5.24,5.09,5.33,5.31,5.12,5.06,5.93,5.72,4.42,4.08,3.98,4.34,4.09,4.29,3.58,3.77,3.89,4.02,4.05,3.73,3.51,3.68,4.38,4.57,4.26,4.24,4.32,4.65,4.58,4.6,4.56,4.64,5.07,4.84,4.81,5.04,4.79,4.74,5.57,6.32,5.06,4.91,4.26,4.48,4.57,4.59,5.16,4.85,5.01,5.64,4.84,4.99,5.29,5.55,5.33
000603.SZ,37.79,39.95,56.57,54.92,32.65,28.09,23.2,28.6,19.15,15.22,15.37,13.89,13.77,15.53,13.07,14.19,12.04,12.94,15.43,13.65,9.96,11.68,12.02,13.27,13.15,13.0,9.34,8.54,10.98,12.84,12.6,14.49,14.34,13.76,12.37,13.46,16.88,16.51,13.66,14.71,13.26,12.69,10.07,9.92,10.9,12.25,11.32,11.1,11.19,13.03,14.12,12.82,12.61,12.47,11.61,12.19,13.89,13.01,12.75,15.11,14.43
000605.SZ,7.23,6.89,7.17,7.04,6.72,7.41,7.35,6.83,7.08,7.28,7.07,7.06,7.33,7.38,7.6,7.33,7.75,9.05,5.46,5.7,4.4,4.81,4.68,4.92,5.22,5.26,4.75,5.43,6.59,6.31,6.14,5.93,6.08,6.7,6.43,6.36,6.12,6.21,6.58,6.49,6.15,6.62,5.86,5.82,6.69,6.7,6.56,6.39,5.35,6.7,6.09,5.44,5.77,5.29,4.92,6.0,5.33,4.96,5.24,5.58,5.34
000607.SZ,4.15,4.22,4.4,5.0,4.23,4.53,4.48,4.22,4.63,4.75,4.48,3.97,3.82,3.93,4.05,3.84,3.65,4.25,3.63,3.97,3.12,3.06,3.11,3.5,3.97,4.3,3.99,3.92,4.59,4.96,4.53,4.59,5.44,5.07,5.01,5.75,6.21,5.98,5.77,5.39,5.94,5.16,4.34,4.07,4.57,4.37,4.7,4.56,4.29,5.93,5.51,4.98,5.52,3.94,3.65,3.68,3.6,3.41,3.6,3.91,3.66
000608.SZ,3.69,4.12,3.39,3.48,2.76,2.64,2.2,1.95,1.88,1.78,1.88,1.82,1.61,1.7,2.17,2.1,2.26,2.62,2.33,2.76,1.49,1.53,1.49,1.79,2.08,2.22,2.06,2.44,2.94,3.04,2.93,2.78,3.0,3.62,2.74,2.64,2.88,2.86,3.22,3.19,3.42,3.43,2.68,2.7,2.84,2.93,2.99,3.01,3.07,4.57,3.37,3.21,3.13,2.89,2.84,3.1,3.24,3.43,3.51,3.74,3.48
000609.SZ,15.14,8.65,10.24,7.36,8.52,11.41,7.61,4.43,4.29,3.26,3.35,3.29,2.43,2.42,2.6,2.48,2.43,2.47,2.22,2.05,1.93,1.81,1.87,1.48,3.19,5.13,4.75,5.07,6.39,7.23,6.19,5.27,6.83,5.72,4.71,4.55,4.83,5.09,5.69,6.07,6.62,6.49,5.66,5.22,5.87,5.17,5.14,4.99,4.21,4.76,4.67,4.49,4.82,4.95,4.95,4.52,4.82,2.99,2.91,2.56,2.94
000610.SZ,7.39,8.93,9.37,11.3,12.56,12.76,12.29,12.26,13.86,12.66,12.75,12.43,12.9,13.24,12.53,11.83,14.25,13.39,13.02,13.89,10.96,12.08,12.94,12.86,12.87,13.98,12.18,11.4,13.92,14.48,13.71,15.06,16.16,17.8,17.75,16.27,17.02,17.2,16.45,14.55,18.51,11.17,8.95,7.92,9.24,9.03,9.81,8.82,7.77,9.52,8.9,8.52,8.55,7.95,7.96,8.37,9.74,7.85,9.78,9.15,8.98
000612.SZ,13.69,11.96,15.14,12.82,11.32,9.86,10.21,9.01,9.19,8.35,7.91,7.34,6.9,7.44,7.95,7.18,6.43,6.86,7.8,7.22,5.24,5.72,6.72,7.6,7.75,6.15,4.8,4.87,5.8,5.75,5.75,5.14,5.23,5.32,4.87,4.86,5.1,5.49,5.93,5.95,5.28,5.67,5.22,5.4,5.79,6.35,6.18,5.87,5.37,6.25,7.3,6.97,7.73,7.52,7.04,8.27,9.19,8.8,6.9,7.98,8.19
000615.SZ,3.27,3.43,3.23,3.08,3.49,4.13,3.73,3.31,3.13,3.12,3.21,3.16,3.21,3.68,3.14,3.61,3.99,4.02,2.4,2.07,1.83,2.05,1.98,2.28,2.58,2.79,2.64,3.43,4.14,3.94,3.52,4.49,4.64,3.16,3.83,2.23,4.26,6.65,7.33,8.49,8.72,6.2,5.45,5.52,6.68,7.76,7.31,7.48,8.08,8.84,8.36,8.27,11.03,10.89,15.28,14.68,13.17,16.29,22.71,29.09,20.28
000617.SZ,9.48,9.89,9.62,8.82,9.56,9.2,10.36,10.95,13.07,8.77,7.21,6.94,7.12,6.42,6.35,6.5,6.66,7.57,8.06,8.11,5.12,5.59,5.56,5.56,5.94,5.75,6.13,5.8,5.41,5.69,5.95,6.5,6.68,7.28,7.4,7.98,7.73,7.25,5.95,6.29,5.73,6.81,4.59,4.51,4.82,4.54,4.77,4.78,4.73,5.26,5.48,5.16,5.24,4.98,5.08,5.41,5.35,5.22,5.99,6.11,5.96
000619.SZ,6.19,5.95,6.28,6.37,6.19,6.53,6.31,5.81,6.11,6.26,6.05,6.17,5.77,6.0,6.58,5.96,6.77,6.79,5.33,5.19,3.94,3.98,4.1,4.62,4.99,5.41,4.94,5.17,6.95,6.45,6.35,6.13,6.47,6.75,6.23,6.14,6.4,6.53,7.08,7.08,6.5,7.1,6.64,6.5,7.19,7.91,6.05,6.31,5.31,6.08,5.6,5.41,5.54,4.98,4.82,5.23,5.25,5.1,5.12,5.25,5.28
000620.SZ,3.08,2.84,2.97,3.23,2.75,3.19,2.73,1.63,1.62,1.62,1.61,1.66,1.67,1.67,1.81,1.77,2.23,2.21,1.85,1.89,1.39,1.6,1.77,1.99,1.75,1.83,1.48,1.6,1.8,1.68,1.59,1.59,1.68,1.71,1.67,1.51,1.62,3.02,3.16,3.2,3.57,3.27,2.55,3.24,2.2,2.34,2.78,2.64,2.91,3.19,2.92,2.88,2.03,1.85,1.79,2.08,2.05,2.06,2.39,2.93,2.41
000623.SZ,19.0,17.95,18.84,18.88,20.08,19.22,21.41,20.31,20.13,19.04,16.94,16.6,16.05,16.76,16.36,16.47,16.59,18.53,17.07,19.06,12.83,13.5,13.56,14.27,15.08,14.7,15.18,14.15,15.16,16.44,15.87,17.16,16.84,17.3,16.04,16.71,17.45,15.45,15.7,15.81,15.05,15.76,14.19,13.36,14.12,14.32,14.55,14.44,14.16,17.18,16.22,16.75,18.55,16.49,16.44,17.03,16.3,15.28,15.66,15.61,15.16
000625.SZ,9.45,10.03,10.88,11.01,11.83,11.93,12.42,12.32,12.46,12.82,12.74,12.59,12.39,13.04,13.0,12.69,12.97,14.24,13.49,15.2,11.7,14.21,13.58,13.52,14.77,17.74,14.78,12.78,16.24,19.18,15.04,13.93,12.88,15.83,13.83,11.87,12.0,12.02,13.58,14.79,12.34,13.75,11.68,12.02,14.41,20.1,18.14,14.52,11.52,11.38,13.27,12.98,15.39,17.29,20.54,17.7,19.93,18.99,18.81,23.79,16.98
000626.SZ,9.2,8.26,7.56,7.6,7.98,8.02,8.11,6.6,7.0,7.05,6.81,6.36,6.05,5.31,5.53,5.87,5.69,6.71,6.11,5.74,4.23,4.96,4.29,5.05,5.56,5.69,5.17,5.8,7.43,7.33,7.16,6.9,7.01,7.98,7.6,7.16,8.21,8.95,9.79,9.93,9.55,10.6,9.13,8.19,10.79,11.02,12.67,13.42,12.95,14.35,20.04,21.36,24.62,20.84,22.23,20.48,22.68,24.54,17.32,18.75,17.44
000628.SZ,66.11,51.5,57.08,49.81,45.59,44.65,50.11,55.7,55.54,44.3,42.19,44.01,48.3,46.64,51.5,55.01,56.09,59.01,64.76,54.43,35.23,43.94,43.87,47.2,46.03,76.5,73.0,38.5,49.69,65.12,42.35,17.96,15.41,16.31,15.82,14.69,14.77,15.56,14.78,13.62,11.46,12.79,11.3,11.28,13.61,17.48,16.99,14.14,10.7,12.05,11.66,9.54,11.1,10.39,7.84,8.45,8.36,7.7,8.25,8.62,8.67
000629.SZ,3.87,3.39,4.27,3.61,3.21,3.08,3.02,3.13,2.87,2.68,2.57,2.5,2.63,2.85,2.91,2.77,2.8,2.96,3.12,3.07,2.28,2.42,2.56,2.85,3.2,3.15,3.2,2.84,3.27,3.42,3.47,3.6,3.82,4.18,4.01,4.02,4.22,4.98,5.6,5.4,4.86,5.65,4.72,4.6,5.63,7.27,4.18,3.33,3.12,3.75,4.2,3.77,4.28,3.78,3.97,4.68,4.43,2.82,2.24,2.34,2.36
000630.SZ,6.5,5.98,8.42,7.44,5.82,5.42,5.18,5.9,4.59,3.51,3.4,3.18,3.21,3.44,3.24,3.27,3.18,3.47,3.52,3.88,3.02,3.16,3.69,3.87,4.07,3.97,3.26,3.06,3.31,3.05,3.09,3.22,3.33,3.31,3.0,2.92,3.32,3.2,3.45,3.59,3.16,2.94,2.59,2.58,2.89,3.04,3.25,3.19,3.54,3.7,3.89,3.47,3.53,3.48,3.67,3.85,3.97,3.64,2.67,2.9,2.95
000631.SZ,3.22,3.95,3.77,4.06,3.29,3.35,3.12,3.17,3.11,3.03,3.01,2.91,2.79,2.86,2.94,2.98,2.9,3.46,2.92,2.92,2.22,2.39,2.45,2.61,2.87,2.92,2.84,2.82,3.29,3.45,3.54,2.75,2.96,3.22,2.85,2.83,3.29,3.51,3.69,3.69,3.54,3.83,3.42,3.8,4.18,4.89,3.7,3.33,3.31,3.64,3.48,3.53,3.65,3.49,3.7,3.86,2.96,3.03,3.17,2.95,2.96
000632.SZ,3.71,4.74,5.07,4.98,5.6,6.27,4.6,3.84,3.95,3.97,4.08,3.65,3.54,3.32,3.42,3.54,3.67,4.47,3.5,3.48,2.56,2.78,2.71,3.07,3.25,3.66,3.37,3.63,4.61,4.78,4.27,4.21,4.36,4.74,4.27,4.12,4.28,4.42,4.74,4.98,4.65,4.93,4.04,3.83,4.25,4.3,4.89,4.18,3.5,4.91,3.85,3.7,3.81,3.48,3.11,3.44,3.37,3.27,3.52,3.9,3.52
000633.SZ,6.83,6.74,7.9,7.46,7.3,8.45,6.68,6.75,6.79,6.09,6.77,6.22,5.35,4.94,4.78,4.69,4.37,5.47,5.13,5.37,4.31,3.97,4.07,4.82,5.59,6.03,5.45,5.5,7.16,7.3,7.64,7.68,6.51,7.13,6.93,9.62,10.44,9.31,9.59,9.0,8.27,8.75,8.54,7.72,8.49,9.15,7.4,5.5,5.43,6.36,6.66,5.77,6.1,6.86,7.05,6.82,7.11,8.06,6.33,7.7,7.41
000635.SZ,8.19,8.57,9.99,9.69,8.77,9.24,8.83,8.31,8.75,9.0,8.96,8.42,8.11,8.04,7.63,7.68,7.69,8.62,8.85,7.21,5.96,6.04,5.9,6.46,7.09,7.53,7.92,7.25,9.17,8.92,8.78,8.5,8.57,9.3,9.63,8.5,9.01,9.77,10.37,9.44,8.87,9.61,8.16,8.32,10.7,10.09,9.19,10.99,7.69,9.99,9.52,9.43,11.93,13.24,10.79,14.02,12.85,11.5,10.68,10.94,9.24
000636.SZ,24.81,19.52,26.5,19.37,16.9,16.32,17.18,15.89,15.26,13.92,13.78,13.24,13.71,14.45,14.53,14.46,13.83,15.5,15.49,16.9,13.72,14.55,12.71,12.6,12.55,12.39,12.27,10.28,13.75,14.73,15.18,14.78,14.54,16.04,15.45,15.95,15.63,18.92,17.4,17.44,15.28,15.59,14.18,13.41,16.9,17.84,18.26,16.8,16.4,20.43,23.2,22.92,28.99,29.5,28.13,28.22,28.29,36.47,29.74,26.94,27.39
000637.SZ,4.77,4.6,5.42,4.55,4.29,4.73,4.75,4.2,4.37,4.16,4.19,3.81,3.57,3.54,3.63,3.68,3.69,4.08,3.66,3.66,3.15,3.21,3.26,3.53,3.38,3.25,3.33,3.33,3.33,3.66,3.57,4.31,3.39,3.4,3.48,3.23,4.25,4.75,5.27,5.52,5.45,4.65,4.46,4.48,4.83,4.75,4.87,4.53,4.06,5.07,5.03,5.16,4.95,4.32,4.07,4.91,4.53,4.05,3.81,4.03,3.85
000638.SZ,,1.27,2.31,2.33,4.91,6.42,7.54,3.65,4.84,4.02,4.52,5.04,3.08,4.95,5.07,4.97,4.64,5.78,5.97,4.84,3.65,3.7,3.48,3.94,4.36,5.71,5.05,5.2,6.9,6.87,6.5,6.06,6.41,6.9,6.04,5.91,6.06,6.6,7.66,7.34,7.33,7.86,7.86,5.47,5.48,5.45,5.82,5.88,5.02,5.61,5.87,5.16,4.88,5.09,4.71,4.75,5.17,4.4,4.89,6.09,5.18
000639.SZ,1.93,2.5,2.8,2.85,3.29,3.4,3.32,3.09,3.22,3.21,3.23,3.49,2.83,2.78,3.14,3.07,3.69,4.38,3.19,3.11,2.28,2.38,2.42,3.02,3.3,3.38,3.23,3.36,4.49,4.81,4.54,4.16,4.41,4.83,4.69,4.36,4.88,5.07,5.45,5.2,4.64,4.39,4.04,3.78,4.29,4.14,4.57,4.29,4.39,5.51,4.78,4.56,5.2,4.9,4.7,5.09,5.26,5.0,5.67,5.69,4.99
000650.SZ,5.69,5.86,5.92,5.84,6.11,6.0,6.3,6.07,6.41,5.94,5.49,5.63,5.41,5.61,5.54,5.62,5.63,6.03,5.7,6.64,5.39,5.66,6.09,6.65,6.78,6.62,6.44,5.66,6.73,6.94,6.88,7.04,6.82,6.54,6.24,6.56,6.74,6.34,6.67,6.46,6.48,6.72,6.36,5.5,5.86,5.98,6.5,5.92,6.15,7.62,7.66,7.44,9.46,8.53,9.58,8.66,8.93,9.85,11.11,12.48,8.67
000651.SZ,39.95,38.02,37.2,38.54,40.76,40.85,39.52,40.38,41.41,45.89,45.45,44.98,45.47,45.13,40.56,43.83,46.34,42.04,43.52,51.5,40.05,40.62,38.9,41.48,43.41,40.12,40.01,35.28,32.03,32.5,33.84,36.6,36.69,38.45,37.4,32.53,35.42,37.26,36.42,34.95,32.5,32.42,29.37,32.2,32.85,33.01,33.45,31.73,34.22,33.02,36.83,38.22,37.58,35.18,36.97,39.81,41.66,48.25,51.86,56.3,59.96
000652.SZ,4.35,3.99,4.18,4.14,4.19,4.46,4.27,4.18,4.37,4.32,4.15,3.97,3.75,3.88,3.94,3.83,4.06,4.58,4.58,4.4,3.04,3.16,3.01,3.25,3.59,3.59,3.54,3.57,3.92,4.11,4.05,4.07,4.16,4.54,4.19,4.12,4.27,4.44,4.39,4.19,4.19,4.09,3.92,3.64,4.12,4.18,4.03,3.75,3.6,4.6,4.19,4.11,4.43,4.09,3.96,4.11,4.06,4.18,4.26,4.7,4.17
000655.SZ,8.44,8.9,11.37,9.9,9.72,9.47,10.08,9.78,9.02,8.16,7.12,6.93,6.6,6.91,6.31,6.27,6.08,6.94,6.54,6.51,5.24,5.54,5.65,6.04,6.55,6.3,5.82,5.96,7.38,7.26,7.2,6.7,6.87,7.11,6.44,6.49,6.82,7.15,8.21,7.87,6.79,7.09,6.36,6.39,7.18,7.72,7.12,7.22,5.86,7.46,8.31,7.74,8.43,8.62,8.26,9.32,10.94,9.46,10.37,12.12,8.37
000656.SZ,1.41,1.37,1.41,1.48,1.45,1.48,1.38,1.37,1.33,1.42,1.41,1.5,1.39,1.38,1.46,1.46,1.66,1.64,1.33,1.25,1.16,1.15,1.22,1.37,1.19,1.41,1.55,1.43,1.76,1.86,1.61,1.66,2.23,2.49,1.22,0.83,1.42,1.6,1.91,1.98,1.91,2.37,1.79,2.07,2.52,2.56,2.85,3.07,4.52,5.14,4.51,4.4,4.52,4.18,4.35,5.08,5.01,4.3,5.88,6.03,6.51
000657.SZ,61.99,48.87,69.02,45.6,28.5,22.05,22.75,19.57,21.83,15.84,12.15,11.63,9.93,10.15,9.43,9.67,8.94,10.77,10.33,10.24,7.7,8.47,9.27,10.89,11.88,10.27,8.39,7.58,9.33,9.15,9.43,9.29,9.54,10.39,9.73,12.03,13.08,13.42,15.15,17.24,16.38,16.53,14.88,11.83,12.67,17.72,15.87,13.71,9.84,11.49,14.33,13.05,15.22,18.29,13.88,11.05,13.77,13.9,10.96,8.28,9.03
000659.SZ,4.04,4.57,4.59,4.54,3.94,3.07,2.85,2.87,2.73,3.0,2.9,3.15,3.42,3.08,2.64,2.55,2.76,3.04,2.65,3.12,1.96,1.9,1.33,1.58,1.85,2.06,2.09,1.92,2.43,2.72,2.78,2.94,3.05,3.25,2.68,2.88,3.06,3.34,3.42,3.2,3.22,3.26,3.43,3.03,3.45,3.84,3.09,3.53,3.06,3.57,3.79,3.64,4.19,4.09,4.16,4.17,4.51,4.48,3.32,3.32,3.79
000661.SZ,85.39,88.18,91.93,90.01,94.8,100.09,108.22,129.25,113.37,105.69,100.0,103.35,93.7,102.06,95.59,93.18,97.19,109.23,104.04,120.88,79.4,92.46,93.29,105.27,118.25,123.76,129.1,114.64,145.43,158.89,156.32,139.62,137.83,145.37,142.41,159.6,166.17,162.59,196.55,203.0,175.96,178.98,170.88,167.94,173.41,195.41,229.06,171.16,157.81,168.15,182.75,165.0,270.67,281.53,260.55,288.15,262.5,306.47,387.36,432.0,478.11
000663.SZ,6.84,6.79,7.98,7.59,7.42,8.76,7.53,6.52,6.59,6.97,7.01,6.49,5.69,5.62,5.65,5.32,5.38,6.24,5.82,5.82,4.15,4.32,4.33,5.04,5.8,6.52,6.4,6.5,8.4,8.71,8.7,8.87,10.28,10.76,11.97,9.35,9.52,9.3,9.36,9.15,8.59,8.74,7.01,8.25,8.85,9.64,6.98,7.45,5.76,7.19,8.0,7.9,9.33,10.33,9.97,10.8,11.09,9.66,11.45,8.34,5.6
000665.SZ,4.87,4.96,5.42,5.36,5.79,5.97,6.38,6.29,6.6,5.74,5.11,4.96,5.03,5.06,4.22,4.0,4.43,4.43,4.28,4.29,3.41,3.53,3.53,3.73,3.79,4.18,4.12,3.81,4.77,5.5,4.88,5.14,5.33,5.76,5.64,5.74,6.12,6.87,6.64,6.63,7.19,6.58,5.79,5.39,6.65,7.2,8.19,9.81,7.74,10.43,7.42,7.35,6.9,3.62,3.29,3.75,3.75,3.65,3.95,4.03,3.8
000669.SZ,4.08,5.03,4.41,3.08,2.94,3.26,3.18,3.0,3.23,3.24,2.6,2.37,1.95,1.85,2.0,2.11,2.0,1.91,1.6,1.5,1.39,1.36,1.33,1.52,1.58,1.57,1.57,1.83,2.29,2.29,1.85,2.01,1.95,1.96,1.78,1.67,1.85,2.01,2.06,1.89,1.71,1.91,1.71,1.7,1.81,1.84,1.66,1.77,1.81,2.3,2.54,2.39,2.59,2.48,2.18,2.47,2.73,1.99,2.19,1.98,2.07
000670.SZ,7.79,8.64,8.21,8.41,7.73,7.8,8.34,9.24,9.6,7.45,7.42,6.68,6.85,6.48,7.2,6.81,7.54,8.08,6.6,6.37,4.35,4.87,4.43,4.9,5.12,5.74,5.71,4.89,6.71,7.29,7.19,6.02,6.25,6.56,6.19,6.92,7.21,8.75,8.6,9.63,7.23,8.26,9.72,6.78,10.36,13.24,,,,,,,,,,,,,,,
000672.SZ,14.43,13.1,14.39,14.49,13.06,10.96,10.94,11.03,8.78,8.81,8.03,8.12,8.84,7.88,7.26,7.0,7.54,8.23,8.65,8.05,6.36,6.39,6.18,6.71,7.07,7.46,7.63,7.27,8.08,8.36,8.68,9.07,9.34,10.36,9.24,9.51,11.24,11.92,13.66,12.36,10.85,11.7,10.3,12.46,14.55,14.6,15.68,15.42,21.4,21.77,21.96,21.76,20.42,17.74,17.75,19.04,20.12,17.09,17.82,20.06,20.02
000676.SZ,7.47,7.67,8.49,9.51,8.85,9.3,9.36,9.93,12.76,8.89,9.09,8.37,8.21,8.12,8.58,8.62,8.23,10.14,10.53,8.61,5.88,5.78,6.08,5.91,6.82,7.42,7.42,6.52,8.59,8.62,8.45,6.38,6.08,6.48,6.95,7.53,6.76,6.88,6.24,5.8,5.48,5.75,5.58,5.1,5.87,5.82,5.6,5.45,5.21,7.07,7.52,6.73,8.11,7.13,6.09,6.75,7.06,5.5,5.88,6.7,6.18
000677.SZ,3.63,5.08,4.0,4.02,4.39,4.43,4.68,4.82,5.34,5.35,5.87,6.25,4.57,3.85,3.81,3.98,4.02,4.7,6.12,3.26,2.47,2.74,2.74,2.56,2.92,3.12,2.4,2.53,3.37,3.21,3.19,2.87,2.86,2.94,2.73,2.75,2.8,2.94,3.22,3.19,3.04,3.37,3.05,3.35,3.06,3.11,3.07,3.06,2.97,3.43,3.77,3.8,3.4,3.27,3.11,2.99,3.16,2.97,2.78,2.97,2.85
000678.SZ,11.8,12.97,13.06,13.93,15.02,14.66,13.71,13.71,15.39,15.72,15.41,15.21,12.64,11.89,7.88,6.44,6.93,6.27,5.8,5.9,4.18,3.94,3.77,4.21,4.96,5.73,5.45,4.92,7.12,6.81,6.27,6.67,7.68,6.94,8.88,5.47,5.2,5.72,6.44,6.99,5.79,6.69,5.73,5.32,6.09,10.65,5.25,4.83,4.26,5.24,5.16,4.72,4.79,4.67,4.37,4.92,5.26,4.86,5.13,4.77,4.77
000679.SZ,7.11,6.66,7.13,7.08,7.14,8.56,9.1,7.8,9.58,10.13,6.36,6.29,6.23,6.34,7.42,6.42,7.0,6.08,4.01,4.13,2.98,3.07,2.38,2.81,3.39,4.24,3.9,4.67,5.81,5.97,5.47,5.94,5.57,5.81,5.15,4.91,5.16,5.26,5.84,5.78,6.97,5.24,4.65,4.48,4.89,4.42,4.49,4.2,4.1,4.43,4.22,4.01,4.47,4.01,4.01,4.12,3.77,3.54,4.09,4.56,3.93
000680.SZ,12.3,11.68,13.5,11.72,12.27,10.46,11.09,10.23,9.68,9.89,9.06,8.91,8.79,9.13,9.76,9.73,9.58,10.42,9.66,8.33,6.7,6.89,9.45,8.27,8.9,8.29,6.38,5.58,4.99,5.16,5.1,4.76,4.88,5.33,5.73,4.95,4.62,4.75,4.97,4.6,4.2,4.5,4.25,4.0,4.55,5.22,5.72,5.1,4.07,3.99,4.26,4.06,4.3,4.05,3.81,4.24,4.48,3.89,3.92,4.06,4.17
000682.SZ,13.17,12.33,13.99,13.26,12.13,11.59,12.82,12.38,11.56,10.37,10.26,9.19,9.72,10.0,9.56,9.57,10.31,11.01,11.27,12.58,10.33,11.16,11.35,11.79,10.82,9.4,8.59,7.14,8.12,7.96,7.56,8.39,8.56,9.27,9.77,9.03,8.94,8.84,9.13,8.72,8.45,8.52,8.39,6.98,7.8,8.11,6.76,6.62,5.55,5.95,7.54,7.41,8.34,7.73,6.42,6.52,5.12,4.71,4.78,4.54,4.56
000683.SZ,8.95,8.5,9.59,7.71,7.3,7.22,6.6,6.41,6.63,5.74,4.77,5.04,5.14,5.57,5.63,5.55,5.47,5.83,6.75,6.67,5.73,6.72,7.31,7.2,7.75,5.9,6.05,5.22,5.85,6.38,6.8,7.1,7.44,7.44,7.24,6.46,7.26,8.62,9.5,9.31,7.95,8.28,6.66,7.07,8.52,9.06,10.41,9.92,8.99,9.44,9.12,9.13,7.5,7.72,7.32,9.05,11.83,7.31,4.61,4.33,3.06
000685.SZ,11.84,11.12,11.99,12.53,11.82,12.25,12.29,12.85,10.23,9.78,8.79,8.51,8.59,8.94,8.91,8.68,8.86,9.07,8.75,9.94,7.36,7.47,7.32,7.44,7.84,7.74,7.67,7.17,7.4,7.29,7.33,7.47,7.45,8.12,7.67,7.69,7.64,7.09,7.31,7.27,7.02,7.18,6.62,6.56,7.3,7.41,7.75,7.65,7.49,8.12,8.38,8.3,9.02,8.58,8.62,9.82,9.03,7.86,8.15,8.42,8.23
000686.SZ,8.79,8.14,8.87,8.97,9.41,9.21,8.98,8.79,8.66,8.19,7.63,7.43,7.62,7.9,7.88,7.71,7.63,8.44,8.6,9.02,5.67,6.0,5.58,6.38,6.87,6.93,7.21,6.58,7.04,7.33,7.56,7.55,7.9,8.19,7.17,7.16,7.72,6.89,6.9,7.11,6.48,7.03,6.6,6.4,6.96,6.91,6.88,6.43,6.43,7.86,8.27,8.55,8.85,8.86,8.74,8.73,8.7,7.96,8.26,8.78,8.17
000688.SZ,50.79,39.05,36.79,26.74,28.85,24.72,18.28,15.6,14.79,13.61,13.2,12.33,12.0,11.94,12.85,12.14,11.4,14.05,11.91,13.18,9.28,10.0,9.44,12.46,14.16,11.96,9.91,8.81,10.37,10.37,10.61,10.81,12.65,15.2,15.45,16.47,17.49,16.83,17.03,18.02,17.14,18.9,16.04,16.37,18.13,19.08,15.86,15.78,14.97,16.38,18.17,13.5,13.61,13.96,9.99,10.21,12.1,9.53,8.61,9.51,9.21
000690.SZ,5.46,4.9,4.69,4.34,4.21,4.38,4.77,4.73,4.62,4.66,4.61,4.29,4.32,4.18,4.2,4.18,4.34,4.65,4.63,5.01,4.03,4.66,5.17,5.1,5.73,5.09,4.92,4.75,4.52,4.68,4.83,5.43,5.78,6.72,7.19,7.71,6.82,5.89,6.03,6.28,6.69,6.54,5.41,4.75,5.03,4.93,4.37,4.33,4.17,4.88,5.26,5.2,6.1,5.51,5.66,6.45,5.61,5.19,5.08,5.4,5.43
000691.SZ,7.71,7.93,8.71,8.3,7.4,10.44,12.32,12.58,6.63,6.67,4.27,4.6,3.51,2.92,3.13,2.99,3.41,4.63,4.5,5.02,3.77,3.66,3.72,4.0,3.67,4.08,3.38,3.86,5.28,5.0,4.7,4.5,4.8,4.95,4.8,4.09,4.3,4.58,5.06,5.18,4.66,4.75,4.44,4.17,4.72,4.41,4.32,4.13,3.94,5.38,4.9,4.67,4.82,4.66,4.45,4.98,4.98,4.66,5.16,5.37,5.27
000692.SZ,5.1,4.47,3.97,3.72,3.46,3.7,3.83,3.48,3.62,3.68,3.57,3.54,3.44,3.35,3.36,3.4,3.52,3.82,3.44,3.29,2.88,3.03,3.07,3.04,2.72,2.59,2.76,2.94,3.33,2.68,2.55,2.74,2.65,2.56,2.59,2.33,2.77,3.05,3.62,3.35,3.44,3.82,3.56,3.68,4.23,3.95,3.65,3.81,3.25,4.32,4.06,4.17,3.95,3.89,3.44,3.92,3.14,3.0,3.39,3.38,3.66
000695.SZ,15.89,13.01,12.96,12.07,12.87,17.34,11.18,11.28,12.86,11.84,13.13,15.9,10.34,9.94,12.23,9.4,10.2,12.29,9.92,10.89,10.36,9.48,8.04,7.97,8.79,8.78,8.62,8.29,11.18,11.18,11.36,11.43,12.36,13.3,13.52,13.7,14.67,15.1,14.71,14.22,14.67,12.71,11.18,11.41,11.23,9.23,9.01,8.23,7.78,9.56,9.26,9.51,10.87,9.67,10.13,11.2,8.66,7.61,5.81,6.09,5.51
001696.SZ,17.5,19.55,22.18,20.08,22.15,22.55,23.6,24.89,26.02,23.03,22.29,22.2,21.75,22.08,23.48,23.12,23.12,29.69,30.3,16.23,12.02,14.26,10.71,12.29,11.46,8.26,5.91,5.38,6.82,6.79,6.34,6.85,6.68,7.17,7.08,6.71,6.55,6.87,7.19,7.12,6.07,6.47,6.55,5.93,6.88,7.03,6.16,6.06,5.58,5.97,6.6,6.49,7.39,7.16,6.57,6.86,7.43,7.37,7.96,7.04,6.98
000697.SZ,10.69,9.38,10.05,8.71,8.83,8.7,8.32,9.06,9.16,7.84,7.97,7.0,6.3,8.08,7.14,7.6,8.29,8.45,8.15,7.37,5.32,6.62,5.91,7.29,6.83,7.61,5.88,5.38,6.64,6.08,4.9,5.07,5.05,6.21,6.35,6.42,6.66,6.57,6.69,7.25,7.34,7.77,7.96,7.28,7.01,8.05,7.87,7.06,6.32,7.36,8.03,7.61,8.64,8.89,7.93,8.09,9.06,8.75,7.98,7.8,7.14
000698.SZ,3.85,3.85,4.14,3.95,3.69,3.85,3.93,3.79,4.27,4.06,3.87,3.75,3.65,3.42,3.27,3.25,3.32,3.78,3.33,3.34,2.63,3.09,3.08,3.4,3.86,3.76,3.44,3.55,4.64,4.25,4.21,4.04,4.19,4.47,4.16,4.11,4.39,4.52,5.1,5.17,6.09,4.5,3.97,4.02,4.41,4.25,4.44,4.59,4.17,4.9,5.36,5.33,5.97,5.93,5.66,6.56,6.76,6.12,6.51,7.11,6.98
000700.SZ,12.33,12.13,13.3,14.33,14.45,10.43,10.04,11.0,9.27,7.71,7.61,7.23,7.41,7.85,7.3,6.89,6.96,7.52,6.81,7.25,5.74,5.81,5.3,5.68,6.91,7.31,6.15,5.15,6.94,7.79,7.95,7.06,7.35,7.01,5.57,4.94,5.13,5.63,5.79,5.42,4.72,4.95,5.33,4.44,5.47,5.72,5.3,4.65,4.32,4.49,4.79,4.8,5.17,5.02,4.51,5.08,6.0,5.74,5.5,5.99,5.13
000701.SZ,6.1,5.98,6.12,6.15,6.5,7.21,6.09,5.61,6.05,6.12,6.45,5.57,5.2,4.81,4.73,4.6,4.61,5.43,4.76,4.55,3.45,3.85,3.8,4.06,4.4,5.8,4.17,4.07,6.13,6.33,5.81,6.3,7.4,6.6,6.67,6.43,6.27,7.15,7.39,7.96,6.21,6.19,5.36,5.03,5.83,6.04,6.25,6.48,5.8,5.92,6.32,5.36,5.52,5.1,4.68,5.07,5.0,5.16,5.52,5.25,4.81
000702.SZ,7.08,6.69,6.95,6.85,6.66,7.18,7.3,7.08,7.9,7.56,7.25,6.94,6.55,6.74,7.07,7.05,6.66,8.6,8.6,6.19,4.58,4.29,4.42,5.53,4.27,4.6,4.09,4.8,6.38,6.03,5.87,5.46,6.07,6.03,5.54,5.21,5.23,5.65,6.17,6.01,5.7,6.41,5.85,6.05,7.49,6.25,5.46,5.24,4.48,5.67,5.45,4.75,5.21,4.8,4.36,4.72,4.57,4.37,4.77,5.0,4.86
000703.SZ,18.23,12.68,13.21,11.09,10.4,7.46,6.66,6.66,6.55,5.99,5.88,6.09,6.07,6.03,6.1,6.07,6.01,6.25,6.31,7.22,5.95,6.35,7.23,7.06,7.76,6.77,6.89,6.19,6.69,6.79,7.18,7.23,7.78,7.28,6.84,6.74,7.59,8.17,8.13,8.01,6.97,7.25,6.71,7.59,9.15,9.4,10.4,10.33,7.97,8.52,9.9,10.2,10.72,10.53,10.86,11.64,11.78,12.59,12.06,13.19,13.45
000705.SZ,8.24,9.07,9.03,9.34,9.18,9.73,9.72,9.78,9.33,9.57,8.53,8.58,7.95,8.15,7.76,7.68,7.77,8.69,8.05,8.66,7.04,7.4,7.19,7.49,8.79,7.92,7.61,7.43,10.9,9.06,8.78,8.45,8.48,8.21,8.07,8.28,8.31,8.11,8.75,8.3,8.09,8.7,8.32,7.21,7.84,7.85,8.29,8.21,7.32,8.77,8.12,7.6,9.75,7.39,7.12,7.9,7.63,7.29,7.55,7.91,8.1
000707.SZ,5.92,6.1,6.58,6.28,6.1,6.42,6.48,6.38,6.49,6.58,6.37,6.29,6.18,7.11,7.05,7.0,7.24,7.97,7.58,8.32,6.72,6.6,7.04,7.57,7.92,7.14,6.86,6.61,8.1,7.99,7.46,7.81,8.38,8.76,8.6,8.09,8.98,9.27,10.45,10.82,9.7,10.16,9.14,8.7,10.88,11.89,16.92,15.05,12.2,11.49,9.83,8.25,7.71,7.48,7.32,9.02,7.91,4.97,4.2,2.59,2.66
000708.SZ,15.49,16.55,17.74,14.78,16.1,15.9,14.92,13.85,13.19,12.81,11.74,11.22,11.82,12.65,12.19,11.47,11.26,11.93,12.23,13.98,11.35,12.36,13.88,14.56,15.88,14.92,14.69,13.65,14.18,14.11,14.62,14.98,14.79,16.7,15.97,15.3,16.4,17.77,20.38,18.83,17.18,18.34,16.35,17.65,19.26,19.95,19.89,19.9,18.56,19.79,22.73,23.14,20.93,20.52,19.36,20.87,25.37,22.22,21.19,23.51,26.44
000709.SZ,2.39,2.35,2.7,2.35,2.33,2.31,2.52,2.67,2.44,2.39,2.19,2.15,2.2,2.24,2.21,2.12,2.15,2.28,2.26,2.31,1.81,1.95,1.96,2.09,2.23,2.17,2.18,2.06,2.15,2.18,2.23,2.28,2.3,2.47,2.27,2.31,2.33,2.32,2.53,2.44,2.29,2.43,2.22,2.27,2.44,2.78,2.29,2.35,2.33,2.39,2.58,2.48,2.51,2.36,2.49,2.77,3.03,2.55,2.43,2.49,2.75
000710.SZ,10.0,10.72,11.85,11.83,12.08,12.16,13.89,13.18,15.14,14.68,13.68,15.3,12.73,13.84,14.17,8.42,8.33,9.94,8.9,9.4,7.05,7.61,7.33,8.01,8.97,9.68,8.29,8.19,11.34,14.5,10.83,10.14,9.99,11.05,11.43,11.99,13.06,13.67,12.89,12.43,11.65,12.82,12.69,11.28,13.16,12.99,14.5,13.0,13.41,16.4,17.08,16.44,20.06,22.24,18.86,22.01,22.81,26.6,29.07,33.82,29.0
000711.SZ,5.17,3.74,3.82,2.23,1.74,1.77,1.76,1.75,1.85,1.68,1.82,1.73,1.86,1.78,1.65,1.72,1.6,1.83,1.81,1.67,1.69,1.64,1.79,2.05,1.78,1.73,1.61,1.7,2.04,2.12,1.88,1.94,1.99,1.83,2.08,1.41,1.65,2.59,2.9,2.78,2.9,2.64,3.03,2.25,2.64,2.64,2.7,2.8,2.77,3.45,3.83,4.37,2.86,2.79,2.61,3.08,3.38,3.62,2.57,2.54,2.29
000712.SZ,10.51,10.33,12.49,12.23,12.19,12.94,13.83,14.17,15.13,14.32,12.99,12.07,11.58,12.51,13.25,12.96,14.25,17.75,12.56,16.12,9.47,12.98,7.52,9.64,11.03,12.19,12.35,11.71,14.22,15.38,15.0,12.73,13.71,13.57,12.53,12.88,13.69,14.02,14.51,13.9,12.83,13.74,13.18,13.11,14.27,14.79,14.8,13.78,13.53,15.33,15.16,14.0,15.77,15.56,16.06,15.38,15.84,16.37,16.42,17.25,14.72
000713.SZ,6.45,6.51,7.07,6.98,6.68,6.97,6.93,6.87,7.16,7.15,7.06,7.02,7.19,7.1,7.27,7.41,6.93,7.77,7.69,6.76,5.46,5.48,5.58,6.06,6.42,6.76,7.39,6.68,7.77,8.5,8.19,8.82,8.83,9.33,8.86,8.96,9.22,9.74,9.03,9.43,9.05,8.82,8.44,8.12,9.28,8.72,9.26,10.51,8.76,9.62,9.67,9.0,9.93,9.05,8.83,9.68,9.07,9.93,8.78,13.09,13.12
000715.SZ,5.88,5.86,6.24,6.33,6.19,6.66,5.87,5.47,6.06,6.03,5.71,5.56,7.17,7.14,6.4,6.11,7.32,6.9,6.59,6.0,4.76,4.91,4.83,5.43,6.27,7.73,6.35,6.34,7.47,8.04,7.43,7.1,8.14,8.42,7.42,7.65,8.36,7.71,6.84,6.42,8.03,5.6,4.81,5.0,5.17,5.38,5.41,5.89,6.82,5.38,5.07,4.79,5.03,4.68,4.45,4.74,4.69,4.65,4.71,5.12,4.79
000716.SZ,5.17,5.29,5.94,6.18,6.29,6.19,6.25,6.14,6.61,6.54,6.14,6.62,6.45,6.25,6.96,6.73,7.57,8.88,4.88,4.65,3.61,3.74,3.65,4.24,4.79,5.14,5.0,4.74,6.11,6.63,6.26,6.71,7.23,7.79,6.85,6.64,7.21,8.72,9.78,8.49,8.8,5.08,4.28,4.15,5.43,3.37,3.42,3.83,3.07,3.36,3.21,3.13,3.54,3.28,3.22,3.38,3.22,3.14,3.23,3.43,3.17
000717.SZ,2.49,2.49,2.78,2.48,2.56,2.61,2.74,2.78,2.85,3.0,2.47,2.44,2.55,2.68,2.95,2.52,2.68,2.87,2.91,3.18,1.64,1.74,1.73,2.03,2.21,2.38,2.64,2.4,2.56,2.85,2.94,2.89,2.93,3.17,2.81,2.85,2.78,2.74,3.02,2.96,2.87,3.07,2.76,2.99,3.27,3.41,3.5,3.69,3.64,4.44,4.79,4.68,4.83,4.15,4.45,5.28,5.45,4.53,4.53,5.02,5.49
000718.SZ,2.17,2.11,2.3,2.3,2.3,2.5,2.66,2.62,2.24,2.17,2.16,2.18,2.16,2.17,2.27,2.24,2.34,2.53,2.35,2.51,1.73,1.7,1.75,1.95,2.06,2.11,2.35,2.34,2.59,2.8,2.75,2.79,3.01,3.19,2.76,2.78,2.97,3.12,3.35,3.3,3.35,3.48,3.07,3.06,3.53,3.54,3.56,3.62,3.52,4.53,4.1,4.14,4.79,4.45,4.74,4.92,5.19,5.8,8.7,10.57,7.0
000719.SZ,13.49,13.19,13.29,12.55,11.93,12.35,12.2,11.68,12.52,13.04,12.49,13.14,12.49,11.47,10.71,11.21,11.36,11.15,10.49,12.81,10.54,10.15,10.59,10.52,10.56,12.81,10.2,9.08,9.76,10.55,10.02,10.43,13.36,10.66,11.15,12.5,15.32,11.05,9.05,8.45,8.32,8.0,7.2,7.46,8.0,6.99,7.39,7.43,6.99,8.55,7.83,7.9,8.27,7.24,6.97,6.9,6.81,6.46,6.54,6.91,6.96
000721.SZ,7.48,7.91,8.43,8.77,9.08,9.3,8.75,8.66,10.55,8.51,8.64,8.69,8.97,8.91,9.73,8.38,10.73,10.53,9.08,8.79,6.52,7.04,7.1,7.91,8.55,9.32,8.92,8.42,10.96,12.38,10.73,12.13,13.54,14.67,12.72,11.79,13.12,15.73,14.87,14.29,15.78,7.99,5.28,4.14,4.53,4.35,4.75,4.34,3.97,5.07,4.45,4.3,4.19,3.7,3.63,4.02,4.1,3.8,4.25,4.27,4.09
000722.SZ,14.45,14.03,13.4,12.73,11.95,12.52,13.0,12.31,12.76,12.36,13.29,13.3,11.4,11.88,9.58,9.15,9.24,11.02,10.14,10.49,8.1,8.84,9.57,10.15,10.06,9.41,8.86,8.38,9.85,10.02,10.01,10.3,11.06,12.31,11.74,12.0,11.26,12.58,13.57,13.68,13.61,15.78,12.48,11.67,14.26,15.27,13.99,16.89,16.62,9.22,8.56,7.54,9.04,8.08,7.74,8.03,6.87,6.43,7.02,8.44,7.11
000723.SZ,4.46,4.76,5.29,4.66,4.73,5.18,5.33,4.93,4.93,4.57,4.3,4.22,4.3,4.52,4.2,4.15,4.37,5.04,5.12,5.42,3.99,4.38,4.86,5.4,6.3,6.58,7.55,5.18,6.77,7.23,6.99,7.01,7.3,8.05,7.68,7.26,7.99,9.19,9.46,9.73,9.14,9.87,9.02,9.43,11.31,11.61,12.13,11.46,10.44,12.88,14.47,13.75,16.29,14.85,11.59,10.82,13.37,8.91,7.25,7.53,8.26
000725.SZ,4.18,4.01,4.49,4.24,4.23,3.9,4.06,4.28,4.2,4.03,3.99,3.8,3.88,4.2,4.34,4.51,4.24,4.32,4.46,4.72,3.83,3.91,4.11,4.09,4.52,4.34,4.11,3.67,3.87,3.87,3.75,3.92,4.0,4.22,4.16,3.96,4.03,4.5,4.23,4.05,3.45,3.57,3.49,3.27,3.62,3.87,3.93,3.77,3.78,4.31,4.7,4.93,5.08,4.88,4.98,5.31,5.78,5.9,6.07,6.36,7.01
000726.SZ,6.56,7.1,7.57,7.45,7.11,7.21,7.19,6.71,6.91,6.81,6.39,6.39,6.18,6.14,5.96,6.25,6.46,6.89,6.3,6.8,5.4,5.63,6.67,7.0,6.39,6.28,6.25,6.06,6.58,6.74,6.72,6.64,6.72,7.03,6.83,6.58,7.1,8.18,8.55,8.11,7.39,7.97,7.59,7.65,7.73,7.7,7.33,7.04,6.85,6.45,6.71,6.83,6.6,6.15,6.04,6.16,5.75,5.58,5.97,6.33,6.11
000727.SZ,2.74,2.65,2.64,2.48,2.57,2.89,2.62,2.79,2.72,2.4,2.42,2.33,2.44,2.71,2.84,2.69,2.7,3.14,2.95,2.5,1.94,2.0,2.07,2.13,2.36,2.63,2.58,2.27,2.65,2.72,2.7,2.68,2.37,2.36,2.13,2.07,2.06,2.29,2.26,2.14,2.0,2.16,2.09,1.75,2.11,2.25,2.28,2.28,2.08,2.44,2.68,2.76,3.08,2.69,2.52,2.5,2.63,2.46,2.6,2.76,2.77
000728.SZ,7.42,7.73,8.21,8.12,8.44,8.24,8.69,9.18,9.14,8.51,7.86,7.62,7.53,7.82,8.0,7.94,7.95,8.55,8.4,9.76,6.26,6.69,6.09,6.38,6.86,6.66,7.02,6.3,6.79,6.96,6.91,6.7,6.96,7.4,6.63,6.69,7.13,6.92,7.06,7.3,6.38,6.94,6.44,6.38,7.13,6.37,6.11,5.76,5.99,7.42,7.12,7.23,7.73,7.5,7.46,7.81,8.03,7.31,7.74,7.98,7.69
000729.SZ,13.4,12.92,12.73,12.07,11.79,12.16,11.74,12.08,12.54,12.43,13.03,14.25,12.99,12.46,11.72,11.1,11.94,10.4,10.1,11.13,9.53,9.52,8.82,9.43,10.14,9.46,8.68,8.15,8.65,9.71,10.41,9.99,10.4,11.2,12.37,11.6,12.7,13.94,13.48,11.26,10.35,10.01,8.97,9.01,9.16,8.59,9.46,7.53,6.93,7.36,8.36,7.42,8.49,6.81,6.91,6.72,6.71,6.38,7.15,7.6,7.31
000731.SZ,7.13,7.28,8.6,6.69,6.59,6.76,6.99,6.81,7.09,7.01,6.94,6.84,6.79,7.28,7.1,7.24,7.21,8.29,7.2,7.8,6.58,6.49,6.77,6.88,7.27,6.89,6.9,6.56,7.46,7.31,7.38,7.38,7.56,8.35,8.16,8.01,8.43,8.12,8.74,8.67,8.06,8.45,7.98,8.62,9.49,9.64,9.3,9.4,8.87,9.61,9.62,9.14,10.3,8.87,10.12,11.16,7.47,6.43,5.31,5.45,5.5
000733.SZ,43.5,45.99,57.18,53.83,53.51,47.69,51.19,50.84,50.98,47.65,50.04,46.15,50.59,55.7,43.81,41.44,39.85,46.13,45.77,48.04,36.24,40.22,40.46,44.31,47.47,54.96,58.71,45.7,57.8,64.43,66.28,79.06,90.93,90.84,97.48,90.14,90.05,92.26,103.25,114.2,119.56,115.44,131.28,112.04,114.72,120.2,135.1,120.89,111.31,113.48,118.27,109.67,117.65,113.8,109.82,95.97,103.35,85.97,59.19,56.45,48.4
000735.SZ,6.59,6.72,7.68,7.98,8.71,8.47,8.06,6.28,6.31,6.29,6.13,5.64,5.98,6.08,6.16,6.19,6.38,7.38,5.92,5.96,4.78,4.92,4.45,4.88,4.99,5.37,5.26,4.81,5.8,5.84,5.69,5.64,6.05,6.85,6.6,6.93,7.52,8.18,8.15,7.11,7.05,6.89,6.42,6.48,6.9,6.63,6.83,6.85,5.87,6.85,6.85,6.73,7.28,6.91,6.88,7.24,6.86,6.87,7.83,8.34,8.32
000736.SZ,5.42,5.06,5.32,5.42,5.44,5.94,5.89,4.85,4.95,4.8,4.58,4.52,4.11,5.28,7.0,6.35,8.49,10.35,10.75,12.71,7.14,8.05,9.26,9.55,9.97,10.5,10.03,9.25,9.67,10.8,11.15,11.55,13.57,14.96,14.42,13.09,12.75,14.53,17.05,17.38,18.27,22.52,10.47,13.49,13.14,13.45,15.52,17.34,22.87,15.55,7.5,7.04,6.51,5.04,4.94,5.89,6.29,5.37,6.36,7.05,6.58
000737.SZ,14.88,13.58,18.65,17.54,15.55,14.89,15.09,17.56,13.12,10.69,11.53,8.87,9.17,10.52,8.82,9.27,7.61,8.85,10.02,10.6,8.18,9.0,9.4,10.62,10.4,8.92,5.3,4.93,5.9,5.56,5.56,5.51,5.44,6.07,5.55,5.46,5.95,6.38,6.82,6.48,5.23,5.61,4.75,4.89,5.54,6.3,6.31,6.02,5.95,6.45,8.42,7.64,7.65,7.71,7.19,8.13,8.05,7.99,8.66,7.06,6.15
000738.SZ,21.4,21.59,28.29,23.51,21.37,18.98,18.77,20.01,20.94,20.9,20.7,19.65,18.18,19.23,18.93,19.56,20.9,21.96,23.18,23.59,18.46,21.62,19.97,20.5,19.5,18.18,17.75,15.01,19.67,20.46,20.77,21.4,22.25,23.21,24.5,23.76,23.91,24.38,25.36,26.1,26.24,27.53,29.02,25.06,26.64,27.21,27.8,27.91,24.72,23.12,25.5,23.48,29.51,30.13,26.9,24.63,25.15,21.59,19.72,20.4,18.41
000739.SZ,17.9,18.41,17.84,17.84,16.31,16.18,15.32,16.29,16.06,15.99,14.19,14.39,13.99,15.43,17.12,15.14,15.56,16.63,16.1,18.07,14.95,14.63,13.7,14.41,14.85,12.86,14.01,11.98,15.49,16.45,17.06,18.07,17.54,17.68,17.78,18.49,21.03,21.69,23.65,23.78,21.76,21.18,21.6,16.55,18.16,18.77,21.03,20.5,19.65,29.87,29.24,28.0,32.72,40.97,33.69,38.22,32.95,28.13,28.51,26.72,29.77
000750.SZ,3.97,3.84,4.16,4.16,4.26,4.24,4.55,4.63,4.54,4.19,4.08,3.79,3.87,4.0,4.11,4.05,4.08,4.71,4.71,5.31,2.87,3.09,2.93,3.08,3.36,3.39,3.55,3.2,3.5,3.68,3.57,3.65,3.76,4.16,3.39,3.41,3.59,3.45,3.52,3.61,3.34,3.5,3.34,3.2,3.55,3.48,3.61,3.42,3.34,3.79,3.92,3.95,4.15,3.94,3.91,3.96,4.22,3.98,4.16,4.38,4.22
000751.SZ,6.35,5.34,7.68,6.19,4.12,4.01,3.92,4.03,3.69,3.32,3.17,2.95,2.92,2.94,2.82,2.82,2.76,3.15,3.18,3.22,2.52,2.6,2.67,2.91,3.16,3.2,2.8,2.71,3.29,3.29,3.26,3.19,3.34,3.74,3.34,3.29,3.33,3.28,3.41,3.43,3.07,3.17,2.96,2.99,3.3,3.49,3.36,3.24,3.07,3.65,3.96,3.69,3.94,3.94,3.84,4.18,4.89,3.65,3.18,3.52,3.58
000752.SZ,9.63,10.18,10.39,10.9,10.83,12.44,11.39,10.7,10.81,9.15,8.49,8.66,8.26,7.92,7.85,8.32,8.59,7.88,6.47,6.69,6.67,7.12,6.71,6.48,6.38,6.27,6.51,6.77,7.22,7.04,6.76,9.98,7.8,5.82,4.07,4.04,3.98,4.04,4.23,3.91,4.03,3.88,3.5,3.41,4.11,4.52,4.59,4.59,3.56,4.87,5.24,4.46,5.33,5.7,5.85,5.43,5.92,5.74,6.9,4.46,3.94
000753.SZ,6.77,7.07,7.42,7.0,7.87,8.73,8.36,7.2,7.39,5.47,5.02,5.24,5.44,5.26,4.32,4.05,4.39,5.81,3.49,3.4,2.69,2.84,2.84,3.15,3.41,3.47,3.4,3.35,4.28,4.51,4.55,4.5,4.32,4.67,4.94,4.06,4.32,4.27,4.7,4.5,4.1,4.58,3.92,3.79,3.93,4.41,3.92,4.09,3.18,3.87,3.6,3.47,3.57,3.04,2.69,2.8,2.7,2.54,2.61,2.79,2.76
000755.SZ,5.07,5.21,5.47,5.26,5.06,5.41,5.29,4.83,4.87,4.97,4.91,5.09,5.14,4.91,4.71,4.68,5.01,4.95,4.7,5.02,4.25,4.28,4.23,4.32,4.74,4.54,4.5,4.53,4.64,4.69,4.62,4.77,4.76,5.18,4.94,4.91,5.31,5.54,5.93,6.52,5.61,5.73,4.92,4.99,5.36,8.38,4.09,4.22,3.92,4.46,4.78,4.38,4.68,4.3,3.87,3.82,3.59,3.22,3.32,3.59,3.38
000756.SZ,14.13,15.14,15.51,15.73,15.82,17.64,15.95,15.68,16.3,16.93,15.27,15.53,13.92,15.48,14.82,15.24,15.23,16.34,15.77,17.65,14.5,14.88,14.67,15.34,16.51,17.12,17.41,15.84,20.31,21.66,21.16,20.16,19.72,20.72,21.69,23.2,26.2,24.27,31.44,27.92,30.95,21.72,19.13,19.1,18.2,21.05,26.38,30.0,15.11,9.05,9.7,9.06,11.15,8.77,7.56,7.98,8.11,8.11,8.7,9.12,9.15
000757.SZ,4.9,4.78,5.16,5.09,4.85,5.11,5.92,5.85,4.84,4.89,4.56,4.52,4.28,3.87,3.86,3.84,3.76,4.39,3.51,3.73,2.73,2.96,2.48,2.99,3.39,3.76,3.34,3.69,4.83,5.47,4.88,4.41,4.24,4.44,4.19,4.06,3.94,4.52,4.47,4.47,4.36,4.24,3.99,3.84,4.5,4.9,4.35,4.01,3.52,4.44,4.36,4.34,4.73,4.37,4.04,4.26,3.95,3.74,3.84,3.9,3.83
000758.SZ,7.27,6.65,8.81,7.15,6.65,6.13,6.5,7.17,7.19,5.91,5.07,4.81,4.77,5.05,4.92,4.96,4.8,5.26,5.44,5.33,4.07,4.78,5.25,5.19,5.19,4.84,4.56,4.21,4.52,4.52,4.57,4.79,4.95,5.15,4.78,4.73,5.19,5.4,5.72,6.26,4.83,5.03,4.59,4.32,4.77,4.81,4.84,4.51,4.13,4.65,5.29,5.01,5.54,5.59,5.26,5.68,6.67,5.84,4.65,5.02,5.1
000759.SZ,5.5,5.63,6.53,7.18,7.65,7.64,7.22,7.05,8.0,7.42,7.73,8.04,8.12,7.46,10.12,7.82,14.39,4.55,4.16,4.0,3.07,2.93,3.38,3.37,3.69,3.83,3.37,3.47,4.42,4.84,4.45,4.42,4.6,5.22,4.57,4.51,4.69,4.93,5.21,5.24,5.87,5.82,4.79,5.17,5.41,5.01,5.13,5.29,4.87,5.03,4.68,4.73,5.09,4.7,4.82,4.95,4.97,4.85,5.25,5.28,5.41
000761.SZ,2.92,3.27,3.79,3.44,3.3,3.34,3.59,3.61,3.65,3.69,3.64,3.89,3.83,3.77,3.96,3.03,3.15,3.6,3.66,3.53,2.33,2.66,2.6,2.88,3.29,3.41,3.4,3.2,3.62,3.93,3.86,3.82,3.72,4.32,4.05,4.03,4.23,3.8,3.72,3.15,2.99,3.17,2.87,3.15,3.36,3.56,3.57,4.28,4.25,4.37,4.23,3.98,4.32,4.16,4.66,5.45,6.34,4.72,4.3,4.29,4.46
000762.SZ,39.6,28.42,31.15,25.86,27.38,27.17,26.21,25.7,22.19,21.57,19.14,18.11,18.81,21.07,21.93,20.4,20.56,23.89,24.16,25.84,18.66,18.13,18.58,20.02,22.13,22.99,24.34,21.41,28.23,24.65,24.93,23.31,25.17,30.98,30.05,31.4,32.92,37.32,40.54,45.07,39.93,44.58,42.52,40.12,48.28,54.05,60.1,41.68,34.58,39.97,49.11,41.76,53.7,59.77,49.95,54.5,78.65,51.73,25.0,27.4,17.15
000766.SZ,25.4,19.83,22.53,25.09,26.6,27.47,28.1,24.98,23.85,22.93,25.35,21.53,17.68,18.17,16.08,14.91,15.45,14.76,14.9,16.57,16.29,14.4,16.04,16.26,17.5,18.84,15.24,14.79,19.68,17.45,12.43,13.54,7.26,5.46,4.93,5.28,5.32,5.21,5.64,5.43,5.52,5.82,5.47,4.61,4.77,4.98,5.23,4.83,4.21,5.7,4.94,4.45,4.92,4.12,4.01,4.16,4.3,4.94,5.05,4.78,4.55
000767.SZ,4.06,3.9,3.67,3.14,2.81,2.85,2.99,2.91,3.07,3.0,3.01,2.94,2.85,2.71,2.55,2.51,2.47,2.73,2.61,2.79,2.31,2.39,2.36,2.5,2.57,2.77,2.7,2.7,3.02,3.09,3.05,3.17,3.1,3.42,3.21,3.29,3.15,3.13,3.36,3.39,3.45,3.75,3.5,3.2,3.67,3.9,3.85,3.99,3.08,3.48,4.01,3.74,3.77,3.16,3.3,3.99,3.06,3.07,3.19,3.38,3.23
000768.SZ,23.51,24.71,31.27,28.14,25.89,24.28,25.73,26.87,28.95,27.8,27.57,25.0,23.47,24.27,24.38,25.15,26.57,27.06,27.85,30.19,23.73,25.93,24.18,24.01,22.32,21.84,21.37,19.29,22.42,21.96,22.04,22.9,23.52,25.54,26.83,24.72,25.5,26.2,26.39,27.07,25.7,26.95,26.78,25.86,27.42,31.18,29.78,26.94,22.85,28.28,32.31,26.55,37.74,39.39,31.45,29.81,29.9,31.97,24.88,27.5,24.82
000776.SZ,21.18,18.43,20.67,21.72,22.87,21.16,22.42,23.19,21.67,19.34,16.71,16.35,15.68,16.25,15.37,15.48,15.44,16.66,16.11,18.37,12.09,12.52,12.2,12.8,13.3,13.46,14.22,13.57,14.2,14.51,14.76,14.64,15.18,16.22,14.85,14.91,15.42,16.24,16.58,17.88,15.16,16.29,14.17,14.18,16.24,15.72,18.48,16.8,15.6,17.94,19.0,20.57,24.35,23.79,19.86,21.1,20.45,16.7,15.03,15.9,14.79
000777.SZ,19.82,22.65,25.75,24.76,26.42,20.71,23.16,21.08,20.13,20.87,22.36,19.47,17.59,18.04,18.19,17.03,19.88,18.13,17.46,16.72,13.44,14.8,15.49,17.03,19.11,16.43,13.92,12.84,14.57,13.04,12.79,13.43,13.65,13.78,13.47,12.46,12.28,11.76,11.79,11.27,10.54,11.13,10.52,9.65,10.79,11.08,11.02,11.09,9.88,11.92,13.7,13.3,14.75,15.8,11.25,13.31,11.54,11.1,11.67,11.29,11.19
000778.SZ,4.63,4.66,5.28,4.75,4.18,4.0,4.38,3.96,3.83,3.76,3.71,3.47,3.43,3.5,3.48,3.51,3.72,4.0,3.92,4.1,3.32,3.57,3.52,3.6,3.83,3.95,3.93,3.66,3.84,3.91,4.03,4.1,4.05,4.33,4.13,4.3,4.76,4.02,4.11,3.87,3.69,3.88,3.56,3.59,3.94,4.33,4.79,4.95,4.83,5.05,5.03,5.1,4.48,3.8,3.72,4.26,4.44,3.99,3.69,3.95,4.19
000779.SZ,8.96,8.93,10.16,8.63,8.32,8.84,9.08,9.12,9.56,9.48,9.23,9.18,9.94,9.39,8.94,8.12,7.94,8.93,8.18,8.85,6.95,6.56,7.11,7.76,9.09,8.99,8.4,8.3,10.8,10.34,10.48,10.71,11.13,12.0,11.07,10.76,11.38,13.1,12.3,11.64,10.19,10.45,9.02,8.4,9.71,10.13,11.15,12.14,10.52,10.58,10.76,10.14,9.08,8.59,8.27,8.56,9.18,8.52,9.13,9.43,9.39
000782.SZ,7.51,5.46,6.25,5.78,4.9,5.35,5.46,5.98,5.92,4.76,5.03,4.91,5.07,5.08,4.81,4.38,4.48,5.09,4.66,4.61,4.07,4.19,4.38,4.36,4.59,4.92,4.36,4.56,5.62,5.67,5.39,5.18,5.09,5.2,5.48,5.75,5.1,4.9,5.56,4.62,4.3,4.73,5.35,5.67,5.57,5.85,4.71,4.59,4.45,5.46,5.39,5.21,6.38,5.55,4.93,5.45,4.75,4.35,3.73,3.54,3.6
000783.SZ,8.79,6.99,7.83,8.05,8.29,8.12,8.69,8.45,8.41,7.36,6.93,6.59,6.69,6.41,6.41,6.34,6.47,7.06,6.97,7.94,4.87,5.18,4.88,5.42,5.67,5.64,5.48,4.86,5.35,5.63,5.65,5.77,5.97,6.62,5.87,6.0,6.12,5.66,5.67,5.87,5.35,5.61,5.32,5.19,5.68,5.43,5.86,5.64,5.46,6.37,6.91,7.05,7.56,7.24,7.25,7.74,7.73,7.05,7.18,7.66,7.16
000785.SZ,2.59,2.46,2.89,2.92,2.93,3.11,2.91,2.9,3.09,3.02,3.02,3.2,3.43,4.2,4.55,3.38,3.79,3.09,2.82,2.97,2.5,2.57,2.47,2.84,3.07,2.97,3.0,2.8,3.28,3.66,3.51,3.57,3.86,4.4,3.83,3.82,4.2,4.58,4.45,4.25,4.0,3.9,3.62,3.77,4.13,4.1,4.32,4.53,4.03,4.52,4.93,5.2,5.27,4.79,4.89,5.52,5.44,5.17,6.08,7.45,7.14
000786.SZ,26.54,26.04,29.48,26.9,25.27,25.31,24.07,23.95,26.27,26.1,26.46,28.0,28.39,30.11,29.18,30.02,32.21,28.76,30.68,31.67,24.66,25.08,30.67,32.21,33.01,29.38,27.86,26.67,24.7,23.06,24.52,29.83,30.93,27.85,24.75,22.33,26.34,27.5,31.16,28.25,25.23,26.38,21.58,23.4,27.03,28.31,34.63,30.86,30.66,31.21,30.32,34.37,34.98,26.75,27.99,33.41,34.9,33.5,39.85,46.06,46.36
000788.SZ,6.16,6.56,6.07,6.21,6.39,7.2,5.92,6.14,6.44,7.05,6.46,6.1,5.69,6.05,5.8,5.95,5.83,6.58,6.18,6.49,5.32,5.49,5.12,5.53,6.11,5.48,5.24,5.24,6.83,7.11,6.86,6.73,6.66,6.9,6.8,7.06,7.13,7.25,7.94,7.79,7.59,8.24,7.8,6.81,7.13,7.61,7.69,7.76,8.31,11.1,7.46,6.41,6.98,6.53,6.28,6.62,6.99,6.86,6.62,7.27,7.29
000789.SZ,4.96,5.31,5.77,5.45,5.28,5.65,5.76,6.04,6.04,6.11,5.49,5.49,5.25,5.36,5.04,4.97,4.89,5.72,5.39,5.66,4.34,4.63,4.61,5.14,5.74,6.18,6.47,6.3,6.94,7.27,7.39,7.88,8.29,8.6,7.87,7.85,8.79,8.81,9.42,9.01,8.66,8.89,8.01,9.12,9.97,10.19,11.01,10.57,11.18,13.0,13.19,13.08,12.48,11.46,11.63,13.42,12.67,10.97,11.74,12.75,13.52
000790.SZ,4.48,4.21,4.02,3.9,3.91,4.39,4.04,3.75,4.05,4.35,3.9,3.97,3.64,3.85,3.72,3.72,3.85,4.42,4.26,4.21,3.46,3.54,3.55,3.72,4.32,4.24,3.85,3.92,5.1,5.45,5.49,5.26,4.87,5.07,5.37,5.09,4.62,4.69,5.0,4.8,4.67,5.03,4.99,4.39,4.7,4.76,4.76,4.56,4.42,5.62,5.22,5.08,6.4,5.56,5.12,5.3,4.99,5.77,5.9,5.85,6.36
000792.SZ,40.4,36.23,38.15,31.58,30.98,26.48,24.61,22.41,20.06,17.99,17.01,15.77,16.08,16.64,16.84,16.31,16.25,17.83,18.21,19.0,14.56,15.13,17.27,17.26,17.59,16.47,16.55,14.3,15.74,15.99,16.71,17.17,17.88,19.95,19.25,19.05,20.26,22.51,24.91,25.38,23.1,25.23,22.77,22.8,27.05,29.14,30.8,30.88,29.08,30.02,33.05,30.28,33.8,28.07,28.09,29.12,39.95,35.9,,,
000793.SZ,2.67,2.63,2.85,2.7,2.75,2.94,3.13,2.98,2.56,2.64,2.67,2.63,2.55,2.33,2.99,2.44,2.68,2.97,2.49,1.94,1.21,1.2,1.21,0.78,1.34,1.68,1.64,1.71,2.18,2.41,2.12,2.11,2.2,2.36,2.16,2.38,2.8,2.8,2.55,2.62,2.65,2.32,2.14,2.04,2.41,2.41,2.56,2.56,2.35,2.99,2.88,2.6,2.98,2.52,2.34,2.43,2.41,2.36,2.6,2.78,2.25
000795.SZ,9.38,8.86,10.76,9.82,10.08,10.04,10.54,11.13,12.08,10.97,10.74,10.1,10.91,10.77,12.13,11.72,9.48,11.0,8.23,6.83,5.41,5.79,5.72,5.91,6.28,5.77,5.32,4.68,6.24,6.2,6.14,6.25,6.39,6.93,7.79,6.17,6.39,6.79,7.41,7.73,6.73,6.8,6.84,6.49,6.91,8.51,7.74,6.7,6.01,7.12,8.41,6.83,8.34,10.46,5.37,5.28,5.98,5.81,4.92,5.22,5.16
000796.SZ,5.04,5.37,5.47,6.11,6.7,7.1,6.68,5.8,5.98,5.19,3.94,3.7,3.88,3.83,3.91,3.54,4.03,5.3,4.65,3.59,3.08,3.31,3.24,3.45,3.2,3.22,3.26,3.15,3.95,3.97,3.96,3.77,3.9,4.48,4.18,3.33,4.55,5.48,5.23,5.45,6.04,5.72,4.32,4.73,4.95,5.3,5.69,5.08,7.85,10.61,9.45,8.81,8.12,7.45,7.39,7.8,7.86,6.96,8.93,8.93,9.44
000797.SZ,2.89,2.9,3.09,3.04,3.84,3.6,3.11,2.72,2.74,2.67,2.69,2.67,2.71,2.87,2.71,2.67,2.73,3.21,3.04,3.32,2.54,2.53,2.42,2.63,2.7,2.66,2.7,2.64,2.99,3.19,3.11,3.02,3.26,3.65,3.16,2.86,3.07,3.3,3.67,3.79,3.73,5.15,2.6,2.9,2.85,2.98,3.31,3.55,3.59,4.28,2.75,2.64,2.69,2.54,2.52,2.81,2.83,2.78,3.11,3.39,3.02
000798.SZ,9.33,10.24,11.64,11.24,10.68,12.45,8.12,7.76,8.2,8.21,7.42,7.28,6.85,7.03,6.86,6.82,7.43,8.11,7.32,7.59,6.34,6.24,5.71,6.55,6.88,7.74,7.15,9.04,9.3,9.42,8.73,9.0,10.48,10.89,10.38,10.03,11.48,11.04,11.78,10.44,10.92,11.62,9.71,9.42,12.62,10.26,9.31,11.08,7.69,7.95,7.02,7.02,8.07,7.17,7.11,8.03,8.1,7.13,7.63,8.8,8.68
000800.SZ,6.61,6.7,6.88,6.76,6.8,7.14,7.22,7.09,7.15,6.97,6.94,6.99,7.25,8.01,7.97,7.9,7.94,8.74,8.42,9.49,7.51,8.47,7.9,8.34,9.11,9.13,8.8,7.8,8.46,9.62,9.16,8.85,8.67,9.18,8.49,8.1,8.45,8.28,8.63,8.41,7.83,8.9,7.15,7.09,8.12,8.85,9.39,9.1,8.1,8.69,9.34,9.52,10.35,10.35,10.48,10.94,11.42,11.27,10.78,11.06,11.12
000801.SZ,13.36,14.04,17.06,15.4,17.19,16.5,15.39,16.25,17.67,16.57,15.38,16.55,15.55,16.08,18.9,14.23,13.58,16.55,12.92,11.17,8.25,11.09,9.94,10.88,13.17,13.21,9.98,7.91,8.18,9.21,8.61,8.26,6.35,6.92,7.27,7.1,7.01,7.2,7.41,7.29,6.68,7.65,7.96,7.94,7.12,6.69,6.8,7.12,5.93,6.64,7.66,7.99,9.5,8.1,7.27,6.88,7.82,7.27,6.7,6.05,6.06
000802.SZ,4.74,3.98,4.29,4.51,4.53,4.66,4.62,4.44,4.81,5.7,4.77,4.64,4.38,4.66,4.96,6.3,7.11,7.81,6.56,6.11,4.8,4.97,5.32,5.47,5.92,6.17,6.25,5.66,6.89,6.48,6.0,5.85,6.53,7.48,8.14,6.31,6.11,5.08,4.59,4.65,5.21,4.56,3.85,3.72,4.75,4.21,4.64,4.05,3.47,4.07,4.05,4.26,4.88,5.05,4.5,5.28,4.32,4.59,5.23,4.02,5.2
000803.SZ,8.86,8.51,9.91,8.78,7.52,6.83,6.69,6.88,7.17,6.82,6.12,5.81,5.62,5.54,5.0,5.04,4.93,6.11,4.71,4.13,3.26,3.37,3.55,3.92,4.34,4.66,4.22,4.7,6.01,6.08,6.01,5.97,5.7,6.84,10.39,11.06,10.73,11.89,13.37,13.22,11.79,11.54,11.76,11.94,13.15,15.58,16.28,14.75,11.91,20.45,23.2,21.79,22.92,21.25,18.98,15.4,16.41,15.15,14.44,11.68,11.45
000807.SZ,32.66,31.82,32.85,32.22,33.78,25.24,24.29,21.64,19.41,15.68,16.58,14.49,15.18,17.65,17.03,16.42,13.73,13.76,14.77,14.99,11.89,12.03,13.83,14.57,14.67,14.12,11.86,10.6,12.34,12.77,14.04,15.13,15.69,14.99,13.0,12.4,14.08,13.14,14.02,13.8,11.12,10.87,9.43,9.15,10.05,10.1,10.06,11.24,10.48,13.51,13.86,11.56,11.17,10.92,11.96,14.32,15.99,14.36,11.28,14.24,13.48
000809.SZ,3.82,3.63,3.39,3.35,3.47,3.4,3.49,3.13,2.94,2.98,3.08,3.17,3.2,3.26,2.93,3.08,3.17,2.68,2.28,2.2,2.11,2.11,2.08,2.38,1.8,2.09,2.18,2.5,3.11,3.28,3.45,3.42,3.73,4.03,4.08,3.91,4.06,3.13,3.06,3.15,2.92,3.3,3.23,3.27,3.31,2.78,2.74,2.65,2.36,3.43,3.2,4.31,3.38,3.22,3.07,3.05,2.12,1.93,1.95,1.96,1.86
000810.SZ,12.86,10.91,11.39,11.48,12.64,12.47,13.8,13.58,12.54,11.53,11.7,11.01,11.7,12.95,13.58,12.46,14.58,13.34,12.83,12.11,10.47,8.16,8.61,9.53,10.63,11.26,12.0,10.11,15.6,12.96,12.05,13.73,13.81,15.21,15.85,18.3,15.61,18.53,16.08,16.22,14.36,15.14,15.08,15.35,20.1,19.58,16.85,14.95,12.6,14.53,13.81,12.21,10.84,8.94,7.46,7.06,7.82,8.35,8.13,8.63,8.11
000811.SZ,27.04,17.74,21.5,15.75,18.64,13.73,14.25,13.8,13.48,12.3,10.37,9.3,11.69,12.47,13.26,11.77,12.13,10.6,10.2,10.8,7.93,8.82,9.72,10.87,11.64,11.94,12.26,10.37,13.78,14.12,12.64,15.18,16.57,17.49,15.71,14.48,14.64,12.74,12.78,12.65,11.41,12.07,11.46,10.43,12.14,11.07,10.3,9.64,8.88,10.98,13.06,13.45,15.04,14.88,12.48,10.45,10.98,11.75,10.45,8.09,7.63
000813.SZ,3.72,3.6,3.75,4.12,3.94,4.11,4.47,4.33,4.18,4.7,3.25,3.38,3.15,3.4,3.33,3.07,3.15,3.25,2.9,3.14,2.41,2.38,2.29,2.43,2.89,2.96,2.88,2.71,3.23,3.56,3.78,4.24,3.15,3.11,2.99,3.12,3.32,3.41,3.77,3.67,3.78,3.69,3.26,3.05,3.16,3.24,3.44,3.25,3.17,3.73,3.69,3.63,4.14,3.86,3.67,4.11,4.19,4.12,4.53,5.07,4.89
000815.SZ,20.92,20.7,14.4,13.83,11.4,12.21,12.58,12.65,14.53,13.12,12.62,11.93,14.14,12.87,11.64,10.47,11.01,12.5,9.39,10.65,7.23,7.4,7.26,7.87,9.02,9.7,9.09,7.95,10.9,11.79,11.63,10.53,11.45,11.62,12.13,10.61,11.83,14.75,15.29,15.41,14.94,17.5,10.11,6.97,8.21,9.89,9.91,10.58,10.25,13.68,14.17,6.18,6.93,6.4,5.49,6.28,7.94,5.06,5.11,5.55,4.83
000816.SZ,3.15,3.3,4.04,3.73,3.6,3.94,3.32,3.18,3.27,3.13,3.11,3.1,3.12,3.26,3.72,2.78,3.01,2.92,2.6,2.52,1.81,1.82,1.48,2.14,2.29,2.58,2.62,2.42,3.03,3.08,3.04,3.03,3.12,3.4,3.32,3.13,3.45,3.71,3.97,3.89,3.7,4.04,3.76,3.36,3.92,4.54,4.63,4.12,3.28,3.97,3.95,3.58,4.15,4.03,3.43,3.46,3.0,2.73,2.77,3.03,3.06
000818.SZ,16.85,21.23,23.1,21.38,20.14,20.62,21.73,23.78,26.41,21.86,22.38,22.0,25.18,26.11,30.06,18.47,17.47,19.72,17.07,20.84,14.89,20.19,22.38,24.75,28.08,31.41,30.11,22.37,31.12,34.4,35.6,32.19,30.74,31.61,32.86,36.02,40.2,36.57,31.68,33.35,27.64,29.0,29.51,29.0,32.03,31.56,33.91,35.4,28.84,39.5,36.54,34.4,36.2,40.56,34.7,29.16,30.17,35.5,27.38,26.56,22.73
000819.SZ,16.25,14.55,17.48,16.23,16.33,17.55,18.29,18.3,17.29,15.96,15.44,14.17,14.45,16.09,15.93,15.43,16.9,17.55,16.02,18.74,15.05,15.85,17.63,16.7,14.96,14.78,15.49,13.55,18.12,18.8,19.25,18.68,19.51,19.43,19.14,20.0,17.98,20.09,23.64,25.02,22.31,22.32,20.97,17.23,20.59,22.41,14.25,12.98,9.41,12.11,12.61,12.89,20.27,9.27,7.5,7.92,6.86,6.41,6.2,6.19,6.08
000820.SZ,3.74,3.4,3.39,3.71,3.51,3.4,2.92,2.51,2.66,2.77,2.84,2.94,2.04,2.61,2.9,3.06,3.3,3.85,4.05,3.35,2.65,2.3,2.03,2.5,3.07,3.59,3.29,4.68,4.32,4.09,3.75,3.61,4.15,3.99,3.75,3.74,4.07,4.32,4.82,4.91,4.72,5.31,4.31,4.33,6.27,3.89,3.79,4.07,3.51,3.37,3.56,3.57,3.41,3.37,3.45,3.59,4.65,3.51,3.27,4.07,3.92
000821.SZ,10.29,12.12,14.57,13.56,13.36,13.0,12.67,12.88,12.04,11.83,11.5,10.91,11.05,12.43,13.81,12.23,12.1,14.18,14.67,13.58,9.89,11.36,11.52,12.68,14.52,14.13,14.0,12.44,15.8,15.17,14.39,16.14,17.69,18.06,21.0,18.19,18.58,24.03,23.97,24.55,17.35,19.0,21.5,16.86,19.42,23.06,18.24,9.76,7.5,9.34,11.82,11.08,13.37,15.31,15.63,13.15,15.99,11.94,8.6,8.12,8.0
000822.SZ,5.84,6.07,6.94,5.42,5.25,5.59,5.64,5.61,5.84,5.96,5.98,5.58,5.46,5.8,5.26,5.14,5.51,6.3,5.59,6.22,5.07,5.62,6.0,6.34,7.23,6.88,6.18,5.87,6.86,6.85,6.45,6.57,6.95,7.21,6.89,6.66,7.38,7.69,8.47,8.51,8.09,8.48,7.73,7.63,9.05,8.43,9.96,9.56,7.9,7.05,7.25,7.18,7.04,8.0,8.25,10.6,11.5,9.67,7.39,7.66,6.62
000823.SZ,15.74,13.24,15.76,13.98,13.89,12.9,12.98,14.11,14.04,12.69,11.97,10.21,10.05,10.67,10.29,10.29,9.88,9.68,9.45,9.85,7.84,8.1,8.42,8.38,8.16,8.65,7.94,7.19,9.65,9.66,9.37,9.22,9.04,9.47,9.5,9.66,9.31,11.55,10.8,10.32,9.54,9.96,9.62,8.5,10.08,10.74,10.17,9.52,9.01,11.0,12.99,11.9,13.69,13.75,12.38,10.73,11.48,11.97,10.91,10.68,10.45
000825.SZ,4.33,4.44,5.43,4.82,4.9,4.11,4.23,4.13,4.04,4.16,3.7,3.52,3.58,3.53,3.68,3.37,3.38,3.71,3.79,4.08,3.23,3.55,3.46,3.66,3.9,3.64,3.76,3.52,3.77,3.87,3.96,4.01,4.04,4.37,3.93,4.01,4.05,4.34,4.8,4.67,4.35,4.51,4.05,4.38,4.87,4.91,5.45,5.74,5.94,6.84,7.4,7.03,7.16,7.3,7.86,9.44,9.32,9.21,7.21,6.9,7.01
000826.SZ,1.89,2.08,2.53,2.02,2.22,2.36,2.56,2.41,2.15,1.92,2.0,2.2,1.71,1.83,1.93,1.86,2.01,2.58,2.24,2.19,1.52,1.53,1.42,1.83,2.19,2.72,2.33,2.33,2.89,3.1,3.24,3.36,3.88,3.26,2.83,2.99,3.25,3.41,3.65,3.63,3.57,3.76,3.25,3.18,3.64,3.71,3.14,3.33,3.1,3.58,4.17,4.14,4.54,4.5,3.89,5.36,4.95,4.55,5.28,5.55,5.77
000828.SZ,10.34,10.0,10.91,10.76,10.78,11.06,11.78,11.4,11.96,11.14,10.81,10.34,10.36,10.22,9.89,10.05,10.32,11.49,10.57,12.23,8.8,10.61,9.15,9.42,10.33,10.25,9.92,9.37,10.78,10.72,9.04,8.95,8.99,9.82,9.17,9.44,10.1,9.82,9.97,9.49,9.01,9.41,9.03,8.85,9.88,10.05,10.18,10.0,9.98,11.18,10.89,9.94,10.26,10.17,10.19,10.39,10.9,10.63,11.2,11.21,9.96
000829.SZ,11.79,10.35,11.11,10.13,10.96,11.36,10.25,9.76,10.33,10.15,10.82,9.78,10.07,10.73,11.3,10.31,12.96,13.59,14.57,11.41,8.89,8.44,8.9,8.46,8.18,9.32,8.75,7.22,9.47,12.3,9.45,8.59,8.38,8.98,9.09,10.14,10.99,11.49,11.4,10.48,9.94,10.09,9.16,8.89,11.93,10.7,11.56,10.5,8.93,14.09,15.43,14.22,16.6,23.21,23.84,15.83,21.75,9.24,8.12,8.31,6.59
000830.SZ,16.89,15.76,19.88,17.6,16.39,15.08,13.54,14.25,15.31,11.56,10.33,10.41,10.78,12.15,11.65,11.76,11.47,11.69,11.74,12.94,10.8,11.12,12.0,12.1,11.97,9.88,10.06,9.34,9.95,9.89,11.34,11.24,10.69,10.47,10.74,10.38,11.26,13.6,14.55,13.54,12.43,13.32,11.72,13.01,13.67,14.0,17.47,19.08,18.69,18.35,16.74,14.7,15.22,15.68,16.72,18.33,20.85,20.14,17.7,17.91,15.98
000831.SZ,55.61,48.28,63.51,51.02,47.79,48.25,49.94,56.91,59.12,41.04,36.0,34.57,33.28,31.86,29.78,28.57,27.19,31.4,33.36,29.65,21.88,23.55,26.39,26.28,28.45,28.01,27.9,23.25,27.72,27.75,29.99,28.3,29.03,30.56,29.97,31.0,31.59,35.2,40.8,43.79,35.07,34.09,31.72,25.54,26.11,28.08,30.9,26.87,23.44,29.13,36.46,33.66,37.79,43.49,36.3,37.46,51.48,37.05,18.39,18.07,17.65
000833.SZ,30.0,25.05,24.8,19.31,19.74,20.07,16.34,14.18,13.83,12.08,12.52,11.36,12.28,11.7,15.15,11.0,11.37,17.7,5.79,5.95,5.03,4.93,4.81,6.33,6.84,5.78,5.0,5.02,6.19,6.16,5.87,5.94,6.23,6.62,6.59,6.61,6.89,7.24,7.56,7.31,6.83,7.09,6.52,6.42,7.89,7.81,9.48,9.08,7.5,7.57,6.05,5.8,7.01,6.6,7.03,8.47,8.33,4.76,4.45,4.82,4.64
000837.SZ,11.15,10.67,12.27,12.02,13.13,12.41,13.5,14.2,12.68,11.92,11.99,11.81,13.04,13.41,10.91,10.32,8.71,9.8,8.52,9.24,6.83,7.9,7.3,8.1,9.1,9.57,9.91,7.27,10.73,11.34,10.52,12.4,12.42,13.0,15.53,12.14,10.61,11.15,10.56,11.01,10.04,10.19,10.1,7.85,8.98,12.83,8.38,8.05,6.83,8.0,10.04,9.12,10.19,11.28,10.21,10.85,13.28,8.72,7.01,8.12,8.49
000838.SZ,1.94,2.19,2.52,2.55,3.15,3.57,3.08,2.55,2.73,2.9,2.58,2.54,2.38,2.42,2.74,2.5,2.77,3.22,2.84,2.99,2.16,2.28,2.29,2.7,2.94,3.51,3.04,3.18,3.74,3.85,3.7,3.38,3.83,4.2,3.82,3.5,4.83,6.26,5.47,5.68,5.38,5.72,4.77,4.69,5.75,6.21,7.12,7.12,6.48,9.27,8.14,7.16,7.13,4.71,2.61,3.01,3.33,2.6,2.81,3.16,2.86
000839.SZ,2.99,3.4,3.33,2.86,2.65,2.87,2.74,2.68,3.07,2.66,2.67,2.65,2.68,2.81,3.07,2.97,3.02,3.68,3.44,2.98,2.19,2.5,2.74,2.45,2.2,2.02,2.03,1.99,2.27,2.31,2.19,2.17,2.3,2.39,2.19,2.03,2.29,2.4,2.48,2.57,2.56,2.71,2.38,2.6,2.75,2.77,2.1,1.91,2.95,2.28,2.6,2.51,2.78,2.42,2.28,2.62,3.0,2.19,2.06,2.24,2.1
000848.SZ,8.98,7.95,8.37,8.47,8.56,8.59,9.46,8.51,8.67,8.73,9.43,10.53,9.45,8.63,8.46,8.55,8.99,9.19,9.01,8.7,7.07,7.84,7.94,8.77,9.44,8.42,7.92,7.63,7.86,8.24,8.45,8.52,8.61,9.09,9.04,8.62,9.14,8.9,9.18,8.9,8.6,8.42,7.75,7.99,8.52,8.37,9.64,9.14,8.58,8.28,9.93,9.2,11.94,10.25,10.37,11.73,13.22,10.07,11.42,9.13,6.75
000850.SZ,4.57,4.97,5.65,5.97,5.45,4.63,4.67,4.6,4.57,4.57,4.37,4.19,3.83,4.26,4.27,4.02,4.1,4.65,4.18,4.81,3.13,3.15,3.07,3.25,3.49,3.67,3.29,3.64,3.92,3.9,3.85,3.72,3.91,4.12,3.75,3.8,3.74,3.72,4.05,4.21,3.49,3.62,3.37,3.34,3.78,3.79,3.81,3.81,3.66,4.82,4.76,4.66,4.78,4.29,4.16,4.21,3.82,3.52,3.65,3.9,3.79
000852.SZ,7.24,6.98,8.72,7.74,7.3,7.26,7.29,6.49,6.94,6.89,6.72,6.29,6.18,6.94,6.63,6.2,6.8,6.28,5.6,6.39,5.21,5.57,5.45,5.72,6.42,6.63,6.77,6.35,6.29,6.4,6.65,6.82,6.86,7.7,7.15,7.13,7.41,7.35,6.22,6.25,5.88,6.56,6.03,6.0,7.05,7.39,6.75,6.5,5.58,6.53,6.88,6.46,6.88,6.56,6.3,8.39,5.12,4.44,4.74,4.59,4.36
000856.SZ,10.14,11.47,10.84,10.54,10.16,11.07,11.11,10.83,11.44,11.51,11.96,10.23,10.36,10.81,12.32,11.46,6.85,8.51,7.58,7.59,5.9,6.13,6.14,6.63,7.38,8.14,7.1,7.41,9.7,9.0,8.61,8.91,9.19,8.97,8.7,8.27,9.85,8.92,9.73,9.16,8.45,9.3,8.61,8.1,8.08,10.39,8.8,8.18,7.22,9.72,10.03,9.48,8.11,6.97,6.63,7.57,7.76,6.94,6.48,6.71,6.39
000858.SZ,92.26,104.39,103.22,107.29,107.9,117.65,118.98,121.16,128.87,121.0,118.63,124.68,129.49,131.79,130.84,125.01,136.99,147.4,147.92,164.05,119.0,124.0,128.3,145.98,155.01,157.28,142.59,126.5,136.0,147.21,160.0,154.27,159.74,179.88,167.36,163.32,168.95,195.19,207.38,210.06,178.2,164.59,142.58,158.9,163.56,178.58,203.0,170.41,161.54,159.9,193.19,195.62,223.56,220.56,204.94,228.22,207.71,234.45,298.2,315.7,276.44
000859.SZ,9.23,9.84,11.38,9.7,11.13,8.39,6.39,6.4,6.84,6.7,7.69,7.55,6.29,5.87,5.4,5.0,4.95,6.38,5.26,4.48,3.87,3.29,3.44,3.49,3.99,4.26,3.94,3.99,5.4,5.6,5.5,5.32,5.11,5.48,5.45,5.01,5.06,5.98,5.79,5.84,5.43,5.91,5.68,5.33,6.06,7.02,6.57,5.94,5.52,6.7,7.83,6.45,7.14,6.25,5.79,6.38,6.66,6.47,5.92,5.75,5.24
000860.SZ,12.59,12.93,14.1,14.99,14.74,15.31,15.74,15.6,16.4,15.83,15.47,15.58,16.15,16.93,17.27,16.8,18.6,19.25,17.9,20.7,14.71,17.13,17.26,18.47,19.28,18.95,18.74,16.33,20.64,24.2,22.85,22.9,25.09,28.24,34.96,31.56,37.55,37.67,33.91,27.28,28.6,30.43,22.51,19.61,22.78,23.34,27.45,23.43,20.65,23.72,27.7,27.41,39.58,32.42,32.9,37.07,32.92,31.98,42.23,51.15,48.36
000862.SZ,6.79,6.71,6.79,6.25,5.9,5.67,6.06,5.78,5.67,5.61,5.58,5.46,5.77,5.32,4.84,4.83,4.85,5.54,5.39,5.24,4.27,4.37,4.82,5.43,5.28,5.63,6.02,5.53,6.18,6.26,5.97,6.54,6.65,7.62,7.72,7.61,7.77,6.61,6.79,6.91,6.55,6.52,6.11,5.66,6.41,7.33,7.13,7.37,6.36,7.77,8.81,7.2,8.93,7.45,9.14,8.72,6.51,6.39,5.35,5.86,5.36
000863.SZ,5.34,5.43,5.75,6.14,6.1,5.28,3.89,3.55,3.45,3.52,3.51,3.66,3.65,3.6,3.81,3.78,3.92,4.01,3.79,3.95,3.3,3.64,4.01,3.57,3.11,3.32,3.38,3.35,3.9,4.14,3.6,3.46,3.64,4.17,3.71,3.62,3.84,4.22,4.59,4.84,4.69,4.64,3.2,3.51,3.75,3.42,3.53,3.12,3.14,4.77,3.68,3.82,3.88,2.79,2.78,3.18,3.13,3.19,3.27,3.67,3.92
000868.SZ,4.47,4.61,4.76,4.81,4.97,5.18,5.45,5.42,5.95,5.83,5.86,5.55,5.82,6.48,7.44,5.47,5.02,5.79,5.23,5.45,4.31,5.86,3.88,4.02,4.46,4.64,4.31,3.96,5.14,5.74,5.69,5.2,5.16,5.92,5.83,5.36,5.18,5.73,6.56,7.14,6.85,6.58,6.07,5.71,5.75,6.22,6.81,5.25,3.57,4.72,4.06,3.83,4.1,4.01,3.59,3.94,4.02,4.09,4.06,4.09,3.88
000869.SZ,19.31,19.49,20.16,20.72,20.64,21.13,21.54,21.7,22.29,21.55,21.25,23.7,22.45,21.89,21.85,21.37,22.6,23.75,22.92,26.34,20.16,21.96,21.74,23.85,24.7,23.47,22.92,21.15,23.8,26.06,27.47,29.76,30.78,32.65,31.24,30.04,31.7,31.93,31.84,30.43,29.96,29.95,27.91,28.95,30.27,27.34,29.68,28.28,27.54,27.81,30.16,30.67,33.37,31.04,32.34,33.34,31.74,31.89,36.35,40.6,39.14
000875.SZ,6.62,6.48,7.84,6.84,5.64,5.6,5.97,6.34,5.18,5.17,5.13,5.16,5.41,5.4,5.11,5.14,5.12,5.59,5.94,5.78,4.68,5.15,5.47,5.74,5.05,4.43,4.38,3.95,4.41,4.52,4.68,4.89,5.03,5.42,5.45,5.56,5.51,5.54,5.84,6.06,6.13,6.28,6.05,5.84,6.35,7.22,7.24,7.31,6.32,8.53,8.9,8.06,8.61,7.54,7.7,7.51,6.13,6.14,5.5,5.2,4.71
000876.SZ,8.73,8.23,8.68,8.67,9.21,9.47,9.85,9.91,9.8,9.61,9.38,9.69,9.76,9.4,9.57,8.57,8.78,9.64,9.77,10.53,8.91,9.56,9.41,10.1,8.87,9.63,8.85,8.39,9.36,9.12,10.13,10.7,11.7,12.34,11.81,11.42,12.82,13.89,13.25,13.29,12.7,13.66,13.29,14.48,15.65,15.75,15.54,14.1,14.1,17.14,16.91,15.9,16.2,14.19,14.38,14.91,11.43,11.82,14.46,15.52,15.97
000877.SZ,4.61,5.04,5.52,5.1,5.35,5.78,6.04,6.57,6.61,5.23,4.63,4.54,4.89,5.72,5.56,5.48,5.46,6.7,6.16,6.15,4.45,5.39,5.55,5.75,6.42,6.97,6.87,6.69,6.54,7.0,7.16,7.75,7.83,8.82,8.27,8.44,8.42,8.87,10.02,9.23,8.57,9.06,7.86,8.66,9.74,11.23,12.56,12.29,12.59,13.39,14.59,15.07,15.69,13.34,13.97,14.13,16.23,12.87,13.9,15.14,14.88
000878.SZ,19.99,18.52,26.69,23.87,20.34,17.84,17.37,19.23,15.23,12.97,12.99,11.62,11.85,13.0,12.61,12.64,11.98,12.8,13.7,14.2,11.01,11.38,12.72,13.36,14.22,13.26,11.26,9.94,10.95,10.71,10.96,11.66,11.88,12.17,11.26,10.96,12.53,12.88,13.23,13.42,11.91,12.19,11.24,9.8,10.73,11.43,11.32,11.0,10.64,11.28,12.85,12.33,13.49,13.95,13.48,14.21,15.49,13.63,12.56,14.48,14.39
000880.SZ,31.46,27.19,34.14,33.83,27.86,26.88,30.3,32.29,49.2,43.28,37.25,31.28,37.47,33.59,26.52,18.76,17.5,12.43,10.22,11.24,8.4,11.62,8.02,8.4,9.1,9.2,8.35,7.96,10.89,10.86,10.51,11.05,10.71,10.52,11.43,10.59,10.01,10.56,10.87,10.26,9.52,10.52,10.6,9.48,9.19,10.04,10.71,9.42,7.07,7.79,8.42,8.03,9.4,9.03,7.88,9.33,8.15,7.16,7.56,7.95,9.59
000881.SZ,7.82,7.78,8.63,8.17,9.02,8.61,8.28,8.04,8.08,7.81,8.59,7.74,7.18,7.13,6.99,6.89,7.09,8.09,7.13,7.44,6.08,6.26,6.66,7.07,7.13,6.93,6.08,5.86,7.54,7.4,7.33,7.71,7.78,8.23,8.21,7.94,7.73,8.25,8.47,8.18,7.9,7.99,7.53,7.09,8.09,8.66,9.13,8.69,8.21,10.24,9.05,8.99,9.79,9.79,9.05,10.15,9.37,9.58,9.99,10.85,11.15
000882.SZ,1.65,1.65,1.91,1.92,2.05,2.13,1.96,1.98,2.11,1.91,1.95,2.06,2.26,2.23,2.71,3.04,2.29,2.06,1.98,1.69,1.14,1.14,1.01,1.19,1.43,1.53,1.51,1.55,1.68,1.81,1.74,1.71,1.85,2.06,1.66,1.67,1.76,1.74,1.83,1.84,1.9,1.84,1.62,1.64,1.82,1.86,1.98,1.87,1.77,2.11,1.97,1.96,1.98,1.85,1.76,1.94,1.91,1.8,1.73,1.82,1.82
000883.SZ,4.96,4.76,4.82,4.55,4.56,4.63,4.71,4.64,4.59,4.56,4.52,4.64,4.68,4.89,4.64,4.83,4.83,4.93,5.0,5.32,4.81,5.1,6.14,5.87,5.82,5.35,4.56,4.29,4.33,4.17,4.3,4.31,4.32,4.72,4.62,4.69,4.41,4.22,4.45,4.27,4.25,4.44,4.23,4.37,4.77,4.95,5.19,4.51,4.13,4.4,4.67,4.58,5.21,4.62,5.02,5.65,4.48,4.15,4.52,5.19,4.73
000885.SZ,14.14,13.77,14.18,13.6,14.06,13.91,14.83,15.06,14.99,13.94,13.44,13.83,13.45,13.04,12.55,12.31,12.75,13.7,13.08,13.2,10.76,11.82,12.18,11.84,13.06,12.9,11.81,10.74,11.46,11.08,10.96,11.06,11.04,12.97,13.41,13.42,12.95,11.03,10.98,10.42,9.6,10.38,9.52,11.12,11.92,10.5,9.34,9.53,9.12,9.96,11.0,10.61,11.2,10.65,10.23,11.48,9.7,9.06,9.46,9.94,10.25
000886.SZ,5.46,5.72,6.27,6.6,6.55,7.72,7.7,6.61,6.42,6.63,6.78,5.98,6.3,6.13,7.01,6.25,6.99,7.13,5.79,5.17,4.13,4.59,4.32,4.62,4.77,4.56,4.3,3.9,4.09,4.3,4.26,4.38,4.66,5.47,5.08,5.14,5.71,6.03,5.68,5.09,4.87,4.66,4.23,4.02,4.42,4.22,4.57,5.61,3.46,4.53,3.96,3.8,4.03,3.91,3.95,4.28,4.22,4.11,4.49,4.64,4.69
000887.SZ,17.76,18.39,21.32,20.4,23.03,21.32,22.38,24.83,22.32,17.9,17.61,17.17,19.18,18.6,20.56,14.02,12.6,12.75,13.07,14.73,11.37,11.88,12.37,12.94,13.88,11.9,11.17,9.73,12.33,13.04,12.76,12.55,12.15,13.32,12.97,12.04,12.21,12.69,14.82,16.48,14.81,14.82,15.31,13.48,16.16,21.92,18.48,14.88,12.45,14.89,20.22,19.1,20.48,22.52,16.58,14.78,18.11,15.25,11.5,11.5,11.16
000888.SZ,11.46,13.09,13.0,13.73,13.02,14.16,12.63,12.58,14.6,14.25,14.1,13.8,13.41,14.11,12.39,12.49,13.33,13.2,13.06,13.61,11.5,11.55,11.39,11.75,11.53,10.46,9.08,8.83,9.25,9.4,9.46,9.73,10.62,11.17,12.01,12.29,9.33,9.25,8.69,8.45,9.24,9.59,7.48,6.46,7.3,7.37,8.25,7.44,6.68,8.03,7.58,7.15,6.99,6.02,6.04,6.37,6.44,5.76,6.32,6.25,6.01
000889.SZ,4.86,3.4,3.58,3.56,3.62,3.82,3.94,3.54,3.72,3.7,3.64,2.97,2.74,2.53,2.47,2.36,2.46,2.55,2.21,1.87,1.64,1.75,1.6,2.17,1.45,1.74,1.74,1.79,2.2,2.0,1.86,2.23,2.04,1.99,1.81,1.44,1.86,1.96,2.0,2.0,1.89,2.12,1.8,1.94,2.08,1.95,1.85,1.93,2.69,4.17,4.06,3.48,3.8,3.26,3.16,3.33,3.12,3.52,4.08,4.58,6.15
000890.SZ,15.7,15.3,8.43,5.09,5.09,4.48,4.77,4.52,3.97,3.93,3.94,3.84,3.5,3.27,3.61,3.14,3.16,4.13,3.38,3.49,2.52,2.56,2.46,2.81,3.59,4.48,3.42,3.63,5.56,4.72,4.72,4.37,4.63,5.39,4.04,4.18,4.47,5.13,4.22,4.16,3.93,4.21,4.05,3.92,4.63,4.78,4.25,4.06,3.78,4.55,4.73,4.52,4.7,4.84,4.45,4.86,5.15,5.11,5.93,5.83,4.8
000892.SZ,5.0,6.11,6.78,7.71,7.29,7.77,7.85,6.43,5.38,4.69,4.73,3.67,3.66,3.55,3.92,3.23,3.26,4.03,3.02,3.36,2.58,2.64,2.51,2.88,3.04,3.29,3.13,3.13,4.08,4.41,3.78,3.6,4.08,4.18,4.32,4.44,4.98,4.62,4.1,4.43,4.43,4.18,4.02,3.48,5.35,3.47,3.46,3.06,2.81,3.51,3.32,3.69,4.53,3.14,2.94,2.94,2.76,2.66,2.84,3.17,2.8
000893.SZ,55.57,61.64,60.85,52.16,49.92,44.95,41.96,40.3,34.51,31.54,30.93,29.05,28.66,24.75,24.73,20.14,19.44,21.24,18.99,18.9,16.85,15.6,17.08,18.69,18.69,18.75,22.64,20.5,24.69,27.2,28.82,27.85,27.65,27.47,23.43,23.09,24.72,26.6,28.37,29.02,27.32,28.42,25.7,29.68,33.6,34.5,35.41,34.31,39.16,34.43,27.63,21.0,27.35,19.64,18.9,18.21,19.73,25.08,18.37,16.2,12.41
000895.SZ,27.71,28.1,26.4,25.56,26.57,27.23,26.02,24.72,25.61,24.75,24.49,24.53,24.76,27.4,27.25,25.82,25.82,24.96,24.85,26.8,23.26,22.85,24.07,25.35,26.52,26.72,29.14,28.45,26.56,25.94,26.35,26.5,26.89,25.22,24.66,24.33,25.09,25.98,26.84,25.82,25.71,25.77,23.88,24.39,26.54,26.51,29.29,27.36,29.76,29.22,29.36,30.63,32.49,29.2,29.55,28.05,25.24,26.41,32.45,35.55,36.23
001896.SZ,16.4,13.85,14.14,6.13,5.25,5.59,6.07,5.69,5.6,5.45,4.72,4.66,4.63,4.09,3.91,3.87,4.04,4.31,4.17,4.24,3.49,3.79,4.42,4.18,4.44,4.81,3.74,3.75,4.42,4.52,4.79,4.46,4.47,4.81,4.94,4.81,4.48,4.63,5.07,5.15,5.58,5.72,5.16,5.05,5.76,6.26,6.78,5.45,4.95,5.79,6.34,6.1,7.17,7.1,7.48,8.24,6.27,6.81,8.06,8.29,7.4
000897.SZ,2.17,2.1,2.24,2.18,2.28,2.49,2.35,2.28,2.31,2.27,2.31,2.29,2.25,2.32,2.32,2.25,2.35,2.67,2.52,2.66,2.01,2.06,2.13,2.31,2.37,2.26,2.15,2.1,2.17,2.31,2.23,2.41,2.73,2.64,1.92,1.9,2.15,2.31,2.41,2.43,2.37,2.64,2.16,2.36,2.38,2.38,2.52,2.57,2.72,3.31,2.74,2.63,2.8,2.48,2.52,2.05,1.98,1.95,2.1,2.19,2.19
000898.SZ,2.32,2.38,2.71,2.42,2.54,2.54,2.71,2.74,2.65,2.69,2.35,2.33,2.37,2.44,2.53,2.31,2.33,2.52,2.49,2.56,2.02,2.17,2.17,2.26,2.43,2.42,2.53,2.35,2.5,2.6,2.64,2.7,2.85,3.13,2.81,2.85,3.0,2.94,3.05,2.87,2.7,2.76,2.52,2.67,2.88,2.98,3.21,3.49,3.55,3.55,3.87,3.75,3.83,3.73,4.15,4.69,5.44,4.54,4.33,4.3,5.2
000899.SZ,13.07,12.84,14.66,10.49,9.97,10.16,10.66,9.63,9.76,9.11,8.94,9.09,9.46,9.23,8.2,8.1,8.49,8.62,8.68,9.3,7.6,8.32,9.95,10.34,10.94,7.95,7.55,7.38,7.87,8.44,8.42,8.2,8.08,8.92,9.05,8.95,8.39,8.58,9.38,10.01,10.33,10.19,8.44,7.85,9.36,14.22,8.66,5.74,5.07,4.99,5.38,5.18,5.97,5.14,5.5,6.47,4.92,4.68,4.89,5.31,5.25
000901.SZ,24.2,22.3,28.0,28.51,27.25,19.13,20.98,17.59,19.15,12.88,12.27,11.7,10.62,11.22,10.84,10.49,10.65,12.21,12.46,12.21,9.06,10.27,8.72,8.51,8.32,8.33,8.13,7.38,9.51,10.2,9.69,9.9,9.75,10.3,10.69,9.95,9.76,10.67,10.83,9.81,8.3,8.69,8.64,7.7,8.4,9.59,9.07,9.51,7.79,9.04,10.25,9.65,10.41,9.25,8.46,8.79,9.12,8.81,8.36,8.67,8.04
000902.SZ,15.44,15.85,18.56,16.12,15.69,15.49,14.85,14.29,14.79,14.2,13.98,13.41,13.77,12.76,12.37,12.39,12.95,13.04,13.13,13.93,12.14,11.11,12.35,12.06,12.14,10.84,10.93,10.13,11.45,11.29,11.54,10.73,11.08,11.49,10.32,10.37,11.43,11.22,12.47,12.6,11.62,12.22,11.37,12.73,15.16,16.78,17.21,16.56,16.22,17.64,16.98,17.03,16.6,17.38,18.44,17.48,20.5,19.0,15.36,14.74,16.68
000903.SZ,2.19,2.63,2.72,2.56,2.66,2.89,3.11,2.86,2.97,3.04,4.52,4.88,3.45,3.4,3.28,2.59,3.43,3.5,3.18,2.54,1.74,1.88,1.75,1.99,2.23,2.87,2.38,2.26,2.86,2.94,2.47,2.61,2.67,2.62,2.4,2.38,2.44,2.53,2.73,2.75,2.58,2.83,2.69,2.58,2.89,3.17,3.05,2.97,2.53,3.17,3.39,3.44,3.74,3.48,3.28,3.6,3.64,3.6,3.91,3.96,3.46
000905.SZ,11.05,11.44,13.49,12.21,12.79,10.74,10.31,8.21,8.75,8.29,8.1,8.01,7.54,7.72,7.02,7.0,6.84,6.79,6.45,6.7,5.55,5.85,5.72,6.17,6.54,6.48,6.37,6.22,7.25,7.27,7.01,7.34,7.43,8.04,7.77,7.68,7.74,7.28,7.49,7.73,7.29,7.61,7.37,7.08,8.14,8.01,7.83,9.25,6.94,8.14,7.75,7.49,7.85,7.43,6.36,6.79,6.73,6.37,6.61,6.82,6.8
000906.SZ,6.62,5.82,6.25,6.03,5.94,6.03,6.16,6.1,6.22,6.48,6.39,6.5,6.28,6.15,6.13,5.87,6.33,7.6,6.04,6.51,5.03,6.34,6.87,7.48,7.88,7.59,7.38,6.86,7.37,7.4,7.18,7.99,8.17,8.89,9.06,9.25,9.84,9.1,9.88,10.33,9.09,9.2,8.25,10.05,11.05,11.5,9.04,9.16,9.01,11.75,12.05,11.62,11.79,10.79,10.19,11.13,11.0,11.48,12.06,11.21,9.08
000908.SZ,7.05,7.9,6.25,7.03,6.9,9.1,7.82,5.89,5.43,6.01,6.06,5.19,5.01,4.47,4.08,4.33,4.65,4.78,5.22,3.24,4.6,2.11,0.76,1.71,1.61,2.27,2.07,2.08,3.29,3.51,3.29,2.99,2.93,2.99,2.58,2.86,2.94,3.0,3.29,3.28,3.27,3.61,3.45,3.14,3.27,3.36,3.48,3.33,3.28,4.21,4.08,3.86,4.43,3.84,3.7,4.25,4.03,4.65,5.08,6.45,6.63
000911.SZ,5.44,6.54,6.56,7.33,7.38,8.23,7.89,7.23,7.81,7.44,7.31,7.65,7.27,7.28,6.94,7.06,7.2,8.87,7.18,7.61,6.4,6.31,6.55,6.88,7.61,7.68,6.84,6.89,8.23,8.8,9.1,9.29,9.68,9.66,9.7,9.67,10.48,9.34,8.07,8.21,8.18,7.85,7.2,7.39,8.95,8.91,9.52,11.18,9.12,10.7,9.11,9.04,11.03,11.47,11.07,11.51,12.47,9.16,9.91,10.08,9.43
000912.SZ,4.77,5.16,5.35,4.43,4.18,4.41,4.39,4.26,4.42,4.53,4.68,4.66,4.86,4.69,4.71,4.41,4.32,4.7,4.27,4.46,3.7,3.57,3.55,3.83,4.24,4.25,3.93,3.79,4.68,4.32,4.37,4.24,4.36,4.81,4.64,4.5,4.72,4.78,5.1,5.05,4.77,4.92,4.64,4.93,5.19,5.03,5.33,5.51,5.33,6.0,5.82,5.38,6.64,5.24,5.71,6.57,5.63,5.02,4.05,4.3,3.95
000913.SZ,13.45,15.85,15.65,15.79,15.42,15.99,15.96,17.18,16.81,16.04,15.25,14.77,15.64,17.94,18.19,19.66,17.7,17.06,16.76,20.73,16.25,16.66,16.05,18.28,18.36,14.33,11.99,9.87,12.54,13.4,13.23,14.23,14.46,17.51,18.4,18.71,19.92,21.74,25.17,26.29,19.68,20.71,20.28,21.33,26.54,21.53,17.44,15.05,10.63,11.91,13.53,13.47,14.3,15.37,13.35,13.8,15.07,15.1,18.03,20.76,19.85
000915.SZ,28.78,32.11,32.05,31.16,33.38,33.68,34.36,31.8,33.47,33.73,34.63,31.49,30.85,28.89,26.14,27.72,27.7,26.39,28.73,35.6,25.99,27.37,30.3,32.64,36.46,35.58,31.81,26.88,29.45,34.43,32.9,32.53,32.39,35.66,35.09,38.47,36.5,36.06,42.32,44.82,42.9,46.8,47.4,40.86,39.36,40.82,40.94,42.49,36.0,34.33,35.14,31.92,30.84,27.34,24.98,29.63,29.69,34.32,26.9,28.37,29.6
000917.SZ,8.81,9.8,11.03,10.59,10.88,8.58,9.11,8.46,7.85,7.72,7.58,7.11,7.38,7.63,7.37,7.35,6.91,8.39,11.12,6.69,4.83,5.09,5.12,5.46,5.92,6.58,5.36,4.58,5.54,6.46,5.65,5.69,6.14,6.67,7.15,6.72,6.5,6.24,5.64,5.53,5.26,5.12,4.77,4.3,4.95,5.03,5.21,5.46,4.72,5.64,6.02,5.79,6.92,6.04,5.72,6.27,7.45,5.56,4.83,5.18,5.09
000919.SZ,7.33,7.33,7.37,7.56,7.81,7.32,7.24,6.84,7.16,7.39,6.88,6.87,6.55,6.87,6.65,6.52,6.48,7.17,6.42,7.26,5.82,6.46,6.41,6.75,7.19,6.94,6.74,6.53,8.03,8.55,8.15,8.14,7.93,7.93,7.86,8.01,7.98,7.74,9.11,8.2,8.04,9.28,8.2,6.65,7.43,7.52,7.57,7.34,6.65,8.19,7.45,6.78,8.01,6.85,6.55,7.2,6.8,6.84,7.72,7.98,7.83
000920.SZ,11.76,11.51,13.14,12.94,12.52,12.32,13.76,13.08,13.06,10.93,10.86,10.17,10.01,9.32,8.53,8.48,8.66,9.29,8.67,9.35,7.51,7.49,7.56,8.01,8.82,8.59,8.37,8.08,10.03,9.64,9.02,9.0,9.33,9.82,10.14,9.2,9.0,9.3,9.67,10.08,9.34,9.68,8.39,8.56,8.55,8.92,8.8,8.3,7.44,9.11,10.9,9.49,11.33,10.14,8.4,9.04,9.96,9.49,7.07,7.65,6.6
000921.SZ,24.26,22.35,23.32,23.54,24.89,26.55,25.73,25.73,25.17,25.5,25.62,27.9,26.91,29.22,28.43,30.96,30.38,27.3,28.03,35.16,24.75,29.3,31.79,40.37,41.91,31.5,30.19,24.45,20.47,21.81,23.55,23.3,24.41,23.81,26.03,24.42,25.39,20.84,18.96,17.11,14.49,13.53,10.93,11.08,12.58,14.07,13.6,12.45,12.02,10.98,13.89,15.48,15.39,11.53,11.57,12.27,13.02,13.12,14.32,14.63,16.58
000922.SZ,15.25,13.78,15.6,13.87,13.69,12.46,13.64,12.73,11.98,11.59,11.52,10.75,10.59,11.37,11.24,10.82,10.95,12.21,11.11,11.37,9.34,12.36,11.74,14.1,12.65,12.34,9.25,8.27,10.54,10.08,10.02,10.92,11.91,12.94,12.94,13.09,13.05,11.45,10.56,10.42,9.22,9.92,9.83,7.96,8.99,10.27,8.49,8.97,7.38,8.36,10.57,10.41,12.06,12.33,9.41,9.36,9.4,7.05,6.84,7.29,7.52
000923.SZ,17.39,18.42,24.49,23.12,21.38,18.8,18.38,19.7,15.17,13.85,14.16,13.02,13.02,15.79,13.58,13.98,13.75,15.26,14.95,16.78,13.02,14.02,17.61,18.28,18.59,16.88,15.74,15.0,17.03,16.43,16.62,15.97,16.01,15.18,13.72,12.85,13.88,13.94,15.89,15.35,12.95,11.55,9.77,10.78,11.82,12.62,13.61,15.06,14.3,14.97,16.03,17.12,14.72,15.18,14.35,16.12,18.93,17.97,18.91,24.66,24.35
000925.SZ,10.0,7.19,8.17,8.16,8.89,8.34,7.87,8.03,8.12,7.79,7.7,7.35,7.74,8.12,8.05,7.62,8.09,8.84,6.67,7.06,5.43,6.2,6.4,6.63,6.71,7.64,7.29,6.67,8.57,9.58,7.83,7.74,7.44,7.93,8.34,8.09,7.63,8.98,10.44,7.82,7.1,7.42,7.36,6.74,7.76,8.06,7.85,7.42,6.88,9.1,9.82,9.19,9.34,8.7,7.69,8.29,9.18,8.65,7.3,7.11,6.95
000927.SZ,2.81,3.17,2.95,2.79,2.64,2.66,2.71,2.65,2.71,2.67,2.57,2.59,2.55,2.53,2.47,2.53,2.54,2.93,2.76,2.86,2.36,2.53,2.41,2.52,2.7,2.59,2.71,2.51,2.68,2.64,2.65,2.7,2.72,2.93,2.81,2.88,3.13,2.86,3.01,3.01,2.86,3.08,2.6,2.56,2.77,2.83,2.87,2.96,2.77,3.17,3.37,3.42,3.61,3.71,3.37,3.7,3.6,3.22,3.69,3.75,3.89
000929.SZ,10.15,9.49,10.42,9.75,9.04,8.46,8.8,8.3,8.78,8.19,8.51,8.24,6.35,6.84,6.59,6.19,7.02,8.83,8.78,7.24,5.72,6.19,6.14,7.09,7.97,7.82,6.87,7.41,10.02,10.23,9.96,9.81,10.16,10.22,9.93,9.6,9.46,10.4,11.15,10.67,11.89,9.27,8.59,9.68,9.08,8.35,9.06,8.35,7.31,8.2,9.23,8.61,10.15,9.1,9.35,8.44,8.44,9.33,11.18,11.79,8.6
000930.SZ,5.97,6.78,7.11,6.31,5.81,5.86,5.93,5.97,6.24,5.86,5.63,5.52,5.53,5.53,5.56,5.35,5.41,6.09,5.74,6.12,4.81,5.08,5.14,6.04,6.61,6.0,6.24,5.79,6.71,6.84,6.9,6.82,6.95,7.63,7.46,7.87,8.02,8.52,8.87,8.79,8.48,8.74,8.23,7.94,8.88,8.72,9.14,9.84,8.3,9.52,10.62,10.08,11.22,11.43,10.61,10.61,9.28,8.74,8.9,10.05,9.24
000931.SZ,4.73,5.29,5.09,5.06,4.94,5.21,5.28,5.25,5.35,5.71,5.51,5.26,4.87,4.96,4.92,4.64,4.64,5.38,4.97,5.26,3.91,3.99,3.56,4.03,4.44,4.7,4.32,4.53,5.95,6.31,6.18,6.02,5.97,6.08,5.8,6.05,6.11,6.31,6.64,6.63,6.48,6.95,6.44,6.3,6.8,6.59,6.68,6.17,5.88,7.49,7.44,7.24,7.78,7.02,7.24,7.28,7.18,6.1,6.81,7.24,7.02
000932.SZ,4.58,5.11,6.79,5.72,5.53,5.58,6.03,6.36,5.91,5.65,4.47,4.6,4.94,5.08,4.96,4.35,4.19,4.61,4.68,4.76,3.85,4.61,4.59,5.11,5.25,5.24,5.64,5.39,5.29,5.52,5.83,5.93,6.13,6.03,4.88,4.79,5.03,5.51,5.67,5.01,4.7,4.81,4.07,4.11,4.47,4.57,5.15,5.33,5.75,5.57,5.91,5.73,5.2,5.11,5.34,6.56,7.51,7.01,6.61,6.86,8.35
000933.SZ,32.69,31.07,33.9,30.78,28.47,25.0,26.14,21.21,19.28,17.9,17.19,16.34,16.98,18.8,18.61,17.82,16.84,16.26,18.16,19.6,14.89,16.39,20.99,22.51,22.16,20.27,18.72,16.31,17.0,15.54,16.42,17.37,17.08,15.75,13.42,12.84,15.67,17.69,19.03,17.99,15.18,17.19,14.22,16.36,16.69,14.93,12.86,13.84,13.18,14.19,12.95,11.49,9.24,8.78,9.51,10.7,13.28,11.08,8.96,11.7,11.88
000935.SZ,27.25,25.38,28.81,27.37,25.44,23.3,21.18,22.28,19.38,19.35,18.05,17.76,16.05,15.98,16.65,13.7,13.99,16.34,17.19,14.86,10.25,11.99,12.18,13.72,15.08,15.84,17.52,16.15,18.11,15.65,15.39,15.4,16.71,18.55,16.88,16.82,18.51,21.57,23.72,25.72,21.08,22.58,20.4,19.85,21.1,21.27,23.29,21.0,18.1,20.22,22.01,23.45,24.03,22.66,21.64,18.91,25.33,19.4,14.47,13.06,12.75
000936.SZ,7.4,7.46,8.1,8.28,8.66,7.27,7.47,7.79,8.43,7.2,6.88,6.83,6.9,7.06,7.21,7.36,7.44,7.53,7.22,7.38,5.29,5.74,5.8,6.75,7.56,7.97,8.88,7.12,8.07,8.82,8.01,9.61,9.59,9.88,12.6,7.05,6.85,8.03,5.99,5.86,5.16,5.52,5.38,4.84,5.68,5.37,5.34,4.89,4.6,5.54,5.91,5.87,6.35,6.2,5.86,6.53,7.18,7.4,6.6,6.59,6.31
000937.SZ,5.69,5.71,5.83,5.35,5.32,5.91,6.16,5.99,5.95,6.0,5.73,6.62,6.31,6.0,5.78,5.92,6.28,6.5,5.9,6.73,5.58,5.58,6.98,7.99,7.78,7.56,8.19,7.31,7.33,7.05,6.36,6.78,6.27,6.59,6.47,7.26,7.49,6.94,7.14,6.61,6.35,6.76,6.19,7.16,6.91,6.82,7.44,8.07,7.42,7.47,6.74,5.43,5.6,5.74,6.4,8.12,4.86,3.93,3.89,4.07,3.88
000938.SZ,31.85,25.29,25.08,24.49,25.25,25.46,27.21,31.05,29.09,24.5,23.85,23.87,25.76,27.34,29.2,26.19,26.01,25.48,24.68,26.55,19.07,22.94,22.64,22.13,21.21,22.08,24.31,15.79,18.84,20.98,19.55,23.58,26.39,27.68,31.8,32.45,28.92,32.22,26.99,23.3,20.37,19.47,17.3,15.17,17.25,18.7,20.14,17.5,17.77,19.4,22.03,20.84,22.84,26.11,28.25,24.86,23.73,28.28,22.17,21.87,18.11
000948.SZ,15.17,15.21,16.69,16.92,17.98,17.79,18.41,18.61,19.68,19.68,20.68,19.15,18.56,17.6,18.58,16.53,16.21,19.2,20.16,20.8,12.46,12.52,12.46,13.44,14.39,13.99,14.5,12.33,15.04,16.33,16.16,17.2,19.14,17.81,17.01,19.19,19.2,23.17,24.08,25.92,22.95,24.14,24.29,16.72,12.34,12.49,12.45,11.44,10.57,14.13,16.54,14.25,14.9,15.35,12.78,12.7,13.24,11.41,12.86,12.78,10.65
000949.SZ,8.29,6.69,7.35,6.54,5.44,4.68,4.49,4.77,3.99,3.91,3.89,3.95,4.0,4.28,4.6,4.06,3.99,4.23,3.69,3.99,3.81,3.54,3.48,3.74,4.59,3.34,2.72,2.7,3.29,3.31,3.39,3.17,3.27,3.44,3.21,3.21,3.3,3.38,3.75,3.66,3.36,3.54,3.24,3.17,3.54,3.5,3.67,3.64,3.55,4.85,5.22,5.14,5.72,6.2,6.46,6.22,7.35,7.4,8.29,5.9,5.2
000950.SZ,5.87,5.9,5.81,5.94,5.97,5.29,5.41,5.16,5.25,5.32,5.01,5.02,4.89,5.13,5.1,5.11,5.26,5.88,5.54,5.84,4.8,4.78,5.02,5.76,5.55,5.22,5.08,4.5,5.0,5.23,5.28,5.62,5.57,6.18,6.66,7.15,7.63,5.48,5.56,5.35,5.17,5.6,5.27,4.8,5.0,5.13,4.98,4.88,4.89,5.79,5.03,4.82,5.34,4.81,4.77,5.07,4.92,5.01,5.08,5.43,5.37
000951.SZ,22.7,23.89,20.53,18.55,16.88,16.81,18.27,17.52,17.99,18.0,18.19,18.44,17.17,19.93,18.41,17.82,16.73,16.98,16.31,17.56,13.96,15.58,14.77,15.01,16.6,16.61,16.84,14.45,13.4,15.47,14.72,16.23,16.06,17.91,18.08,14.6,16.05,16.66,17.09,16.43,14.9,14.9,12.45,9.89,10.56,12.69,14.29,12.63,10.05,11.74,13.63,14.22,16.68,14.06,13.13,15.31,27.58,25.36,27.02,30.97,32.79
000952.SZ,7.46,7.44,7.65,7.68,7.73,9.67,7.22,6.24,6.61,7.02,6.38,6.25,5.6,5.71,5.66,5.56,5.93,6.72,5.71,6.05,4.98,5.25,5.19,5.59,6.49,6.06,5.62,6.0,8.17,8.36,8.02,7.78,7.44,7.63,7.8,7.07,7.42,7.64,8.05,7.86,7.75,8.24,7.77,7.35,7.3,7.5,7.47,7.4,6.77,8.32,7.46,7.17,8.04,7.27,6.88,7.76,8.0,7.74,7.78,7.6,7.47
000953.SZ,6.95,7.1,7.55,7.08,7.3,7.63,7.46,7.31,7.22,8.1,7.03,9.06,5.91,6.97,5.22,5.37,5.96,6.1,5.77,4.59,3.39,3.66,2.35,2.84,3.38,3.98,3.74,4.06,5.57,5.99,5.77,5.53,5.32,5.58,5.38,5.35,5.63,5.68,6.38,6.54,7.16,6.54,6.46,5.66,6.29,6.07,6.1,5.85,5.74,7.09,6.26,5.67,6.48,4.77,4.41,4.83,4.66,4.53,4.77,5.09,4.79
000955.SZ,5.18,4.99,5.47,5.54,6.0,6.89,6.82,5.32,4.82,4.83,4.71,4.63,4.31,4.12,4.44,4.1,4.15,5.26,4.25,4.1,2.99,2.96,2.94,3.78,4.45,5.46,4.7,4.45,5.09,5.75,4.85,4.53,4.64,4.86,4.29,4.38,4.69,4.98,5.11,5.33,5.17,4.79,4.06,4.55,4.37,4.45,4.49,4.36,4.08,5.54,4.9,4.78,5.41,4.9,4.27,4.62,4.48,4.96,5.37,5.77,5.67
000957.SZ,12.03,11.28,11.6,11.27,11.51,10.97,11.81,11.09,11.54,10.97,10.96,11.22,11.55,11.6,10.86,11.56,10.65,13.18,10.74,11.49,9.14,12.43,10.62,9.89,9.32,8.65,8.82,7.08,8.97,10.09,10.29,9.72,10.75,12.28,11.62,9.85,10.25,10.85,12.42,13.2,12.29,13.89,13.75,13.1,16.64,18.64,19.19,16.0,4.35,4.88,5.13,5.1,5.81,5.38,4.73,5.07,5.41,5.22,6.02,6.31,6.11
000958.SZ,5.95,6.27,6.73,6.44,6.55,7.03,6.73,6.38,6.83,6.71,6.78,7.15,6.6,6.71,6.29,5.72,6.14,7.44,10.64,4.5,3.35,3.76,3.7,3.95,4.18,3.79,3.98,4.17,3.97,4.07,4.18,4.23,4.19,4.58,4.4,4.51,4.38,4.33,4.54,4.75,4.54,4.37,4.26,4.05,4.87,4.98,4.51,4.68,4.34,5.64,5.16,4.45,5.15,4.8,4.73,5.48,4.64,4.21,4.3,4.3,4.22
000962.SZ,46.33,44.36,57.65,39.28,33.29,28.23,30.01,25.99,22.55,16.9,16.75,16.91,15.43,16.39,15.02,14.2,13.85,15.3,13.88,12.55,10.3,9.92,10.36,10.98,11.04,11.57,10.41,9.44,12.77,12.39,12.63,12.81,11.98,13.58,12.32,10.95,11.23,11.97,12.77,13.21,9.47,9.34,9.08,8.66,9.4,10.59,10.47,9.96,8.58,9.65,11.5,10.47,11.81,11.6,11.13,11.72,15.79,13.04,8.85,9.31,8.73
000963.SZ,33.3,36.34,34.34,35.89,39.66,42.8,41.64,41.74,45.45,43.73,41.12,44.53,38.67,38.78,35.24,35.01,33.19,38.82,32.87,36.53,28.85,28.7,28.1,31.65,33.88,31.38,33.31,29.72,40.59,41.21,42.42,42.56,38.15,41.93,43.39,38.95,42.1,46.6,47.21,47.87,46.05,42.3,43.2,39.57,41.45,46.33,44.8,38.45,33.85,32.95,37.15,37.05,42.28,34.57,36.57,32.65,31.28,36.71,46.27,50.21,47.38
000965.SZ,3.74,3.72,4.0,3.94,3.94,4.61,4.46,4.16,4.43,4.13,3.87,3.88,3.86,3.02,3.03,2.86,3.0,3.56,3.31,3.56,2.52,2.64,2.73,2.96,3.23,3.09,2.69,2.82,3.09,3.45,3.4,3.49,4.1,4.66,3.99,3.99,4.04,4.24,4.85,4.96,4.79,5.81,4.17,4.68,5.22,4.89,5.52,6.07,7.51,8.95,2.91,2.84,2.67,2.38,2.34,2.44,2.38,2.3,2.6,2.72,2.64
000966.SZ,4.66,4.65,4.76,4.49,4.3,4.27,4.48,4.42,4.52,4.51,4.63,4.78,5.15,4.78,4.46,4.41,4.59,4.91,4.95,5.0,4.15,4.32,4.55,4.83,4.88,4.56,4.38,4.2,4.53,4.54,4.63,4.7,4.77,5.49,5.69,5.48,5.75,4.72,5.03,4.96,4.77,5.06,4.51,4.33,5.14,5.41,6.17,5.81,4.99,5.77,6.38,6.19,7.38,7.45,7.92,9.11,8.15,10.31,10.52,12.75,9.08
000967.SZ,14.93,9.12,8.42,6.96,7.32,6.57,7.13,7.16,7.1,6.82,6.95,7.14,6.21,6.04,5.74,4.7,4.82,5.1,4.77,4.86,3.92,4.39,4.26,4.55,5.18,5.09,4.87,4.34,4.88,4.91,4.9,4.96,4.95,5.16,5.08,5.08,5.47,5.3,5.44,4.91,4.61,4.88,4.79,4.54,4.8,5.1,5.13,4.76,4.51,5.12,6.02,6.19,7.29,7.83,6.28,6.94,6.57,6.23,6.85,7.95,7.88
000968.SZ,8.83,9.92,9.46,7.78,6.76,6.95,7.52,7.02,7.01,7.04,7.23,6.45,6.35,6.63,6.12,6.2,6.49,6.94,6.45,6.99,5.69,5.96,6.49,6.8,6.96,6.69,6.44,6.1,7.19,7.89,7.87,8.01,7.6,8.0,7.65,7.76,8.05,8.06,9.0,9.05,8.78,9.77,8.81,9.09,10.0,10.23,10.34,10.92,10.61,7.85,9.31,8.73,9.38,11.85,9.21,12.24,9.02,5.87,6.46,6.45,6.26
000969.SZ,21.94,20.93,26.6,23.37,21.44,18.13,21.24,14.92,14.48,13.29,13.07,12.69,12.04,13.37,12.82,11.75,10.74,12.37,11.28,10.51,8.33,8.64,8.08,8.55,9.02,8.93,8.22,7.18,9.4,9.6,9.59,9.42,9.45,9.37,9.42,9.07,8.86,9.44,8.86,8.94,7.98,8.14,8.26,7.43,8.33,9.49,8.88,8.05,7.03,7.88,9.34,9.06,10.68,11.85,8.61,8.64,10.59,9.9,8.03,7.94,7.29
000970.SZ,12.31,11.74,15.0,13.48,13.7,12.79,13.65,14.82,15.42,13.09,11.75,11.0,11.05,12.82,12.1,10.86,10.12,10.93,11.21,10.14,8.19,8.28,7.97,7.97,8.89,9.67,9.43,8.26,10.33,10.56,10.43,10.84,10.93,12.15,12.81,11.87,11.93,13.31,14.62,15.48,13.92,13.28,13.57,13.36,15.45,21.3,17.65,11.98,10.88,12.45,13.8,13.71,16.35,15.0,11.25,10.61,11.38,11.72,9.35,9.48,9.25
000972.SZ,3.9,3.89,3.79,3.54,4.03,3.89,3.79,3.48,4.67,3.22,3.53,3.53,3.15,2.95,3.14,3.31,2.81,3.43,2.96,3.01,2.29,2.32,2.27,2.56,3.12,3.67,3.91,3.83,3.64,3.76,3.65,3.42,3.91,3.78,3.47,3.45,3.6,3.76,4.18,4.02,2.96,2.72,2.62,2.51,2.65,2.67,2.68,2.24,1.81,2.21,2.7,2.71,2.75,3.13,2.23,2.2,2.0,1.93,2.02,2.34,1.75
000973.SZ,21.25,17.96,13.15,11.93,14.82,13.54,8.57,8.0,7.16,6.62,6.88,6.4,6.4,6.78,7.11,5.66,5.83,7.13,6.27,4.64,3.74,3.67,3.74,3.89,4.23,4.21,3.94,3.95,5.07,4.83,4.79,4.52,4.6,4.72,4.48,4.49,4.52,4.83,4.82,4.83,4.49,4.69,4.33,4.05,4.9,4.75,4.57,4.3,3.98,5.03,4.93,4.64,5.24,5.06,4.65,4.65,4.84,4.82,4.22,4.39,4.11
000975.SZ,27.58,30.62,33.84,31.36,24.68,22.43,21.27,24.48,20.87,18.01,19.54,20.38,20.61,18.77,16.06,17.45,16.0,16.68,18.0,18.29,15.85,18.05,16.95,18.42,18.55,18.62,15.24,13.75,14.84,14.8,13.49,14.29,14.41,13.2,12.4,12.84,13.18,12.89,11.86,12.72,11.41,14.54,14.12,12.89,11.54,10.64,9.61,9.88,9.57,9.35,9.08,8.34,8.81,9.01,8.88,8.69,8.72,9.0,9.84,10.78,8.73
000977.SZ,73.22,58.48,61.26,60.89,67.88,62.46,63.78,75.96,68.93,54.1,50.44,49.01,52.28,53.07,58.24,55.71,48.69,48.03,43.7,45.65,31.4,37.05,37.28,36.89,41.0,44.03,41.13,29.2,32.58,36.52,29.71,37.25,38.6,47.7,47.36,45.29,41.88,37.65,42.88,24.18,22.64,22.91,23.15,18.9,23.25,24.39,26.26,24.6,25.05,27.15,32.94,30.82,35.93,33.46,30.69,29.08,30.16,31.54,26.84,29.1,26.42
000978.SZ,6.53,7.67,6.93,7.18,7.03,6.82,6.48,6.24,6.85,6.46,6.13,6.02,6.0,6.43,6.16,5.88,6.11,6.88,6.27,6.79,5.72,6.09,6.12,6.29,6.71,7.25,6.42,6.03,7.36,7.37,6.83,6.91,7.95,8.03,7.74,7.6,7.63,8.68,8.59,7.99,8.92,7.73,6.46,5.91,6.55,6.27,7.14,6.5,5.37,6.69,6.62,6.0,5.73,4.98,4.84,5.65,6.2,4.6,5.74,6.44,6.07
000980.SZ,2.52,2.35,2.99,3.07,3.56,3.84,3.78,3.62,2.83,1.99,2.09,2.03,2.15,2.27,2.61,2.12,2.35,2.71,2.25,2.18,1.48,1.67,1.42,1.83,2.2,2.45,2.79,2.27,2.94,3.46,3.54,3.31,3.95,4.84,2.71,2.56,3.08,3.6,4.19,4.72,4.41,6.29,4.74,4.6,4.93,4.01,3.56,3.92,3.18,3.91,4.32,4.9,6.67,8.46,8.62,6.75,7.81,6.2,6.77,5.41,4.78
000981.SZ,3.9,4.28,4.68,4.77,4.05,3.56,3.76,4.66,2.41,2.03,2.4,2.13,1.89,2.06,2.24,2.17,2.2,1.93,1.36,1.35,1.07,1.28,1.38,1.4,1.55,1.61,1.33,1.33,1.59,1.81,1.69,1.45,1.51,1.76,1.54,1.6,1.86,1.81,1.82,1.91,1.84,1.97,1.75,1.53,1.68,1.77,1.61,1.4,1.45,1.38,1.81,3.19,3.19,3.76,2.84,2.75,2.53,1.96,1.94,1.86,1.83
000983.SZ,7.31,6.63,7.4,6.68,6.52,6.81,7.35,7.19,7.02,7.07,6.33,6.19,6.45,7.08,6.89,7.24,7.91,8.19,8.25,9.43,7.95,8.14,10.63,11.08,10.59,10.11,11.64,10.42,10.34,9.88,8.58,10.24,9.03,9.07,9.15,9.69,10.18,11.08,13.25,11.72,11.55,13.11,11.58,15.24,12.9,11.88,13.43,14.56,13.57,12.35,10.8,8.11,8.66,8.16,9.43,10.81,11.35,8.32,7.8,7.45,6.08
000985.SZ,19.88,19.53,22.85,20.98,19.51,19.68,19.02,17.71,18.09,18.66,18.53,17.44,17.2,17.18,18.27,18.97,18.11,20.01,17.68,16.14,12.46,12.58,12.65,13.64,14.77,14.48,13.43,13.15,16.77,16.62,16.34,16.08,16.4,16.36,16.28,15.14,16.31,16.79,18.76,18.31,17.24,19.55,16.14,15.7,22.17,15.65,16.31,22.39,15.04,13.78,14.25,13.59,14.22,12.65,11.54,12.92,12.29,11.44,11.8,11.97,11.73
000987.SZ,8.94,8.63,9.53,9.81,8.59,7.25,8.03,7.87,7.94,7.39,6.77,6.5,6.47,6.46,6.46,6.43,6.7,7.71,7.67,7.58,4.78,5.32,4.97,5.43,5.83,5.68,6.15,5.62,5.97,6.4,6.58,6.65,6.91,7.49,6.44,6.79,7.03,6.8,6.68,6.77,6.02,6.34,5.76,5.58,6.4,6.33,6.85,7.79,7.42,8.48,8.82,8.25,8.84,8.95,7.9,8.62,8.74,10.94,12.26,13.21,12.76
000988.SZ,125.19,104.74,94.97,74.78,81.93,73.62,78.26,88.41,75.26,50.08,46.46,42.11,41.76,41.35,43.14,38.04,40.93,36.47,37.5,38.17,29.1,29.17,30.19,30.24,33.7,36.8,33.69,26.25,29.53,30.77,28.02,33.79,30.82,36.57,38.04,33.66,31.48,27.95,21.02,19.1,17.05,17.65,17.94,18.24,20.94,23.1,23.36,20.32,17.11,19.79,24.58,24.23,27.68,29.88,30.85,29.02,26.72,29.48,22.78,20.95,19.95
000989.SZ,9.57,9.62,8.83,8.72,9.02,9.45,10.17,9.76,11.3,11.63,9.13,9.35,8.64,8.3,8.23,7.91,7.89,7.74,7.27,7.41,6.55,7.04,6.45,6.5,8.14,8.88,8.92,8.22,10.3,11.09,10.83,11.35,10.95,11.19,13.33,13.03,14.43,12.45,11.18,9.3,9.01,9.39,8.71,8.16,8.89,9.07,9.05,8.57,8.96,10.16,9.48,9.12,11.95,9.12,8.69,8.8,8.96,9.33,10.44,9.58,9.13
000990.SZ,12.61,9.83,8.94,8.24,7.89,7.57,7.76,7.35,7.95,7.79,7.59,7.62,7.74,7.57,7.51,7.32,7.48,8.44,7.92,8.69,6.53,7.1,7.7,7.79,8.06,7.38,7.51,7.1,8.38,8.46,8.45,7.68,7.87,8.31,7.69,7.93,8.31,9.18,9.43,9.28,8.99,9.46,9.14,9.45,11.17,10.1,10.83,10.64,9.72,12.96,13.59,13.28,16.26,15.34,14.23,15.77,16.3,15.88,12.8,13.2,13.91
000993.SZ,12.59,15.15,14.0,12.04,12.04,12.22,10.61,9.99,10.67,10.45,10.05,9.79,11.1,9.28,8.41,8.34,8.19,9.19,9.58,9.55,7.82,8.52,9.8,9.81,10.38,10.34,8.73,8.63,10.41,9.41,9.45,9.62,10.07,11.34,12.16,10.83,9.64,10.07,10.56,10.72,10.39,11.07,10.32,10.07,11.91,13.15,13.64,14.08,14.73,11.98,11.99,11.16,13.43,14.01,16.68,17.78,9.07,9.71,8.99,11.36,7.28
000995.SZ,13.66,13.99,15.25,17.52,12.62,12.67,13.68,14.06,14.88,14.51,14.49,13.61,12.72,12.62,14.3,14.02,16.64,15.24,14.44,14.75,8.29,8.09,7.81,9.71,11.41,12.78,12.35,12.39,17.2,16.53,15.86,16.01,17.81,17.01,17.31,18.15,18.82,17.01,19.03,18.32,16.6,17.12,15.24,15.22,17.08,17.79,16.95,15.98,13.56,13.08,16.0,15.06,23.95,23.93,23.72,26.35,26.87,23.63,29.72,25.56,18.04
000997.SZ,20.44,20.3,23.99,26.68,27.72,25.78,27.77,28.97,29.42,29.6,31.6,30.15,28.1,29.43,22.9,20.12,18.97,21.37,18.31,18.42,12.41,13.26,14.26,15.18,17.0,17.9,19.17,15.84,19.51,18.38,17.26,19.31,19.48,18.23,19.13,19.6,17.33,17.27,16.22,14.53,13.47,13.63,13.82,11.98,13.35,14.79,13.5,12.85,12.02,16.38,18.36,16.3,18.6,17.65,15.07,15.57,16.73,15.63,15.94,15.19,13.91
000998.SZ,9.15,9.92,10.19,10.16,9.42,9.67,9.78,9.75,9.94,9.98,9.86,10.21,10.27,10.15,10.75,10.4,10.84,11.29,10.91,11.69,9.4,9.94,10.05,11.01,12.38,12.98,13.75,12.5,14.15,16.68,16.49,15.11,15.14,16.46,15.5,14.84,15.9,16.39,17.12,17.94,15.9,16.17,15.05,13.8,15.59,14.85,16.73,17.59,16.89,19.18,19.21,19.38,24.0,23.79,22.44,23.57,20.71,20.38,15.64,16.91,17.42
000999.SZ,25.76,28.41,29.17,28.1,28.82,28.48,28.98,28.29,30.15,31.47,31.2,43.1,41.32,43.48,42.06,44.3,43.1,44.98,45.99,51.82,45.48,41.8,44.6,61.83,60.62,52.27,54.25,54.44,52.2,49.07,43.23,49.21,46.81,49.94,58.88,63.85,64.85,55.85,51.89,48.36,49.11,56.27,52.15,39.7,39.18,36.91,45.36,41.85,38.05,44.48,34.8,35.59,37.66,24.76,24.21,29.36,27.85,24.13,28.11,26.21,24.68
002001.SZ,33.98,34.34,32.5,26.24,25.12,24.69,24.44,25.06,24.83,22.25,21.31,21.93,21.98,22.45,21.44,22.27,21.58,21.84,23.31,23.15,19.22,21.48,19.64,18.86,19.7,17.09,18.06,16.0,17.25,16.99,16.21,16.31,16.26,16.4,15.54,15.17,17.01,18.01,19.17,19.6,18.88,19.88,19.21,21.54,22.42,20.22,22.34,20.68,26.98,33.05,33.44,30.59,30.51,29.05,27.14,26.63,29.56,27.11,28.71,32.09,38.4
002181.SZ,18.14,12.03,10.22,11.99,8.95,9.49,11.59,7.86,7.37,7.1,6.98,5.92,5.61,5.38,5.6,5.48,5.71,4.86,4.09,4.06,3.16,3.25,3.26,3.73,4.08,4.45,4.31,4.03,4.61,5.41,4.51,4.53,4.96,4.98,4.94,5.52,7.06,5.82,5.68,5.55,5.72,7.52,3.91,3.66,4.61,4.37,4.31,6.12,3.54,4.19,4.32,4.21,4.66,4.08,3.91,4.11,4.18,4.11,4.26,4.79,4.18
600000.SH,9.18,10.24,9.68,10.06,11.82,11.54,11.41,11.8,13.49,12.92,14.18,12.54,11.17,10.35,10.15,10.41,10.13,9.49,9.94,10.5,8.39,8.57,8.28,8.28,7.85,7.23,7.11,6.8,6.6,6.85,6.86,7.03,7.01,7.6,7.32,7.28,7.68,7.19,7.26,7.36,7.23,7.22,6.74,7.03,7.23,7.23,7.99,7.91,7.99,8.07,8.44,8.52,8.57,8.56,8.72,9.08,9.18,9.13,10.03,10.19,10.1
600004.SH,8.65,9.07,9.25,9.48,9.46,9.66,9.83,9.44,9.95,9.36,9.07,9.56,9.09,9.08,9.07,9.25,9.35,9.84,9.65,10.5,8.87,9.62,9.52,10.08,10.45,10.36,10.07,9.28,9.72,10.82,10.62,10.79,11.9,14.47,15.08,13.77,15.26,16.04,14.31,13.96,14.56,14.43,15.22,14.1,13.01,13.37,14.31,12.4,12.16,12.82,13.22,14.0,12.46,10.97,11.77,11.38,9.8,8.66,11.1,11.71,11.7
600006.SH,6.81,6.39,6.83,6.82,7.2,7.46,7.79,7.89,7.61,7.23,7.21,8.06,7.1,7.82,7.4,6.76,7.44,7.62,6.29,7.22,5.88,7.85,6.48,6.68,7.87,8.19,6.05,5.47,5.83,6.65,6.11,5.65,5.61,6.34,6.03,5.63,5.71,5.71,6.1,6.14,5.66,6.43,5.7,5.54,6.16,7.3,7.57,7.48,4.76,5.45,6.18,6.17,6.87,7.22,7.01,7.62,8.6,9.1,7.16,7.19,6.56
600007.SH,21.23,21.1,20.18,20.14,19.78,19.88,20.22,20.2,20.48,20.48,20.52,22.05,21.54,23.25,23.55,23.64,24.19,23.28,22.7,26.94,21.28,21.17,22.82,24.21,23.54,25.02,19.05,17.41,19.0,20.31,20.67,19.2,19.7,20.07,18.64,18.95,18.98,16.93,17.93,16.88,16.13,17.07,13.65,13.72,14.7,14.3,15.16,14.96,14.13,17.2,14.19,14.0,14.55,14.34,13.38,14.54,19.81,15.59,18.2,21.65,14.89
600008.SH,3.08,3.13,3.18,3.04,3.04,3.02,3.2,3.27,3.14,3.09,3.04,3.19,3.16,3.16,3.02,3.1,3.17,3.31,3.43,3.35,2.87,2.94,2.75,2.88,2.93,2.81,2.82,2.7,2.72,2.71,2.76,2.82,2.86,3.06,2.89,3.05,3.07,2.99,2.98,2.94,2.88,2.89,2.8,2.61,2.8,2.92,2.93,2.92,2.92,3.2,3.47,3.27,3.49,3.29,3.23,3.87,3.79,3.3,3.0,3.08,2.96
600009.SH,27.38,28.12,29.96,30.51,32.7,31.89,32.24,31.95,32.36,32.14,31.61,32.5,32.25,32.6,32.38,33.01,33.31,35.69,34.92,38.93,32.25,34.41,32.58,34.57,37.46,36.65,34.93,33.34,32.18,35.96,37.09,37.07,39.49,46.85,47.04,45.12,51.88,56.47,58.82,60.49,56.25,54.25,58.0,57.5,54.77,54.8,54.15,48.89,51.3,50.69,54.16,52.2,48.52,44.88,51.07,47.0,43.47,37.97,47.62,50.0,46.7
600010.SH,2.82,2.63,3.32,2.36,2.43,2.49,2.66,2.58,2.75,2.53,1.79,1.73,1.83,1.8,1.84,1.81,1.81,1.98,1.88,1.83,1.42,1.45,1.45,1.49,1.62,1.63,1.53,1.42,1.45,1.55,1.61,1.72,1.8,1.93,1.8,1.84,1.82,1.9,2.07,2.1,1.93,1.98,1.82,1.83,2.0,2.19,2.49,2.0,1.86,2.24,2.64,2.5,2.79,2.87,2.71,3.08,3.8,2.69,1.53,1.62,1.53
600012.SH,15.8,15.24,14.51,14.31,14.73,15.05,15.25,13.23,14.57,15.81,17.05,17.62,17.01,17.65,17.19,15.78,16.55,14.42,13.85,16.05,15.9,15.6,14.22,13.54,13.07,13.75,13.49,12.13,11.25,10.85,10.12,11.11,10.71,10.32,10.49,10.49,10.05,8.49,8.59,7.86,7.33,7.12,6.79,6.75,6.77,6.82,7.51,7.7,7.22,7.99,7.67,8.13,7.23,6.78,5.86,6.79,6.42,5.69,6.38,6.87,7.36
600015.SH,6.74,7.38,6.78,6.43,6.86,7.01,6.89,6.53,7.42,7.93,8.04,7.72,7.2,7.83,7.26,7.41,7.75,7.43,7.15,7.78,6.34,6.31,6.45,6.81,6.67,6.56,6.34,6.03,5.7,5.83,5.63,5.68,5.57,5.8,5.48,5.73,6.01,5.41,5.26,5.22,5.21,5.19,4.84,5.04,5.16,5.1,5.19,5.36,5.38,5.64,5.66,5.77,5.63,5.67,5.64,5.66,5.67,5.55,6.19,6.38,6.26
600016.SH,3.69,3.78,3.95,3.75,3.85,4.15,3.97,3.95,4.51,4.9,4.85,4.48,3.97,3.95,4.15,4.09,4.01,3.98,3.79,4.13,3.48,3.54,3.81,3.86,3.92,4.02,4.06,3.92,3.76,3.87,3.73,3.66,3.82,4.01,3.8,3.91,3.99,3.45,3.43,3.5,3.44,3.51,3.35,3.4,3.61,3.61,3.71,3.78,3.68,3.86,3.91,3.92,3.91,3.91,3.92,3.96,4.04,4.01,4.41,4.69,4.7
600019.SH,6.33,6.48,7.31,6.95,7.28,7.24,7.57,7.18,6.89,7.29,6.6,6.58,6.89,7.32,7.27,6.72,6.92,6.78,6.68,7.03,5.93,6.82,6.76,6.95,6.97,6.63,6.68,6.12,6.01,6.25,6.25,6.14,6.36,6.47,5.75,5.85,6.64,6.28,6.62,6.3,5.6,5.61,4.88,5.23,5.33,5.58,6.18,6.44,6.33,6.87,7.29,7.29,7.23,6.77,7.01,8.62,10.25,7.3,7.73,7.95,9.01
600021.SH,17.55,18.4,21.7,20.93,20.09,21.65,28.94,23.28,16.84,9.69,8.9,8.8,9.04,9.28,8.8,8.7,8.95,9.51,9.58,9.66,8.56,9.34,10.15,10.06,9.39,8.8,8.36,7.76,8.54,8.8,8.74,8.83,8.99,10.37,10.92,11.42,10.53,9.94,10.24,10.18,10.58,10.2,9.48,8.93,9.55,9.4,10.39,10.29,9.0,9.61,11.48,12.55,12.9,10.38,11.09,11.13,7.5,6.82,6.81,6.93,7.08
600026.SH,22.32,23.65,22.64,15.03,11.69,12.89,13.3,11.73,10.65,10.07,10.31,10.08,10.73,11.22,11.2,12.82,11.34,12.49,13.22,15.76,14.42,14.89,16.01,17.56,16.39,16.73,13.52,12.93,12.79,13.18,14.32,13.48,13.67,14.5,13.75,10.88,12.91,12.49,15.04,14.89,12.58,15.25,16.79,16.89,13.94,13.56,9.88,11.2,8.0,6.53,6.11,5.24,6.11,5.86,5.51,7.22,5.38,5.17,6.09,6.13,6.18
600028.SH,5.37,5.89,7.11,6.38,6.09,5.85,5.57,5.36,5.7,5.69,5.66,5.75,5.64,5.73,5.74,6.02,6.56,6.31,6.28,7.02,6.97,6.56,6.39,6.4,6.32,6.36,6.2,5.85,5.62,5.44,5.47,6.06,6.11,6.27,6.53,6.49,6.71,5.56,4.75,4.52,4.4,4.51,4.11,4.34,4.23,4.11,4.08,4.4,4.35,4.37,4.32,4.36,4.26,4.13,4.22,4.59,4.27,4.0,4.33,4.47,4.37
600029.SH,5.51,5.93,7.0,7.26,8.08,6.98,6.95,6.17,5.97,5.67,5.86,6.04,5.91,5.71,5.84,5.85,6.34,6.64,6.1,6.39,5.56,5.91,5.87,5.83,5.7,5.73,5.71,5.65,5.75,6.04,6.13,6.02,6.43,6.95,6.37,5.79,7.22,8.15,7.9,7.22,7.51,7.4,6.85,6.68,6.15,6.36,6.98,6.48,6.38,6.49,7.07,7.36,6.96,6.2,6.42,6.07,5.84,5.29,6.01,6.38,6.17
600030.SH,27.49,24.51,27.07,27.86,29.33,27.67,29.22,29.65,31.17,28.75,27.39,25.59,25.51,26.44,27.36,26.95,27.45,31.27,27.95,29.92,18.92,19.58,18.2,18.43,19.21,19.41,21.32,20.44,20.07,21.56,21.73,21.68,22.38,23.67,20.24,20.1,21.27,21.0,20.9,22.09,19.9,19.97,17.9,17.33,19.3,19.34,21.34,19.61,19.38,21.12,23.37,25.28,26.44,24.23,25.98,25.75,26.89,23.27,24.67,25.77,24.0
600031.SH,20.91,20.3,22.97,21.38,21.26,20.12,21.88,23.24,21.16,19.78,17.73,18.42,19.68,18.93,18.8,15.81,15.77,17.34,18.74,19.42,16.31,15.78,16.43,15.91,16.93,14.98,13.95,13.25,13.76,13.72,14.21,15.88,15.95,17.27,16.6,14.93,16.33,17.69,19.27,17.23,15.8,15.92,14.85,13.69,15.85,17.05,19.84,16.8,16.6,17.55,19.74,20.74,22.8,22.05,23.06,26.16,28.85,27.3,28.39,31.62,30.18
600035.SH,3.84,3.9,4.02,3.92,3.91,4.01,4.11,3.97,4.13,4.29,4.29,4.57,4.42,4.45,4.2,4.28,4.5,4.34,4.13,4.39,3.91,4.51,4.36,4.43,4.58,4.34,3.89,3.82,3.91,4.0,3.88,3.89,3.72,4.24,4.12,4.13,4.33,3.51,3.48,3.4,3.38,3.27,3.1,3.16,3.46,3.53,3.26,3.56,3.23,3.39,3.32,3.21,3.23,3.06,3.0,3.27,3.0,2.77,2.99,3.03,3.06
600036.SH,38.0,39.82,38.67,38.45,42.35,43.44,41.79,40.33,41.98,44.42,46.45,43.97,41.37,42.87,42.05,40.0,38.51,36.51,38.01,40.0,31.93,32.71,34.36,34.15,34.88,32.64,31.94,30.42,27.58,28.26,30.45,32.58,32.27,34.99,33.72,32.06,34.13,34.37,38.25,40.54,37.58,35.0,28.19,31.8,34.5,34.52,41.38,39.69,39.26,47.1,50.24,51.35,48.35,49.99,54.12,50.93,50.79,47.71,56.0,57.36,53.67
600037.SH,8.06,7.5,7.87,7.99,7.38,7.81,8.19,7.99,9.63,8.7,7.6,7.71,7.23,7.27,7.6,7.25,7.42,7.64,7.14,7.45,5.73,6.05,6.06,6.66,7.04,7.02,7.33,6.72,7.73,8.42,7.71,7.77,8.16,8.44,8.38,8.87,10.0,9.74,9.05,8.35,8.28,8.72,8.09,7.36,8.1,8.8,9.42,10.02,8.56,9.02,8.8,7.83,8.8,7.85,7.54,7.98,8.48,8.27,9.51,10.22,9.11
600038.SH,31.29,33.84,38.94,35.85,36.36,35.47,36.16,36.17,39.85,39.27,38.74,37.29,35.83,36.94,36.32,35.98,37.11,40.91,40.59,44.0,36.87,41.99,41.52,41.66,42.55,40.6,36.65,32.76,38.7,37.48,37.93,38.34,38.06,40.21,40.05,39.07,42.1,42.56,45.76,48.2,45.9,49.22,43.99,38.5,42.25,43.0,44.2,39.5,38.79,49.61,60.38,55.46,79.95,71.73,63.41,55.26,60.1,54.26,50.96,53.2,49.68
600039.SH,8.02,9.46,10.15,9.63,9.99,9.4,9.74,8.03,8.91,8.27,9.89,9.3,8.91,8.0,7.41,7.03,7.13,7.61,7.38,7.31,5.5,6.26,8.06,8.13,7.31,7.77,8.07,7.97,7.52,7.71,7.7,8.82,8.88,9.72,9.97,14.44,15.55,13.78,13.19,12.18,10.93,11.42,11.37,10.3,10.83,10.29,10.84,10.38,10.52,10.6,11.92,11.12,11.71,13.0,11.35,9.28,7.46,6.13,6.37,7.11,6.77
600050.SH,4.45,4.48,4.93,4.83,5.16,5.45,5.43,5.58,5.7,5.32,5.35,5.33,5.48,5.56,6.22,4.99,5.02,5.15,5.04,5.54,4.63,4.72,4.68,4.59,4.66,4.74,4.84,4.45,4.29,4.46,4.44,4.96,5.2,5.14,4.91,5.02,5.44,5.56,5.81,5.28,4.93,4.72,3.41,3.38,3.54,3.41,3.47,3.47,3.53,3.58,3.85,3.76,3.99,3.91,4.1,4.18,4.27,4.17,4.32,4.34,4.28
600051.SH,7.86,7.72,8.01,7.82,7.58,7.79,7.71,7.14,7.32,7.55,7.28,7.16,6.91,6.79,6.77,6.58,6.49,7.14,6.38,6.54,5.26,5.29,5.28,5.65,6.06,6.12,5.76,5.93,7.44,7.39,7.15,7.07,7.27,7.87,7.31,7.25,7.42,7.49,8.09,7.89,7.68,9.07,6.75,6.8,7.71,7.26,6.77,6.88,6.55,7.96,7.76,7.22,7.81,6.8,6.34,6.64,6.52,6.28,6.61,7.24,6.77
600052.SH,4.51,4.01,4.33,4.55,4.75,5.06,4.81,5.27,4.74,4.44,4.49,4.16,4.16,4.36,4.69,4.42,4.42,5.31,4.72,4.46,3.39,4.0,4.33,4.34,4.13,3.99,3.6,3.88,4.86,5.31,4.53,4.72,4.83,4.99,4.32,4.63,4.99,4.9,4.86,5.09,5.44,5.25,5.19,4.64,5.45,5.17,4.81,4.39,3.58,4.29,4.9,4.76,5.23,4.17,4.12,4.38,3.66,3.56,3.13,3.3,3.47
600053.SH,10.32,15.26,17.94,22.5,19.48,19.12,19.64,16.88,18.52,16.31,15.18,15.06,14.34,13.36,13.18,13.28,13.48,16.65,15.16,18.95,11.64,13.35,14.19,13.88,15.74,16.43,18.11,16.0,14.17,15.31,12.14,12.93,13.49,14.0,12.9,12.94,13.87,16.05,16.21,17.4,14.84,15.59,14.83,13.58,16.75,16.85,16.22,17.02,14.35,16.67,18.48,18.99,15.63,16.25,14.39,14.29,22.21,14.58,16.78,17.19,16.46
600054.SH,11.48,13.48,12.3,13.17,11.42,11.43,11.34,11.43,12.3,11.58,11.68,11.49,11.67,12.07,11.43,11.1,11.22,11.68,11.26,12.39,10.65,11.12,11.35,12.07,11.96,12.4,11.05,10.71,11.08,11.5,11.37,11.78,12.59,13.51,13.4,13.93,13.25,14.23,12.27,11.95,12.6,12.14,10.8,9.56,10.37,10.28,11.27,10.63,9.75,11.45,10.73,10.42,10.12,9.13,8.82,9.28,9.64,8.44,9.75,9.77,9.96
600056.SH,10.38,10.46,10.57,10.65,10.49,10.87,11.31,11.32,10.9,11.08,10.4,10.63,10.19,10.76,10.57,10.73,10.78,11.96,11.4,12.15,9.99,10.29,10.29,10.7,11.32,11.13,11.32,10.78,11.15,12.07,11.88,12.41,12.44,13.1,13.12,13.67,14.26,13.78,15.88,15.49,17.31,16.16,13.88,11.76,13.27,14.37,14.5,20.07,23.27,32.72,11.1,10.5,12.03,11.28,10.94,11.56,11.23,10.99,12.35,12.96,12.73
600057.SH,7.04,8.08,8.54,7.65,8.39,8.27,8.42,7.14,7.29,7.12,6.99,6.84,6.63,5.95,5.86,5.99,6.26,6.28,5.81,6.35,5.18,5.21,6.93,7.44,6.96,6.7,6.82,6.36,6.72,6.67,6.4,6.74,6.99,8.3,8.73,9.68,10.04,10.78,11.37,11.07,10.34,11.69,10.25,8.37,9.23,8.47,8.88,9.44,8.89,8.93,8.19,8.27,8.57,7.65,7.77,8.04,8.05,7.53,6.21,6.23,6.69
600058.SH,11.28,11.11,13.56,13.17,12.67,8.69,9.15,9.44,9.95,7.96,7.71,7.32,7.27,7.35,7.68,6.91,6.95,7.85,7.95,7.96,6.12,6.38,6.72,7.54,8.44,8.57,8.64,8.38,9.47,9.84,9.23,9.49,9.59,10.17,9.83,9.4,10.03,10.21,9.65,9.71,8.75,9.5,8.37,7.97,9.12,9.78,10.18,10.28,7.56,8.68,9.62,8.97,9.5,9.11,8.56,9.9,10.58,8.75,7.57,8.77,7.41
600059.SH,8.74,9.1,9.65,10.31,9.3,9.23,9.56,9.57,10.61,9.78,10.8,10.11,8.87,8.47,8.3,8.2,8.73,9.21,8.64,9.4,7.76,8.12,7.81,8.44,9.17,9.07,8.64,8.08,9.25,9.8,9.65,9.77,10.22,10.97,10.52,9.6,9.98,10.24,10.55,9.77,9.65,9.33,8.91,8.55,9.47,9.95,10.88,10.32,9.57,9.7,10.81,10.29,12.34,11.4,11.1,11.46,10.45,11.39,12.68,14.9,11.93
600060.SH,25.31,23.08,22.5,23.78,24.65,25.92,24.72,24.57,22.05,22.85,23.49,23.55,23.58,25.55,22.95,23.46,19.69,19.37,21.93,22.01,15.58,17.43,25.11,27.72,28.57,23.63,25.57,22.34,20.9,23.53,23.99,22.3,21.1,21.62,23.99,21.61,23.47,18.93,16.38,15.42,14.1,13.79,12.48,11.18,12.27,12.86,12.27,12.35,11.29,11.19,12.68,14.1,14.2,13.31,12.63,12.17,11.18,13.35,17.0,12.86,11.27
600061.SH,6.74,7.01,7.39,7.54,7.72,7.39,7.8,7.88,8.19,7.56,7.47,7.08,6.98,7.07,7.14,7.08,7.17,7.8,7.82,8.98,5.65,5.95,5.66,6.08,6.47,6.51,6.92,6.51,6.69,7.01,6.83,6.84,7.28,7.88,7.24,7.33,7.49,7.1,7.06,7.02,6.2,6.54,5.92,6.02,6.59,6.06,6.28,6.13,6.2,7.16,7.45,7.57,8.3,8.12,8.31,9.06,9.46,7.63,8.25,13.69,12.66
600062.SH,17.94,18.79,18.27,18.35,18.54,18.82,19.41,18.92,19.75,20.8,18.67,19.74,18.87,19.48,18.89,19.32,19.3,21.41,21.46,24.61,21.18,18.48,20.03,21.06,23.02,20.71,20.4,17.26,18.98,19.3,16.8,17.32,16.14,16.66,17.4,18.68,21.14,17.54,18.48,18.64,19.68,21.8,19.75,17.32,20.14,20.9,27.09,24.68,30.47,16.51,12.37,12.05,13.45,12.39,11.46,12.04,11.55,11.19,12.01,12.13,11.88
600063.SH,6.97,6.84,7.3,6.47,5.95,5.98,6.02,6.27,5.4,5.14,4.56,4.3,4.54,4.7,3.91,3.93,3.88,4.42,4.04,4.26,3.33,3.55,3.6,3.99,4.3,4.07,4.02,3.65,4.33,4.53,4.7,5.04,5.07,5.5,5.21,5.18,5.56,6.45,7.34,6.48,6.0,6.66,6.06,6.74,7.97,7.4,7.85,7.31,6.44,5.98,5.9,5.54,6.18,6.64,7.58,6.4,7.18,5.62,4.76,4.33,3.93
600064.SH,8.22,8.4,8.8,8.63,8.74,8.46,9.03,8.12,8.04,7.55,7.71,7.6,7.26,7.32,7.06,7.26,7.54,8.05,7.57,7.62,5.72,5.89,6.18,6.25,6.36,6.31,6.26,5.97,6.04,6.11,6.16,6.2,6.39,6.92,6.64,6.52,6.95,6.64,6.89,6.9,6.7,7.21,6.3,6.81,7.04,6.76,11.03,10.92,10.78,10.48,9.62,9.34,9.49,9.15,9.19,9.1,9.09,8.1,9.31,10.18,9.75
600066.SH,36.04,37.24,30.26,30.69,33.54,32.0,32.42,27.95,28.3,25.54,25.12,24.89,26.72,26.19,26.24,27.96,25.81,22.51,23.62,26.33,20.79,22.5,26.24,24.52,26.92,21.04,18.2,15.19,13.37,13.25,13.46,13.39,12.72,13.93,14.57,12.96,13.78,12.58,9.99,8.35,7.55,7.76,7.22,6.95,7.55,7.95,8.63,8.21,7.61,8.43,9.75,10.15,11.01,11.11,11.3,11.5,12.53,11.76,12.55,13.18,13.22
600071.SH,19.66,19.38,20.83,21.08,21.25,21.55,21.89,23.45,23.11,21.04,21.4,20.75,20.15,20.51,21.11,23.04,20.06,22.37,23.72,21.63,16.3,16.4,16.29,18.57,17.76,19.24,18.8,18.02,22.35,22.12,21.75,18.17,18.52,19.95,20.75,19.66,18.48,21.38,22.42,23.96,21.65,22.33,19.16,16.66,19.82,23.58,20.77,20.12,28.88,34.71,39.25,39.26,49.6,51.8,43.98,18.63,13.93,13.34,13.72,15.16,13.17
600072.SH,13.84,12.78,13.14,11.73,11.76,12.2,12.09,12.3,12.83,12.51,13.22,12.17,11.92,12.66,12.27,12.13,13.29,13.78,13.81,15.18,10.81,13.3,13.57,15.02,16.23,16.4,17.66,15.72,18.89,18.18,17.64,19.69,20.96,24.25,29.35,25.97,22.92,14.81,13.34,12.65,12.11,13.14,12.13,12.18,13.36,12.71,12.2,13.06,11.03,12.92,15.73,15.41,16.12,15.55,12.78,13.11,15.2,11.08,11.24,11.72,11.26
600073.SH,5.88,5.9,6.62,6.48,6.44,6.73,6.84,7.0,7.34,7.53,7.45,8.52,8.11,7.8,6.38,6.43,6.94,7.31,6.99,7.12,6.02,5.71,5.6,6.16,6.47,6.34,6.13,5.96,6.82,7.12,7.02,7.12,7.66,7.88,7.42,7.55,8.24,8.96,8.9,8.14,7.85,7.73,6.93,7.48,7.86,7.38,7.96,7.72,7.46,7.44,7.58,7.55,8.31,7.82,7.93,8.12,7.55,7.56,8.03,8.8,8.28
600075.SH,6.64,7.0,6.98,5.72,4.97,4.93,4.8,4.71,4.53,4.41,4.23,4.2,4.17,4.38,4.36,4.35,4.24,4.58,4.47,4.67,3.89,3.8,3.55,3.83,4.15,4.15,4.01,3.71,4.35,4.44,4.6,4.72,4.76,5.02,4.74,4.95,5.15,5.65,5.88,5.76,5.53,5.66,5.26,5.69,6.13,6.28,6.35,6.13,6.01,7.24,7.54,7.24,8.28,7.95,8.14,9.56,10.07,7.98,6.69,7.6,7.6
600076.SH,3.35,3.55,3.84,3.59,3.64,3.04,2.89,2.84,3.0,2.34,2.37,2.26,2.09,2.13,2.22,1.94,2.08,2.61,2.09,2.01,1.42,1.53,1.62,1.68,1.92,2.19,2.18,2.14,2.69,2.67,2.62,2.63,2.66,2.87,2.59,2.74,2.87,2.94,3.13,3.06,2.96,3.03,2.84,2.85,3.22,3.16,3.24,3.15,2.93,3.57,3.6,3.52,3.85,3.78,3.53,4.08,3.94,3.8,4.05,5.02,3.51
600078.SH,13.77,11.4,13.22,11.6,9.99,11.52,9.38,7.45,6.64,6.24,5.66,5.51,5.39,5.45,5.43,5.73,5.89,6.44,7.04,6.49,5.36,5.55,6.5,7.59,6.98,6.27,5.65,6.26,8.28,8.34,7.09,7.61,8.7,8.99,9.74,9.11,9.53,12.24,12.14,12.81,11.66,12.82,13.07,11.52,14.8,14.88,11.74,12.15,11.21,10.77,10.19,5.99,9.39,10.96,6.65,6.3,5.57,3.59,2.29,2.6,2.71
600079.SH,18.79,19.07,20.0,18.19,18.52,19.44,20.73,21.38,20.48,21.83,21.05,22.56,20.84,21.5,20.08,20.96,22.22,22.7,21.28,22.68,20.3,19.88,17.36,19.18,20.44,20.06,21.86,19.68,24.88,26.56,23.26,23.61,23.19,22.3,27.11,25.78,27.8,26.25,26.49,26.6,25.1,23.09,20.05,17.0,18.62,18.3,15.9,16.48,16.58,16.13,18.77,19.87,22.67,20.98,22.0,20.77,22.24,23.53,27.86,28.53,32.25
600080.SH,7.24,8.81,8.83,7.75,7.59,8.44,7.78,7.24,7.55,7.87,7.17,7.41,7.0,7.75,7.79,7.16,8.11,7.46,6.65,6.93,6.0,6.23,5.96,6.63,7.24,7.26,7.28,5.87,7.63,7.93,7.66,7.48,7.16,7.31,7.46,7.57,7.62,7.91,8.64,8.25,8.15,8.64,7.86,7.33,7.86,7.86,7.54,7.79,7.3,8.28,8.19,7.23,8.64,7.31,6.88,8.3,7.01,6.91,7.71,6.58,6.62
600081.SH,12.27,11.32,11.6,11.61,11.72,12.18,12.56,12.81,13.67,12.84,13.19,14.53,13.8,15.35,11.94,10.0,10.05,10.8,9.75,10.55,8.17,9.16,8.75,9.28,10.36,11.07,9.6,8.86,11.2,12.62,11.66,11.13,10.84,11.64,14.81,11.69,10.92,11.19,11.16,11.17,10.52,11.52,10.37,9.75,11.0,13.19,12.46,15.92,9.92,11.47,12.23,12.13,13.8,13.52,12.22,12.38,13.26,16.06,15.18,13.65,11.99
600082.SH,3.51,3.52,3.95,4.07,4.05,4.75,4.8,4.13,3.96,4.02,3.92,3.94,3.11,2.9,3.03,2.93,2.75,3.23,2.77,2.82,1.99,2.01,2.04,2.3,2.5,2.81,2.53,2.95,3.49,3.53,3.34,3.17,3.53,3.7,3.17,3.03,3.17,3.3,3.62,3.54,3.38,3.89,3.24,3.89,3.3,3.35,3.38,3.98,3.62,6.15,3.2,2.98,3.16,2.81,2.71,2.97,2.75,2.63,2.97,2.89,2.78
600084.SH,5.08,7.03,6.69,7.85,5.3,5.69,5.71,5.52,5.64,5.6,5.57,5.6,5.31,5.58,5.5,5.05,5.26,6.27,5.6,5.82,4.81,4.98,4.82,5.32,6.02,6.4,6.24,6.04,7.87,8.12,7.93,7.74,7.83,8.04,7.67,7.5,7.82,7.42,7.48,7.12,7.29,7.43,6.71,6.3,7.05,6.41,6.06,5.68,4.93,4.84,4.22,4.02,4.14,4.24,3.75,3.63,3.94,3.42,4.67,3.83,2.9
600085.SH,27.64,28.66,30.38,30.12,32.29,33.75,33.7,34.32,36.08,36.78,36.13,38.14,36.58,37.12,36.56,37.3,39.55,41.25,40.4,43.42,34.68,36.24,39.25,43.88,44.6,41.8,44.0,42.58,54.6,52.76,51.65,53.82,55.29,51.49,55.52,59.09,62.72,53.4,48.96,47.13,45.43,49.15,47.3,45.28,44.81,46.7,49.01,45.08,40.29,45.87,45.49,42.93,49.48,37.11,34.08,31.96,32.98,35.18,41.56,41.59,29.91
600088.SH,15.12,14.34,15.8,17.84,16.29,17.7,17.0,16.45,19.12,16.9,16.0,16.28,16.62,17.18,16.64,17.0,17.78,18.58,17.0,17.37,13.38,15.08,16.57,18.21,20.26,21.4,22.89,28.95,14.12,13.46,12.19,12.45,13.87,13.9,14.15,15.39,13.06,11.39,10.2,9.56,9.93,9.78,8.12,7.71,8.99,8.81,9.06,9.42,7.91,9.4,10.16,9.9,11.63,9.79,9.51,10.17,10.43,9.58,10.27,14.6,11.35
600089.SH,27.78,26.78,31.49,28.35,22.88,22.23,21.54,19.58,14.72,13.4,11.92,11.68,11.66,12.03,12.15,11.99,12.36,13.34,14.02,14.98,12.31,13.48,13.96,14.71,14.38,15.56,15.03,14.0,13.87,13.99,14.01,14.82,14.85,16.47,22.49,22.39,22.9,21.73,21.61,21.57,20.17,21.57,21.02,21.36,24.62,24.7,27.67,22.38,19.27,20.63,20.51,19.52,20.57,22.53,25.43,21.85,24.53,15.27,12.45,11.72,12.33
600094.SH,4.9,4.12,4.7,4.84,4.18,4.18,5.23,4.86,3.37,3.11,3.1,3.16,3.27,3.18,3.57,3.09,3.54,3.96,3.87,4.33,3.15,3.42,3.9,4.19,4.21,3.2,2.89,2.89,2.99,3.13,3.23,3.14,3.4,3.66,3.12,3.06,3.14,3.18,3.34,3.33,3.16,3.59,3.18,3.17,3.38,3.26,3.66,3.47,3.32,4.25,3.62,3.63,3.58,3.59,3.59,3.68,3.59,3.44,3.76,3.65,3.59
600095.SH,9.15,9.39,10.46,10.93,11.29,11.3,12.86,13.14,12.58,10.7,9.87,8.25,8.07,7.65,6.7,6.62,6.97,7.8,7.42,8.81,5.86,6.5,6.0,6.51,7.03,6.93,7.48,7.07,7.41,7.89,8.1,7.69,8.4,8.82,7.86,8.08,8.41,9.78,10.43,10.21,7.69,8.0,6.58,6.27,7.03,6.98,7.57,7.24,6.6,8.4,8.87,8.66,10.05,10.1,9.1,9.65,9.9,10.18,10.87,13.5,7.9
600096.SH,36.18,33.5,43.99,35.04,33.81,30.93,29.59,28.56,27.34,24.22,22.08,21.72,22.31,22.95,21.13,22.32,21.95,21.97,23.35,23.13,20.84,19.42,20.43,20.49,21.4,19.31,18.68,15.79,15.79,15.71,16.66,17.01,17.51,18.4,17.24,16.97,19.16,21.3,24.13,23.31,20.92,21.27,20.69,22.84,25.78,27.15,32.9,27.66,25.01,25.65,24.86,17.73,19.53,25.39,30.72,23.39,23.3,15.64,13.39,10.85,7.97
600097.SH,10.52,10.98,11.89,11.88,11.45,12.23,11.44,11.02,11.47,10.87,10.39,10.19,9.81,9.6,8.92,9.23,9.89,9.93,9.05,9.0,7.47,8.04,8.34,8.95,9.31,10.04,7.95,10.7,10.95,10.58,9.93,9.24,9.53,10.15,9.62,9.72,10.08,11.28,10.74,10.5,10.55,9.84,9.1,8.9,9.99,9.45,9.93,10.39,9.2,12.31,11.92,10.75,12.03,10.14,9.74,11.6,10.24,8.77,9.15,9.75,9.1
600098.SH,7.11,7.11,7.74,6.86,6.55,6.87,6.96,6.88,6.88,6.39,6.3,6.54,6.5,6.51,6.06,6.18,6.14,6.67,6.39,6.86,5.99,6.19,6.71,6.74,6.59,6.41,5.88,5.3,5.43,5.51,5.51,6.09,6.07,6.39,6.23,6.34,6.4,5.94,5.9,5.82,5.61,5.79,5.5,5.18,5.82,5.78,6.21,6.6,5.71,6.36,7.07,7.29,7.97,7.4,6.99,8.38,6.78,6.45,6.37,6.01,5.85
600099.SH,11.66,11.31,11.03,10.95,10.41,10.8,10.93,10.48,10.93,11.17,10.86,10.47,10.26,9.77,9.26,9.2,8.69,9.83,9.2,9.12,7.05,7.32,6.9,7.55,8.16,8.36,7.62,8.1,10.44,10.21,9.41,9.13,9.1,9.47,9.31,8.43,8.53,8.75,9.56,9.47,8.82,9.95,8.32,7.54,8.73,9.11,8.5,10.29,7.26,9.34,9.07,8.08,8.64,7.44,7.15,7.24,7.44,6.78,6.35,6.39,6.15
600100.SH,8.17,8.05,9.35,9.11,9.02,8.94,8.76,8.34,8.24,7.45,7.18,7.14,7.2,7.78,8.31,7.12,6.77,7.54,7.72,6.91,4.89,5.12,4.68,5.55,6.14,6.74,7.04,5.66,7.26,8.23,8.15,7.32,7.01,7.4,8.14,8.83,8.6,8.59,6.03,4.8,4.42,4.69,4.45,3.94,4.52,4.49,4.45,4.37,4.1,5.54,5.83,5.57,6.15,5.66,5.48,5.92,5.78,5.61,5.99,6.1,6.06
600101.SH,9.99,9.57,11.01,9.94,9.36,9.13,9.78,9.54,10.06,10.2,10.68,10.39,11.6,12.0,9.01,8.53,8.5,9.44,9.62,8.89,7.13,8.41,13.53,13.02,8.45,7.54,6.94,6.94,8.64,8.56,8.19,8.11,8.71,9.08,9.48,9.18,9.02,8.49,9.21,9.19,8.68,9.32,8.63,7.99,8.84,10.57,9.73,11.52,7.99,7.16,7.36,7.06,7.94,7.12,7.04,7.29,6.35,5.3,5.3,5.81,5.4
600104.SH,13.67,14.82,14.28,14.05,15.26,15.47,16.22,17.52,19.04,17.23,15.96,15.26,16.38,15.72,16.59,17.05,19.03,19.0,12.89,14.91,12.17,14.73,13.86,14.4,14.8,15.27,14.98,13.71,13.42,14.86,14.52,14.97,14.54,15.35,14.28,13.49,13.95,14.37,15.19,15.19,14.41,15.07,14.11,14.2,15.3,16.38,17.46,17.66,16.59,17.05,18.4,18.93,20.69,20.19,19.97,19.55,19.66,18.91,21.56,20.34,20.27
600105.SH,43.68,30.51,30.56,25.95,26.6,16.09,15.04,13.98,11.28,9.12,8.66,8.34,6.95,6.76,5.92,5.02,4.84,5.84,4.86,4.78,3.58,3.67,3.72,4.01,4.61,5.02,5.16,4.18,5.76,5.95,6.03,6.18,6.25,6.97,7.34,6.04,6.93,4.67,4.27,4.03,3.51,3.7,3.7,3.19,3.72,3.85,3.61,3.39,3.19,3.99,4.45,4.26,5.39,6.02,4.18,3.86,3.67,3.56,3.64,3.47,3.49
600106.SH,6.12,5.5,6.11,6.38,6.27,6.06,6.68,6.47,7.14,6.77,6.39,6.1,5.5,5.36,5.67,5.53,5.5,6.82,6.5,5.59,3.67,4.09,4.36,5.47,5.91,6.32,5.74,5.0,6.53,6.53,5.38,4.89,4.75,4.96,4.65,4.44,5.0,4.88,5.09,4.99,4.99,5.38,5.38,4.59,5.82,4.54,4.21,4.16,3.95,4.75,5.22,4.87,4.67,3.53,2.56,2.77,2.63,2.45,2.5,2.62,2.63
600107.SH,6.31,6.5,5.89,5.95,7.03,7.62,8.3,6.84,6.29,4.13,3.9,3.94,3.39,5.14,4.46,4.34,4.6,5.62,5.38,5.1,3.23,3.13,3.2,3.83,4.54,5.29,4.47,4.91,6.38,6.45,5.43,5.27,5.45,5.66,5.38,5.48,5.86,6.14,7.08,6.65,6.33,7.11,6.14,6.55,7.58,6.66,6.14,5.64,5.07,6.73,6.39,5.57,6.14,6.53,5.5,5.74,6.15,5.23,6.77,7.1,6.74
600108.SH,4.38,4.64,4.37,3.54,3.16,3.17,3.12,2.98,3.02,2.96,2.96,2.94,2.87,2.79,2.83,2.83,2.87,3.18,2.83,2.91,2.41,2.45,2.43,2.55,2.7,2.75,2.71,2.55,2.79,2.98,3.02,3.04,3.23,3.27,3.04,3.07,3.17,3.1,3.26,3.22,3.13,3.21,3.08,3.03,3.51,3.39,3.52,3.84,3.36,3.81,3.6,3.24,3.63,3.34,3.19,3.62,3.2,3.19,2.8,2.83,2.78
600109.SH,9.16,8.47,8.98,9.1,9.42,9.19,9.87,10.26,10.36,9.25,8.73,8.38,8.2,8.42,8.48,8.21,8.34,9.22,9.03,10.79,7.03,7.89,7.56,8.1,8.83,8.67,9.17,8.3,9.0,9.55,9.13,9.12,9.39,9.74,8.76,8.8,9.43,9.27,9.36,10.35,8.53,9.36,8.1,7.62,8.46,8.43,8.84,8.17,8.36,9.7,10.26,10.47,11.41,10.77,10.78,11.56,11.38,11.15,12.06,13.06,11.64
600110.SH,11.45,9.08,8.47,6.65,7.42,7.78,6.81,6.9,7.59,6.05,6.29,3.26,3.23,3.79,4.43,3.74,3.89,4.63,3.89,4.19,3.01,3.17,3.09,3.69,4.38,4.74,4.76,4.25,5.57,5.86,5.95,6.07,6.11,7.07,7.63,6.79,7.21,8.08,8.36,8.76,8.2,9.25,8.9,8.45,9.3,11.3,11.36,9.57,8.84,11.57,15.17,13.76,15.9,21.6,22.6,21.14,17.35,14.7,12.22,8.92,7.91
600111.SH,55.52,48.48,61.74,47.66,46.85,47.57,48.9,53.13,56.55,36.0,24.86,23.65,24.57,22.82,23.0,21.63,20.49,23.35,23.61,22.37,16.72,17.43,18.03,18.4,19.67,19.93,19.07,16.8,19.25,19.88,20.8,21.61,22.36,24.75,24.14,23.97,24.75,26.53,29.35,30.8,25.77,26.3,26.62,25.56,30.09,31.13,35.0,34.25,31.66,38.62,47.14,40.9,44.32,52.81,45.94,44.23,53.58,48.8,20.04,22.02,20.5
600113.SH,49.15,48.69,57.14,59.52,64.26,55.72,48.51,57.18,60.1,28.77,25.07,14.14,13.87,13.89,12.57,13.87,13.59,14.51,11.94,9.82,7.61,7.88,7.92,7.59,8.29,8.05,6.66,6.65,8.37,8.7,7.62,7.37,7.23,7.83,7.28,7.08,7.49,7.74,8.25,7.91,8.74,7.15,6.6,5.98,7.24,7.23,7.43,7.83,7.34,8.71,9.38,7.15,6.94,6.58,5.65,5.9,5.85,5.62,6.04,6.2,6.07
600114.SH,33.88,28.56,34.72,31.2,30.57,28.27,29.07,32.9,30.16,23.58,20.33,19.03,21.14,20.83,23.36,18.33,15.65,16.97,16.91,17.34,16.07,15.88,14.29,14.88,15.47,15.04,13.86,10.76,15.5,14.19,12.89,12.8,10.52,8.1,7.76,7.58,7.64,9.27,10.12,10.16,8.78,9.3,9.65,7.8,9.52,9.85,8.06,7.7,6.36,8.37,10.89,10.54,12.75,12.22,10.04,8.62,9.36,10.02,8.17,8.05,7.73
600115.SH,4.42,4.54,5.55,5.48,6.05,5.12,5.01,4.22,3.99,3.79,3.99,4.04,3.89,3.7,3.82,3.78,3.89,4.08,3.84,4.04,3.74,4.02,4.04,3.97,3.82,3.71,3.75,3.67,3.85,4.08,4.29,4.34,4.36,4.86,5.03,4.57,5.07,5.39,5.47,5.31,5.41,5.24,5.01,4.91,4.7,4.86,5.17,4.75,4.69,4.78,5.52,5.74,5.26,4.72,4.67,4.9,4.77,4.42,5.07,5.39,5.2
600116.SH,6.68,6.81,6.91,6.62,6.46,6.51,6.73,6.59,6.72,6.76,6.88,6.81,7.21,6.9,6.7,6.79,6.84,7.2,7.26,7.87,6.87,7.05,7.08,7.28,7.46,7.26,7.33,6.82,7.56,7.59,8.0,7.62,7.86,9.01,9.15,8.98,9.15,9.07,9.42,9.07,8.65,9.07,8.18,8.7,10.14,11.22,10.01,9.42,9.3,10.98,12.36,11.26,12.83,10.0,10.08,10.36,10.72,8.92,8.31,8.49,9.0
600117.SH,2.62,2.66,3.01,2.76,2.83,2.9,3.18,3.25,3.41,4.6,2.25,2.12,2.09,2.24,2.18,2.14,2.2,2.69,2.82,2.86,2.05,2.29,1.9,2.28,2.56,2.7,2.79,2.84,3.16,3.08,3.2,3.17,3.16,2.95,3.14,2.76,2.85,2.89,3.18,3.25,3.13,3.33,3.11,3.12,3.44,3.69,3.57,3.57,3.24,3.65,3.9,3.82,4.23,4.25,3.78,4.25,4.81,4.16,3.75,3.99,4.12
600118.SH,107.1,79.94,100.17,91.31,99.45,43.42,44.9,37.29,36.73,28.7,28.27,27.43,26.16,26.83,26.6,26.05,26.76,30.05,25.31,26.99,20.7,23.44,22.32,24.83,24.59,25.98,26.06,23.25,25.81,26.67,26.85,25.95,26.16,27.71,28.4,27.34,26.76,29.66,30.2,23.43,22.05,23.43,22.99,19.69,20.58,22.14,19.98,20.24,18.69,21.96,25.78,24.63,27.23,25.77,25.28,26.98,29.49,26.25,28.62,30.62,29.24
600119.SH,5.91,6.21,6.41,6.77,7.87,8.62,9.01,8.47,9.1,8.51,7.69,8.79,7.67,7.14,8.19,8.53,8.56,10.93,7.78,7.67,6.07,7.1,6.4,5.84,6.71,7.52,7.48,8.78,6.98,7.64,7.29,6.1,6.02,6.48,5.93,5.86,6.15,6.54,6.92,6.62,6.69,6.64,6.16,5.62,6.37,6.38,6.61,7.26,6.41,8.47,7.93,7.36,7.85,7.14,7.14,7.91,7.99,7.08,8.14,8.14,7.63
600120.SH,5.64,5.68,6.46,6.27,6.59,6.28,7.36,6.37,6.43,6.08,5.99,5.67,6.2,6.33,6.88,5.6,4.52,5.69,4.98,4.85,3.37,3.58,3.36,3.49,3.9,3.86,3.74,3.43,3.62,3.72,3.66,3.7,3.79,4.23,3.87,3.92,4.08,4.04,3.87,3.81,3.6,3.74,3.75,3.56,4.03,3.97,4.0,3.88,3.65,4.35,4.34,4.05,4.46,4.46,4.06,4.45,4.2,3.84,4.24,5.74,5.57
600121.SH,4.3,4.58,4.74,4.29,4.2,4.51,5.32,4.17,4.07,4.11,3.94,3.74,3.68,4.1,3.73,3.78,4.1,4.69,4.06,3.79,3.06,3.15,3.32,3.52,3.65,3.85,3.67,3.65,4.11,4.41,4.18,4.33,4.43,4.76,4.75,4.36,4.57,4.82,5.2,5.38,5.08,5.82,4.98,5.32,6.11,5.47,5.79,4.54,3.94,4.29,4.4,4.18,5.05,4.8,4.96,5.95,5.32,4.9,5.19,5.81,5.31
600123.SH,7.16,6.47,6.61,5.95,5.94,6.47,6.85,6.67,6.6,6.71,6.46,6.48,6.83,7.72,7.7,7.78,8.24,8.67,8.37,10.06,8.43,7.99,9.31,9.85,9.29,10.86,11.59,11.13,11.49,9.9,9.03,9.57,9.01,8.85,8.36,11.78,12.68,12.86,14.17,14.25,13.46,14.34,13.94,15.75,15.08,14.43,16.33,15.7,13.53,12.67,11.98,10.02,9.8,9.55,11.02,11.57,11.17,8.25,7.69,7.57,5.98
600125.SH,6.15,6.81,6.62,6.38,6.43,6.11,6.39,6.28,6.17,5.73,5.68,5.81,5.71,5.72,5.59,5.7,5.74,6.53,6.19,6.38,5.32,6.27,6.05,6.32,6.4,5.77,5.66,5.44,6.23,6.29,6.0,6.11,5.83,6.3,6.13,6.28,6.5,5.68,5.76,5.58,5.64,5.71,5.26,5.26,5.26,5.14,5.27,5.72,4.76,5.18,5.67,5.53,5.32,4.79,4.78,5.01,5.26,4.66,4.89,5.12,5.04
600126.SH,9.13,8.78,9.59,8.7,8.38,8.99,9.16,9.76,10.49,8.75,8.9,8.88,11.64,11.46,11.93,5.72,4.73,4.2,4.05,4.5,3.41,3.68,4.17,4.54,5.17,5.59,5.35,4.43,5.33,5.37,4.32,4.08,4.2,4.71,4.47,4.6,4.84,5.03,4.88,4.62,4.18,4.36,4.09,3.92,4.43,4.79,5.12,5.21,4.88,5.61,5.93,5.27,5.19,5.1,5.08,5.48,6.13,5.0,5.11,5.36,5.84
600127.SH,6.8,7.37,7.01,6.98,6.72,6.9,6.81,6.73,7.02,6.95,6.89,6.78,6.74,6.49,6.54,6.47,6.62,7.27,6.96,7.33,6.25,6.03,6.15,6.37,6.81,6.76,6.93,5.98,7.3,7.68,7.66,7.54,8.17,8.46,7.15,7.17,7.52,7.65,7.84,7.84,7.71,8.03,7.68,7.79,8.94,8.18,8.94,9.92,7.93,9.53,8.68,7.78,8.65,8.47,8.32,8.6,8.43,8.9,8.81,9.29,9.6
600128.SH,10.59,10.86,11.43,11.42,10.9,10.95,11.08,10.45,11.06,10.55,10.62,9.75,9.67,10.86,9.49,9.15,8.17,9.19,7.91,8.55,6.39,6.63,6.36,6.92,7.43,7.81,7.2,7.69,9.75,10.0,8.6,8.1,8.64,9.07,8.29,8.1,8.27,8.16,8.75,9.05,8.09,8.25,7.6,7.24,8.61,8.74,8.33,8.01,7.0,9.23,7.65,7.46,8.15,6.69,6.24,6.9,7.29,7.01,6.63,6.7,6.28
600129.SH,15.52,16.85,17.29,17.66,18.4,19.37,21.01,21.92,22.72,25.18,21.3,21.38,21.28,21.28,22.22,19.16,23.69,26.08,26.1,28.76,21.73,24.17,29.74,36.29,38.26,33.6,37.81,33.28,47.78,50.85,41.45,43.26,41.25,48.57,53.54,63.54,54.33,43.06,34.79,32.69,31.42,31.74,32.4,24.69,26.62,27.02,21.25,20.18,16.73,21.32,19.76,17.88,24.71,15.72,15.66,15.07,14.79,19.39,22.06,18.37,15.18
600130.SH,5.08,4.36,4.53,4.2,4.22,4.15,3.99,3.92,4.24,3.32,3.44,3.53,2.63,3.17,3.59,3.53,4.61,5.6,5.74,4.54,3.28,3.26,3.16,3.23,3.42,4.0,3.84,3.49,4.78,5.23,5.05,4.37,4.1,4.26,4.33,4.25,4.11,4.63,4.88,5.25,4.64,4.55,3.72,3.56,4.47,4.03,3.91,3.55,3.27,3.98,3.93,3.73,4.19,4.02,3.49,3.87,4.16,3.6,3.42,3.48,3.28
600131.SH,17.6,18.58,19.91,19.12,16.45,16.73,18.4,18.65,17.97,17.71,17.53,18.18,18.32,18.87,19.16,18.25,18.48,22.15,19.56,19.74,16.29,17.29,16.61,17.79,18.23,19.21,17.73,14.36,15.07,15.71,13.65,15.41,15.38,17.2,20.47,19.81,18.55,20.29,17.84,17.43,16.19,17.22,15.34,12.1,13.8,16.11,13.4,14.14,12.66,14.87,19.11,19.47,21.92,19.52,16.41,15.7,13.52,12.48,13.24,13.75,13.73
600132.SH,53.97,57.22,56.01,53.88,52.39,53.9,53.71,53.65,55.07,55.25,55.06,58.48,57.79,59.95,55.58,54.47,62.72,61.82,58.69,69.48,53.8,61.3,60.19,69.7,73.32,65.95,65.6,55.62,64.0,70.95,77.48,84.3,91.9,89.49,94.5,90.49,102.3,123.57,136.61,121.68,123.0,117.5,94.68,100.98,110.16,127.98,144.96,128.21,123.66,112.16,142.32,132.07,144.6,148.92,158.1,136.3,139.3,163.42,197.2,170.85,153.47
600133.SH,9.05,8.83,9.72,10.88,9.17,8.9,9.99,10.18,9.09,9.19,9.22,9.27,9.08,9.71,9.5,9.45,9.67,11.14,11.51,10.56,7.23,8.32,9.9,9.59,11.53,12.06,10.08,8.66,10.24,9.81,8.37,6.88,6.64,7.39,7.25,5.83,6.32,5.87,6.03,5.9,5.58,5.9,5.48,5.19,5.72,6.03,5.9,6.13,5.55,6.21,5.59,5.4,5.51,5.22,5.31,5.87,5.79,5.74,5.85,6.1,5.53
600135.SH,11.46,10.92,9.25,9.55,9.87,7.97,7.64,7.2,7.53,8.03,7.66,7.31,6.99,6.89,6.86,6.41,6.45,7.76,6.47,6.6,4.91,5.09,4.95,5.4,6.07,6.51,6.04,6.16,8.08,7.94,7.05,7.12,7.22,7.62,7.57,7.29,7.27,7.6,8.31,8.15,7.69,7.61,7.05,6.18,7.21,8.08,7.72,7.37,5.87,7.26,7.58,7.29,8.4,7.71,7.05,7.21,7.5,7.16,6.46,6.36,6.21
600136.SH,1.77,1.88,1.87,1.71,1.71,1.82,1.91,1.78,1.89,1.95,2.04,2.12,2.02,2.01,2.25,2.02,1.99,2.09,1.58,1.48,1.35,1.44,1.44,1.69,1.59,1.59,1.77,1.81,2.27,2.4,2.37,3.0,3.12,2.75,3.49,2.6,2.47,3.18,3.2,2.94,1.82,2.03,1.92,1.91,2.36,2.17,1.98,2.36,3.54,5.07,5.49,5.78,7.03,5.85,6.34,5.74,6.43,5.91,5.98,7.22,7.11
600137.SH,23.2,22.76,21.32,21.15,19.09,19.75,20.33,18.23,19.39,19.78,18.61,18.32,15.96,14.82,16.5,14.95,14.18,15.82,14.2,14.5,11.72,11.73,11.96,12.98,14.03,14.21,13.11,13.9,18.75,19.44,18.68,17.38,17.33,17.79,18.55,15.3,15.4,15.57,16.65,16.07,15.12,15.49,14.18,13.58,14.44,14.48,14.39,14.01,14.18,15.03,15.18,14.0,15.15,15.04,14.0,14.14,14.8,14.48,14.88,15.8,13.09
600138.SH,8.96,9.3,9.61,9.95,9.79,9.63,9.73,9.74,10.28,9.83,9.84,9.8,9.75,10.41,10.09,9.91,10.08,10.58,10.07,10.94,9.26,9.93,9.81,10.12,10.81,10.93,10.34,10.08,10.71,10.91,10.57,11.2,12.64,13.46,13.23,12.94,13.48,15.61,15.59,14.79,15.44,13.95,11.61,10.53,10.73,10.85,12.11,11.27,10.13,12.71,11.69,11.33,10.94,9.72,9.85,10.14,11.02,9.34,10.56,11.25,11.64
600141.SH,33.14,33.65,42.7,36.77,34.44,32.37,28.51,29.8,27.78,24.77,20.67,20.87,20.48,21.87,21.94,21.42,21.31,23.26,23.34,23.67,19.31,18.32,19.65,21.47,22.68,19.02,19.4,16.1,18.27,18.82,19.66,19.33,20.69,24.3,22.65,21.63,24.85,30.14,35.27,32.5,29.11,31.02,29.12,32.66,37.83,38.08,46.14,38.26,33.11,33.49,40.0,31.12,35.77,41.93,52.75,40.38,37.69,25.3,18.5,18.54,14.0
600148.SH,19.17,18.38,19.98,20.36,19.71,19.85,20.71,19.67,21.4,21.66,21.15,19.45,17.98,17.86,18.52,17.82,18.1,24.95,19.39,17.2,11.8,13.3,11.89,12.48,13.49,15.1,12.92,13.45,16.68,20.11,16.47,16.01,15.42,15.78,16.96,14.29,13.58,14.38,15.3,15.1,13.75,13.98,13.48,13.26,13.69,15.13,15.52,15.83,12.27,14.0,16.9,14.65,16.87,13.71,12.04,12.3,12.79,12.15,12.82,12.89,13.14
600149.SH,6.53,6.59,6.06,5.38,5.01,5.49,5.59,5.24,5.56,5.43,5.28,5.14,4.69,4.31,4.35,4.38,4.1,5.09,5.1,4.25,3.21,3.33,3.31,3.68,3.88,4.27,3.82,4.48,5.78,5.54,5.36,5.24,5.38,6.14,5.79,5.26,5.53,5.83,6.46,6.67,6.37,6.56,5.58,5.99,5.67,6.12,6.6,5.5,4.72,6.03,5.13,5.31,5.22,4.63,4.54,5.18,5.14,4.76,5.05,5.59,5.73
600151.SH,15.18,13.23,15.39,15.01,19.31,9.71,8.28,8.28,8.72,7.19,7.24,6.57,6.46,6.92,6.62,6.85,7.73,8.35,7.63,7.31,4.86,5.06,4.5,4.83,5.16,5.41,5.5,5.12,6.71,6.94,6.77,7.03,8.23,8.65,8.69,8.65,8.98,9.27,10.0,9.33,8.56,9.4,9.8,8.86,11.1,10.9,11.23,9.88,8.45,9.85,11.29,11.08,13.5,12.3,11.85,10.6,10.0,10.18,9.4,9.51,8.41
600153.SH,9.88,8.86,9.72,9.25,9.4,9.75,10.13,10.18,10.8,10.19,10.36,9.77,10.44,10.19,10.28,9.4,10.04,10.03,9.57,10.28,7.14,7.77,9.05,9.45,10.07,10.28,10.32,9.55,9.56,9.61,9.82,9.8,10.76,11.4,10.9,11.12,10.92,12.42,13.21,13.17,14.13,15.29,11.96,14.33,12.55,11.57,13.13,13.0,13.94,13.3,10.02,9.54,9.1,8.15,7.83,8.68,7.9,7.16,8.14,8.18,8.05
600155.SH,6.35,6.33,6.86,6.61,6.69,6.95,7.39,7.68,7.65,7.29,6.91,6.56,6.54,7.17,7.15,6.91,7.06,7.88,7.66,9.24,5.86,6.5,6.01,6.69,7.4,7.29,7.97,7.2,8.31,9.03,9.52,7.94,7.33,7.69,6.3,6.3,6.93,7.08,7.18,7.52,6.55,7.34,7.12,6.72,8.18,7.98,8.29,7.74,7.68,9.42,9.71,9.29,10.01,9.61,9.18,9.73,10.43,9.61,9.98,11.25,9.18
600156.SH,11.2,7.52,7.88,8.01,8.33,9.18,8.76,8.6,9.82,6.7,7.09,7.51,5.8,5.63,5.43,4.79,4.87,6.01,4.68,4.51,3.41,3.14,3.1,3.56,4.02,4.99,4.04,4.35,5.04,4.89,4.71,4.52,4.54,4.76,4.46,4.36,4.4,4.41,5.3,5.24,4.82,4.96,4.47,4.06,4.94,4.72,5.34,4.6,3.97,5.08,4.3,3.93,4.35,3.93,3.68,4.19,3.8,3.6,3.69,4.16,3.54
600157.SH,1.78,1.81,1.91,1.6,1.58,1.62,1.62,1.7,1.47,1.42,1.33,1.35,1.36,1.46,1.51,1.55,1.67,1.67,1.4,1.46,1.09,1.21,1.18,1.25,1.36,1.35,1.38,1.3,1.39,1.42,1.36,1.39,1.46,1.56,1.44,1.48,1.54,1.55,1.58,1.61,1.53,1.64,1.59,1.62,1.7,1.72,1.6,1.63,1.56,1.66,1.8,1.71,1.85,1.85,1.76,1.99,1.85,1.66,1.41,1.63,1.7
600158.SH,12.34,11.44,10.55,9.51,8.78,8.74,9.37,9.05,9.13,8.77,8.42,8.53,8.01,8.1,7.87,7.85,8.14,8.59,7.99,8.48,6.67,7.52,7.66,9.12,9.06,8.48,8.1,7.38,7.86,8.53,8.33,8.55,9.65,10.18,10.34,12.45,9.9,9.5,9.04,8.72,8.7,9.17,8.83,8.38,8.32,8.2,8.25,8.88,7.4,9.04,9.83,10.74,15.53,11.67,11.67,13.29,11.53,10.59,11.47,12.64,11.71
600159.SH,3.34,3.05,3.04,2.85,2.79,3.19,3.15,2.91,2.76,2.84,2.74,2.61,2.49,2.36,2.47,2.36,2.41,2.95,2.75,2.86,2.07,2.2,2.27,2.39,2.63,3.05,2.74,2.88,3.73,3.84,3.19,2.83,3.43,3.63,2.72,2.49,2.63,2.68,2.97,2.99,3.06,3.34,2.5,2.79,2.85,2.86,3.03,3.03,2.99,3.98,3.08,3.08,3.15,2.38,2.3,2.58,2.42,2.28,2.47,2.65,2.44
600160.SH,37.04,34.88,43.3,37.59,37.73,33.66,33.81,41.54,39.02,26.93,29.0,26.79,27.41,24.86,24.05,25.66,23.94,22.84,21.8,22.0,15.48,19.52,25.0,23.49,24.08,23.13,20.9,15.92,16.2,15.87,14.97,15.55,16.08,14.69,13.6,13.23,14.96,17.57,19.16,16.63,15.9,16.88,16.72,13.79,15.42,17.43,13.29,11.75,11.07,13.42,15.0,13.62,12.81,13.15,15.3,14.37,15.29,11.83,8.69,9.87,9.09
600161.SH,14.19,15.37,16.38,16.37,16.66,17.39,18.47,19.28,20.1,20.07,19.23,19.29,19.21,20.71,19.93,21.26,20.22,21.6,21.51,24.79,23.6,24.25,24.94,30.07,29.59,26.8,27.94,26.16,30.95,31.66,28.74,25.8,25.08,25.12,26.17,26.48,27.78,24.5,23.26,23.68,24.35,22.29,20.3,19.95,22.26,20.15,23.95,22.49,21.28,24.2,28.13,28.23,29.37,29.91,29.44,32.07,31.5,38.08,34.48,33.91,34.31
600162.SH,1.92,1.78,1.87,1.79,1.86,2.02,2.13,2.09,1.69,1.67,1.63,1.63,1.66,1.75,1.79,1.8,1.91,2.06,2.04,1.76,1.31,1.35,1.38,1.74,1.61,1.57,1.55,1.61,1.75,1.85,1.87,1.93,2.12,2.48,1.99,1.89,1.99,1.82,1.94,1.9,1.88,2.07,1.71,1.8,1.91,1.97,2.14,2.07,2.29,2.6,2.22,2.15,2.15,1.98,1.97,1.99,1.86,1.79,1.81,1.91,1.9
600163.SH,6.38,6.87,6.45,5.8,5.48,5.6,5.22,5.21,5.15,5.25,5.19,5.28,5.61,5.36,4.96,5.42,5.8,6.16,5.97,5.24,4.72,5.34,5.13,5.01,4.61,4.4,4.04,3.9,4.42,4.5,4.55,4.7,4.72,5.46,5.66,5.58,5.33,5.22,5.57,5.54,5.49,5.74,5.33,5.65,6.66,7.35,8.63,8.23,7.44,7.66,8.05,7.36,8.52,8.98,8.83,9.08,5.76,5.32,4.82,4.77,4.42
600165.SH,3.29,3.37,3.84,3.78,4.08,4.01,3.82,3.73,3.89,4.18,4.62,4.88,4.84,4.41,3.64,2.9,2.51,1.95,1.9,1.99,2.55,1.91,1.6,1.72,1.62,3.56,2.13,2.38,3.42,3.57,3.54,3.69,3.98,4.35,4.54,3.69,4.24,5.6,6.86,7.36,6.99,8.64,7.34,8.3,8.99,10.25,10.2,8.57,7.53,9.03,10.34,10.44,12.78,9.2,10.31,11.65,9.74,7.82,7.3,7.09,5.6
600167.SH,6.8,6.68,6.98,6.86,7.12,8.44,8.2,8.5,6.61,6.02,5.7,5.89,6.02,5.77,5.8,5.57,5.59,6.33,5.87,6.04,5.25,5.49,5.34,5.77,6.18,5.75,5.9,5.33,5.8,5.95,5.92,6.01,6.15,6.88,6.89,7.07,6.45,6.2,6.61,6.59,6.52,6.82,6.42,6.98,7.02,7.55,7.43,7.23,6.87,7.19,8.12,8.19,9.09,8.2,8.22,9.33,8.36,8.49,8.84,9.32,8.74
600168.SH,5.06,5.16,5.29,5.18,5.12,5.3,5.34,4.87,5.08,4.77,4.65,4.7,4.56,4.86,4.98,4.29,4.37,4.99,4.48,4.5,3.76,4.0,4.01,6.17,6.31,6.1,5.73,5.63,6.74,6.15,6.06,6.31,6.28,6.42,6.06,6.02,6.08,6.11,6.34,6.17,6.13,6.27,5.98,5.91,6.3,6.57,6.66,6.66,6.06,7.62,7.18,6.67,6.95,6.51,6.33,7.29,6.82,6.39,6.62,6.95,6.74
600169.SH,2.4,2.45,2.5,2.42,2.29,2.4,2.64,2.7,2.35,2.36,2.42,2.44,2.42,2.44,2.57,2.38,2.43,2.61,2.37,2.37,1.83,1.95,1.84,1.97,2.21,2.29,2.3,2.12,2.4,2.4,2.34,2.38,2.42,2.62,2.49,2.5,2.5,2.47,2.59,2.49,2.4,2.48,2.46,2.3,2.54,2.92,2.52,2.48,2.24,2.5,2.79,2.64,2.92,3.14,2.85,3.1,2.97,2.55,2.39,2.45,2.29
600170.SH,2.71,2.77,2.95,2.83,2.69,2.78,3.0,3.09,2.47,2.43,2.39,2.38,2.43,2.67,2.51,2.5,2.55,2.7,2.51,2.49,1.98,2.35,2.17,2.3,2.42,2.37,2.43,2.27,2.37,2.52,2.58,2.77,2.78,2.99,2.71,2.64,2.85,2.75,2.71,2.65,2.61,2.76,2.6,2.54,2.68,2.79,3.03,3.09,3.16,3.27,3.29,3.48,3.58,3.21,3.37,3.85,2.82,2.68,2.77,2.91,2.88
600171.SH,29.89,27.27,30.48,31.24,32.06,32.7,34.04,37.7,37.77,34.36,35.19,33.16,36.25,34.09,36.11,37.0,36.99,38.88,46.2,27.97,19.53,25.09,16.55,16.78,12.65,12.62,13.51,11.9,14.07,15.79,15.77,15.45,15.75,17.63,18.26,18.4,18.59,22.06,19.74,19.39,17.82,19.34,18.49,16.36,19.34,21.9,24.29,17.73,15.91,19.34,22.74,21.4,25.31,28.0,30.11,35.9,34.42,33.47,28.28,17.52,17.1
600172.SH,8.77,7.89,9.6,7.21,5.83,6.33,6.51,5.21,4.72,4.42,4.45,4.37,3.81,4.05,4.14,3.89,4.44,3.79,3.8,2.73,1.98,2.05,1.89,2.42,2.82,3.14,3.09,2.75,3.71,4.03,3.5,3.86,3.62,4.18,4.26,4.12,4.56,5.38,6.13,6.01,5.05,5.56,5.37,7.08,9.69,9.84,9.31,8.19,8.46,9.46,10.0,8.01,9.51,11.54,9.64,8.49,8.38,6.31,6.5,6.43,5.23
600173.SH,7.32,7.1,8.01,7.95,7.25,7.89,9.06,9.45,6.15,6.19,5.91,5.91,6.41,6.97,6.13,4.66,3.91,4.63,4.4,4.54,3.55,3.87,3.91,3.95,4.37,4.14,3.87,4.09,4.86,5.16,5.08,5.09,5.45,5.9,5.34,4.98,5.31,5.36,5.74,5.59,5.23,5.87,5.01,5.21,5.7,5.35,5.67,5.11,5.26,7.06,5.95,5.83,6.54,6.16,4.73,5.4,5.34,5.62,6.25,6.77,4.96
600176.SH,37.0,25.71,28.35,20.15,17.5,15.74,15.88,17.01,16.3,12.35,11.88,11.32,12.03,12.95,11.42,10.86,10.96,11.61,11.36,11.95,9.71,10.77,11.29,11.44,12.47,11.2,10.02,9.28,9.78,10.9,11.69,13.58,14.37,14.81,14.26,13.31,14.7,15.16,15.61,14.87,13.94,14.38,12.05,12.69,14.23,14.59,17.42,16.57,16.07,15.19,17.04,16.58,17.94,17.7,18.9,17.73,18.45,15.88,15.36,16.68,18.65
600177.SH,7.89,7.67,7.25,7.19,7.49,7.74,7.55,7.37,7.37,7.38,7.29,7.52,7.49,8.13,8.09,8.1,8.66,8.02,7.58,8.42,7.11,7.14,7.27,7.89,7.86,7.14,7.2,6.69,6.51,6.82,6.75,7.01,7.0,7.1,6.43,6.91,6.91,6.53,6.58,6.48,6.38,6.41,6.05,6.3,6.37,6.47,6.69,7.16,7.37,6.91,6.76,6.78,6.88,6.61,6.63,6.44,6.54,6.31,6.77,7.44,7.34
600178.SH,10.22,11.2,12.37,12.24,12.82,11.99,12.89,13.03,14.04,13.77,14.35,12.61,11.18,12.23,11.9,10.84,11.25,12.9,14.23,10.8,7.35,8.92,10.17,9.67,10.92,13.19,11.16,10.76,14.4,15.2,7.0,6.93,6.58,6.78,6.83,6.0,6.22,6.56,7.03,6.78,6.16,6.68,6.44,5.92,6.77,7.58,7.01,7.16,5.64,7.08,7.46,7.28,8.82,8.99,7.4,7.4,8.53,8.28,7.15,8.21,7.19
600179.SH,4.26,4.46,5.06,4.94,5.2,4.19,4.25,3.64,3.5,3.16,2.77,2.74,2.97,2.91,2.75,2.68,2.73,3.11,2.71,2.71,2.17,2.27,2.34,2.32,2.29,2.24,2.3,2.21,2.52,2.66,2.6,2.73,2.77,3.01,2.83,2.96,3.16,3.25,3.43,3.5,3.35,3.48,3.51,3.7,3.95,4.35,3.8,3.86,3.6,3.63,3.88,3.83,3.92,3.84,3.78,4.25,3.83,3.71,4.18,4.48,4.83
600180.SH,2.76,3.47,3.71,3.55,3.55,4.59,4.8,4.46,4.52,4.55,4.44,4.56,4.39,4.2,4.14,4.07,4.24,5.11,4.31,4.85,3.63,3.86,3.84,4.21,4.81,5.21,5.13,5.07,6.23,6.16,5.88,5.93,6.17,6.24,6.1,6.19,6.62,5.78,6.15,6.12,5.72,6.17,5.5,6.19,7.27,7.3,8.14,8.65,9.22,6.92,7.58,6.95,7.34,6.12,5.97,6.46,6.04,5.46,5.8,5.93,5.73
600182.SH,13.81,13.75,14.64,14.8,15.15,15.91,15.83,15.41,15.5,15.82,15.92,15.2,15.14,15.51,16.17,15.77,16.37,16.52,13.94,14.55,13.2,12.95,13.93,13.95,15.31,14.07,13.16,13.12,14.95,15.13,14.54,14.54,14.95,16.09,15.99,16.0,14.49,13.92,13.94,14.8,14.2,13.89,12.4,11.31,13.8,14.49,13.99,9.91,9.04,13.09,13.98,13.63,13.52,13.38,13.16,13.7,14.73,14.8,12.77,12.9,13.24
600184.SH,23.4,19.3,19.41,17.11,19.35,18.48,17.73,18.22,20.5,20.14,17.26,14.26,13.72,12.92,12.37,10.3,9.92,11.04,10.77,10.75,8.12,9.04,8.49,9.38,9.75,9.96,9.63,9.0,11.62,12.45,12.04,12.62,12.74,12.91,13.13,12.69,12.26,13.47,13.32,13.06,11.48,11.73,11.9,10.65,12.36,14.05,13.86,13.22,11.76,14.11,14.58,13.71,16.03,15.36,11.45,10.85,11.82,11.56,10.37,11.15,10.3
600185.SH,5.83,5.75,6.72,6.66,6.75,6.97,6.6,5.97,5.79,5.76,5.8,6.14,6.89,6.06,5.72,6.07,7.13,7.91,6.86,6.57,4.68,5.17,4.37,5.02,5.78,6.31,6.43,5.82,6.99,7.88,7.14,7.11,6.19,6.88,6.93,7.54,7.96,8.56,9.96,10.04,10.56,6.48,5.76,5.01,5.53,5.94,6.21,6.23,5.26,7.0,6.15,6.15,6.9,6.75,6.78,7.25,9.52,8.0,7.4,7.88,6.86
600186.SH,11.4,7.33,6.2,6.07,6.17,5.58,5.85,5.78,6.55,6.25,5.95,6.13,6.86,6.17,6.93,5.38,6.27,5.2,4.56,4.13,3.21,3.43,3.47,3.89,4.54,4.82,4.69,4.17,5.92,5.95,7.15,6.58,4.01,3.32,2.87,2.82,2.89,2.67,2.76,2.69,2.71,2.99,2.68,2.73,2.76,2.53,2.69,2.77,2.27,2.54,2.67,2.76,3.16,2.89,3.1,3.54,3.11,3.07,3.06,2.76,2.71
600188.SH,22.89,19.01,18.85,13.83,13.24,13.98,15.24,13.65,13.07,12.69,12.14,12.75,12.47,13.44,13.36,13.31,13.77,14.68,15.57,16.59,14.63,14.84,23.45,24.91,23.55,23.82,25.99,22.65,20.53,20.67,19.19,20.8,18.49,17.66,30.5,27.01,33.84,35.51,35.65,34.41,33.74,40.0,40.23,50.81,49.7,38.26,39.4,40.2,34.8,37.99,32.79,24.93,23.97,23.72,22.83,27.2,25.18,16.94,14.85,14.1,13.87
600189.SH,8.33,7.49,8.44,8.27,6.94,7.54,7.32,7.16,7.54,7.33,7.24,8.15,6.84,6.85,6.93,6.92,7.14,8.28,8.37,8.78,6.66,7.57,6.87,7.53,8.38,9.15,8.54,8.26,10.1,12.06,10.06,8.96,6.71,7.13,6.2,6.17,6.09,6.31,6.94,6.93,6.76,6.44,5.89,5.82,7.02,7.11,6.58,6.59,5.92,6.48,7.54,7.29,7.98,8.23,7.7,8.62,9.04,9.57,11.17,12.36,10.9
600191.SH,12.79,12.18,13.11,13.25,12.91,11.6,9.11,7.83,7.98,7.74,7.55,7.41,7.43,7.21,7.64,8.07,7.61,6.27,6.05,6.25,4.82,4.98,4.85,4.91,5.44,5.29,5.52,5.07,6.24,6.72,6.39,5.94,6.45,6.4,5.77,5.66,6.04,5.64,5.89,5.74,5.27,5.8,5.77,5.98,7.67,5.77,5.16,5.9,4.97,4.67,3.93,3.61,3.67,4.17,3.42,3.64,3.07,2.81,3.33,2.76,2.66
600192.SH,8.42,8.63,9.55,9.62,10.09,9.12,10.4,9.5,10.29,9.87,9.41,8.37,6.93,6.57,7.28,5.67,5.66,6.58,6.89,6.03,4.42,4.32,4.61,4.08,4.28,5.05,4.29,4.55,6.31,5.65,5.5,5.54,5.4,5.77,5.87,5.55,5.2,5.67,6.11,6.14,5.84,6.27,5.97,5.41,5.25,6.35,5.17,5.26,4.22,5.49,5.23,5.06,5.88,4.78,4.25,5.02,4.71,4.61,4.27,4.25,4.12
600193.SH,,3.99,4.3,4.4,3.84,4.14,4.26,4.14,4.41,4.17,4.45,4.94,3.12,3.0,3.86,3.04,3.43,4.3,3.52,2.94,3.48,3.49,3.85,3.88,3.79,4.32,3.72,3.94,5.28,5.25,5.21,5.08,5.26,5.61,5.22,5.28,5.54,5.95,6.23,6.93,5.88,6.46,5.8,5.15,5.8,5.79,5.25,5.68,4.91,5.51,6.18,6.05,6.65,7.33,7.3,8.02,8.27,8.53,9.9,7.83,6.39
600195.SH,7.39,7.58,7.98,7.88,7.89,7.66,7.74,7.16,7.7,7.6,7.32,7.1,6.81,6.71,6.35,6.41,6.62,7.29,6.82,7.5,5.86,6.6,7.65,8.51,9.03,9.73,9.54,9.02,12.1,11.47,11.14,11.17,11.64,12.23,11.81,12.37,12.92,15.22,15.76,14.14,11.73,13.49,13.66,13.55,13.4,11.21,12.3,12.34,11.42,12.73,13.48,12.49,13.16,10.99,11.35,11.5,9.86,10.09,11.66,11.67,11.95
600196.SH,24.77,27.07,26.14,26.25,27.27,27.33,29.05,29.84,30.68,27.56,25.3,25.27,23.69,25.75,24.98,23.98,24.42,26.78,26.51,29.2,22.38,23.6,22.13,23.38,24.12,23.45,24.77,22.27,24.86,27.98,28.22,28.69,28.01,31.53,31.04,30.6,32.63,32.6,33.97,34.23,35.57,36.23,34.39,28.19,40.9,44.03,46.0,43.11,43.54,55.17,42.37,43.07,48.23,54.37,50.03,51.5,63.66,82.39,74.0,68.13,54.22
600197.SH,12.24,12.12,13.11,14.14,13.93,14.4,14.81,15.22,16.33,14.63,14.95,14.71,14.78,15.44,15.72,15.57,16.81,18.11,16.89,19.0,14.56,16.66,17.45,19.95,21.21,21.61,20.12,19.26,21.48,21.88,23.38,23.13,24.39,26.49,27.33,27.93,26.62,27.75,29.18,26.08,24.14,23.82,20.02,21.36,24.3,28.3,29.93,28.36,24.7,28.19,27.71,22.16,27.39,25.49,24.44,27.41,25.66,24.75,30.1,31.25,26.34
600201.SH,14.66,14.74,15.6,16.28,16.06,12.25,10.62,9.73,8.6,8.52,7.97,7.48,6.92,7.28,6.99,6.55,6.77,7.01,6.66,7.48,6.06,6.75,7.27,8.05,9.28,8.96,8.69,7.99,10.76,10.33,9.44,9.3,9.44,10.15,9.63,10.31,10.69,11.97,12.48,11.31,9.11,8.94,8.63,8.07,8.62,8.37,9.19,8.51,8.33,11.62,13.93,14.33,17.06,16.12,16.08,15.68,15.74,17.66,17.31,19.99,21.74
600202.SH,6.41,5.96,6.27,6.08,5.81,6.16,6.33,5.8,6.09,5.88,5.64,5.6,5.19,6.23,4.85,4.54,4.43,5.14,4.66,4.6,3.58,3.68,3.6,4.32,4.75,5.01,4.5,4.92,6.45,6.06,5.66,5.89,5.68,5.92,5.61,5.31,5.31,5.35,5.7,5.63,5.2,5.49,5.03,4.49,5.77,5.61,5.24,5.34,4.61,5.27,5.94,4.94,5.04,4.51,4.42,5.12,4.46,3.73,3.74,3.93,3.79
600203.SH,12.88,11.08,12.37,12.07,13.38,15.14,14.37,13.66,15.19,10.66,9.43,9.39,9.6,9.24,11.55,8.52,8.76,10.66,12.73,8.89,6.13,6.14,6.37,7.44,6.5,7.87,5.96,5.27,7.19,7.88,9.22,7.21,6.23,6.13,6.08,6.02,5.94,6.34,6.15,6.24,5.97,6.08,6.03,5.62,6.86,7.13,7.38,7.48,6.53,7.75,8.78,8.82,10.42,10.62,9.29,8.29,9.04,9.36,9.6,7.75,8.14
600207.SH,5.66,7.15,5.53,4.62,5.08,5.19,6.07,5.43,5.24,4.87,4.7,4.53,4.11,4.14,4.45,4.25,4.35,5.13,5.04,4.84,3.5,3.98,3.8,4.29,4.42,5.19,3.94,3.84,4.79,4.87,4.76,4.83,4.91,5.34,6.06,5.85,5.91,6.23,6.72,7.05,6.41,6.45,6.45,5.85,7.27,7.27,6.61,5.84,5.21,6.62,6.4,6.14,6.84,7.04,6.84,7.1,7.06,8.46,7.37,6.66,6.15
600208.SH,4.65,3.19,3.63,3.6,3.92,4.19,4.25,4.41,5.05,4.53,2.88,2.66,2.7,2.91,3.02,2.95,2.93,3.16,2.88,2.92,1.78,1.68,1.61,2.08,2.15,2.09,2.23,2.06,2.16,2.34,2.37,2.43,2.56,2.77,2.5,2.68,2.85,2.74,2.74,2.69,2.59,2.79,2.53,2.44,2.66,2.63,2.75,2.79,2.8,3.12,2.97,3.02,3.01,2.89,2.85,3.04,3.03,2.94,3.03,3.17,3.16
600210.SH,7.01,6.95,7.67,7.4,7.43,7.34,7.68,7.48,7.72,6.29,6.84,6.49,6.35,7.01,7.38,6.44,6.49,7.17,6.15,6.18,5.09,5.04,5.43,5.62,6.43,5.25,4.76,4.24,4.71,4.85,4.84,5.35,5.48,5.3,5.34,5.16,5.32,5.67,5.85,5.56,5.08,5.3,5.11,4.59,5.15,5.94,6.38,5.42,4.78,5.91,7.05,7.08,8.98,9.1,8.99,9.23,8.64,7.71,4.77,5.04,4.73
600211.SH,41.5,42.65,42.1,41.45,44.19,42.51,45.9,47.71,48.39,41.99,36.84,37.78,35.69,39.02,34.93,35.88,35.7,37.48,37.85,44.54,33.78,33.72,33.32,36.3,40.37,45.87,45.17,39.69,49.05,51.81,49.99,50.16,50.19,52.0,57.61,56.9,63.87,52.45,52.61,44.89,36.56,38.23,38.12,32.93,35.1,38.14,41.39,37.2,36.33,41.97,41.97,42.06,55.46,50.46,48.16,49.27,48.65,55.94,64.71,66.8,54.45
600212.SH,7.29,7.29,7.54,7.7,8.08,8.44,8.55,8.78,8.62,9.07,8.35,8.4,7.69,9.75,8.87,7.27,7.27,8.85,8.51,5.78,4.91,5.76,6.31,5.97,6.2,7.28,6.77,5.61,7.07,7.44,7.26,7.31,7.8,8.43,9.49,10.29,9.81,8.15,9.47,9.0,7.87,8.36,8.88,7.07,7.49,6.54,5.6,5.42,4.76,5.06,6.08,4.11,4.23,4.47,3.17,3.69,3.99,4.26,4.24,3.9,3.65
600215.SH,6.99,6.74,7.45,7.65,7.05,7.06,7.59,7.07,7.45,7.32,7.44,7.99,9.2,9.08,8.36,8.14,6.83,8.04,6.62,6.94,5.46,6.52,7.02,7.95,9.44,9.17,8.11,7.32,8.85,9.17,8.74,8.94,9.21,9.99,8.39,6.85,6.85,6.68,6.7,7.04,5.96,6.45,6.42,6.29,7.08,8.05,7.8,7.22,6.83,8.78,7.76,8.04,8.18,11.26,7.27,8.53,7.0,6.66,6.71,6.83,7.15
600216.SH,14.33,16.23,17.05,14.35,13.96,14.11,14.62,14.46,15.78,15.94,15.14,15.27,13.47,13.74,15.67,15.0,15.59,17.04,18.14,17.06,14.35,14.81,11.17,9.88,10.79,9.31,9.79,9.03,10.79,11.35,10.89,11.19,10.93,11.16,11.1,11.31,12.08,12.4,12.87,12.78,11.96,12.65,12.13,12.99,14.07,13.96,14.4,12.9,12.92,16.0,15.31,15.27,16.99,16.86,16.13,16.89,15.96,15.92,15.99,16.77,15.55
600217.SH,3.73,3.82,4.17,4.07,4.14,4.13,4.29,4.25,4.42,4.48,4.46,4.48,4.51,4.97,5.51,4.93,5.14,6.19,6.86,5.66,4.52,4.67,3.78,4.16,4.74,4.76,4.29,4.14,4.44,4.68,4.68,4.68,4.76,4.9,4.77,4.94,4.95,5.06,5.02,5.12,4.93,5.43,4.79,4.35,4.99,5.1,4.93,5.04,4.37,5.2,6.19,5.85,6.81,5.54,5.14,5.42,6.07,5.17,5.0,5.44,4.99
600218.SH,9.79,9.21,10.85,10.42,10.35,11.35,9.66,9.32,9.77,8.92,8.92,8.84,8.58,8.7,8.73,7.72,7.79,8.28,7.82,8.1,6.41,7.03,6.74,7.23,7.93,8.36,8.58,7.15,9.61,9.04,8.39,8.53,8.52,9.05,8.94,8.4,8.72,9.11,9.37,9.3,8.81,9.43,9.09,8.26,9.65,12.11,9.7,9.62,8.04,10.15,12.1,11.8,14.28,15.23,12.81,12.63,13.55,9.23,8.49,9.0,8.86
600219.SH,5.48,6.17,7.41,6.65,5.5,4.81,4.71,4.1,3.99,3.93,3.86,3.74,3.68,3.84,3.77,4.02,3.91,4.01,4.16,4.42,3.69,3.63,3.88,3.81,3.59,3.45,3.12,2.9,2.98,2.89,3.12,3.14,3.19,3.27,3.07,3.03,3.33,3.38,3.68,3.7,3.34,3.59,3.16,2.99,3.37,3.69,3.6,3.45,3.24,4.06,4.79,4.49,4.57,4.36,4.58,4.36,5.19,5.16,3.52,3.99,3.92
600221.SH,1.5,1.47,1.63,1.68,1.78,1.76,1.83,1.64,1.59,1.48,1.33,1.34,1.38,1.42,1.53,1.56,1.67,1.91,1.52,1.32,1.05,1.09,1.12,1.33,1.39,1.4,1.42,1.38,1.37,1.44,1.46,1.46,1.56,1.7,1.63,1.67,1.7,1.81,1.79,1.82,1.85,1.63,1.51,1.53,1.5,1.36,1.57,1.67,1.73,1.82,1.95,1.83,1.9,2.02,2.07,2.24,2.18,2.18,2.14,2.29,1.7
600222.SH,6.79,7.46,7.03,6.54,6.71,8.58,6.58,6.56,7.05,6.82,5.72,5.67,5.13,5.48,5.37,5.36,4.99,5.46,5.13,5.51,4.38,4.39,4.36,4.58,5.24,5.37,4.93,4.93,6.17,6.64,6.29,5.59,5.11,5.7,5.86,5.98,6.06,5.84,6.43,6.32,6.62,8.01,5.69,5.13,5.49,5.5,5.87,5.77,5.48,7.66,7.04,6.87,9.01,8.37,8.05,8.22,8.89,6.98,6.8,7.13,6.1
600223.SH,6.59,7.04,7.22,7.36,7.4,7.62,7.78,7.7,8.05,8.51,8.31,8.13,7.42,7.62,7.23,6.9,7.83,7.23,6.75,8.09,6.17,6.39,7.03,7.84,8.68,8.53,9.02,7.62,9.4,10.17,10.46,8.62,8.99,10.39,10.43,10.04,11.08,10.92,11.71,11.28,11.65,10.71,6.63,7.58,9.19,9.38,10.14,9.09,8.55,11.16,11.79,11.4,13.0,13.79,13.44,14.17,12.18,11.35,16.15,17.5,14.51
600226.SH,5.57,4.77,5.81,5.9,5.21,4.44,4.22,4.72,3.83,2.79,2.78,2.78,2.94,2.84,2.81,2.81,2.57,2.46,2.32,2.36,1.91,2.01,1.95,2.22,2.52,2.62,2.31,2.48,2.63,2.49,2.65,2.79,2.81,2.65,2.62,2.47,2.74,2.9,2.78,2.63,2.4,2.44,2.35,2.64,2.75,2.49,2.11,2.09,2.2,2.3,2.14,2.25,2.34,2.3,2.36,2.13,2.55,2.61,2.65,2.69,2.81
600227.SH,4.05,3.84,3.17,2.42,2.42,2.75,2.44,2.37,2.51,2.48,2.51,2.31,2.23,2.41,2.27,2.25,2.38,2.58,2.25,2.06,1.51,1.49,1.13,1.55,1.86,2.12,2.08,2.12,2.67,2.83,2.91,2.81,2.78,2.95,2.84,2.69,2.87,2.96,3.06,3.03,3.07,3.04,2.8,2.97,3.26,3.04,3.12,3.2,3.08,3.47,3.38,3.12,3.86,3.36,3.21,3.51,3.55,3.12,3.45,3.4,3.01
600229.SH,6.28,6.02,6.35,6.68,6.41,6.99,6.89,6.61,6.91,7.07,7.09,7.0,6.74,6.9,6.98,6.94,6.97,7.92,6.88,7.9,6.41,6.51,7.0,7.4,7.71,8.35,7.65,6.46,7.72,8.03,7.37,7.21,7.69,8.36,8.45,9.31,10.77,8.13,7.28,7.2,7.16,6.82,5.99,5.88,6.64,6.43,6.58,6.69,6.31,6.96,6.99,6.74,7.53,6.71,6.17,6.17,5.77,5.56,5.98,6.41,6.49
600230.SH,18.59,19.0,26.52,20.43,15.13,12.59,12.54,12.4,13.54,14.44,10.47,10.37,10.28,10.29,10.51,10.76,10.41,11.39,10.75,11.64,9.48,10.12,10.37,11.32,11.47,11.11,10.69,10.34,13.49,13.58,14.06,14.03,14.15,15.6,14.71,14.04,15.73,17.49,19.19,20.15,16.85,17.09,17.6,20.69,17.68,14.76,17.87,14.99,14.34,17.23,18.25,18.34,14.49,15.5,14.97,15.87,19.55,18.03,11.92,11.83,10.69
600231.SH,2.17,2.07,2.44,2.25,2.13,2.29,2.35,2.15,2.08,2.04,1.77,1.69,1.68,1.72,1.85,1.72,1.76,2.1,2.06,1.94,1.43,1.38,1.32,1.51,1.74,1.81,1.8,1.86,2.18,2.31,2.3,2.25,2.29,2.63,2.24,2.2,2.22,2.22,2.38,2.26,2.17,2.26,2.08,2.21,2.37,2.48,2.66,2.47,2.36,2.62,2.82,2.67,2.75,2.59,2.71,3.19,3.41,2.94,2.83,2.95,3.22
600232.SH,8.65,8.13,8.45,9.32,8.49,7.15,6.85,6.29,6.87,6.32,6.38,5.69,5.58,6.09,5.61,5.57,5.27,5.9,5.24,5.36,4.6,4.48,4.34,4.55,4.9,5.03,4.43,4.68,6.19,6.12,5.77,5.47,5.7,5.77,5.51,5.34,5.5,5.73,6.16,5.98,5.58,5.86,5.55,5.15,6.04,6.45,5.81,5.31,5.26,5.88,6.02,5.28,5.56,5.27,4.91,5.09,5.36,5.28,4.88,5.02,5.06
600233.SH,21.48,20.3,19.28,16.78,16.5,17.1,16.71,18.13,17.38,15.73,12.74,12.85,13.17,12.75,13.77,13.47,13.76,14.59,16.49,17.81,15.72,14.03,15.52,16.27,15.93,15.7,12.69,11.42,12.21,13.0,13.54,14.97,15.56,15.76,14.96,15.68,17.15,18.42,18.35,20.87,19.98,19.68,19.53,20.65,19.42,19.96,19.95,19.27,18.69,18.0,17.13,16.57,17.26,16.53,14.48,14.24,10.0,9.43,9.92,10.93,11.67
600234.SH,25.25,15.1,13.84,13.56,12.89,13.18,12.2,9.46,8.66,8.98,7.43,7.28,7.09,6.19,5.56,5.46,5.27,5.0,4.04,3.18,2.98,2.79,2.1,2.0,4.08,6.29,5.82,6.08,8.88,7.6,7.31,7.17,7.31,7.3,6.07,6.12,6.29,7.75,7.34,7.32,7.04,7.93,7.39,6.97,8.18,10.02,8.94,8.6,7.63,9.51,9.35,8.99,10.6,9.53,9.1,11.02,11.9,14.14,14.0,11.25,10.15
600236.SH,10.47,9.69,9.78,8.06,7.89,7.04,7.57,6.71,6.33,6.35,6.35,6.56,6.24,6.6,6.14,6.23,6.66,6.38,6.15,6.93,6.51,7.02,8.26,7.17,6.52,5.88,5.72,5.78,5.68,5.63,5.61,5.61,5.54,5.64,5.57,5.78,5.6,5.57,5.73,5.63,5.77,6.24,6.28,5.96,6.25,6.1,6.19,6.16,5.73,5.39,5.96,5.65,6.3,6.18,5.61,7.1,5.37,4.93,5.81,5.17,5.25
600237.SH,9.1,8.96,10.71,9.42,9.17,8.69,7.86,7.48,8.09,7.58,7.26,7.04,6.8,6.97,6.78,6.72,6.42,7.33,7.53,6.33,4.73,5.06,5.13,5.62,5.8,6.14,5.7,5.26,7.72,8.0,7.28,7.7,7.62,7.34,8.08,7.04,6.36,7.03,7.35,7.23,6.74,7.07,6.25,5.67,6.47,7.9,7.88,6.62,5.96,7.14,8.36,7.92,9.8,8.08,5.47,5.76,6.17,6.86,5.9,5.66,5.47
600238.SH,5.43,4.74,5.52,6.18,6.38,6.71,7.0,5.94,6.61,7.43,6.08,6.03,4.38,6.02,6.43,5.51,7.79,9.55,8.56,8.53,6.64,8.71,7.61,7.48,7.74,8.8,9.15,8.61,10.12,10.91,9.72,10.05,10.89,12.01,11.27,10.53,12.18,13.65,13.55,13.74,15.42,11.24,9.72,9.37,12.37,13.71,13.85,14.51,12.41,12.43,14.91,13.55,18.37,19.26,17.51,18.97,17.6,21.79,25.18,21.99,15.94
600239.SH,1.83,2.14,2.33,2.32,2.36,2.66,2.64,2.62,2.38,2.47,2.35,2.4,2.46,2.84,2.6,2.46,2.66,3.17,3.36,2.78,1.86,1.94,1.95,2.02,2.08,2.27,2.37,2.28,2.7,2.85,3.05,2.24,2.67,2.92,2.09,2.21,2.27,1.79,1.87,1.99,1.91,1.96,1.67,1.63,1.83,1.87,1.91,2.0,2.06,2.16,2.17,2.37,2.36,2.38,2.51,2.25,2.14,2.01,2.08,2.15,1.71
600241.SH,9.8,9.65,8.51,8.36,8.4,9.33,8.91,8.2,8.31,8.32,10.23,7.48,7.27,6.84,7.64,6.9,7.04,7.89,6.85,7.9,5.18,5.5,5.49,6.09,6.43,7.67,6.14,6.41,9.13,8.2,7.88,7.59,7.84,8.23,8.28,8.43,8.94,8.55,9.39,9.88,9.67,9.06,7.88,7.42,8.23,8.15,7.83,7.22,5.97,8.78,9.7,8.5,8.93,11.49,7.87,7.91,7.5,6.27,6.97,4.87,3.79
600243.SH,4.16,3.01,3.62,4.03,5.12,5.31,5.42,5.59,4.4,3.17,3.06,3.06,2.43,2.66,3.04,2.97,3.66,4.65,4.27,4.18,3.42,3.29,2.69,3.14,3.67,4.35,3.56,3.94,4.85,4.62,4.41,4.91,4.42,4.48,4.55,4.21,4.15,4.04,4.52,4.34,4.31,4.76,4.07,3.74,4.22,4.8,4.37,4.57,5.04,3.88,4.7,4.09,4.66,4.99,4.55,5.26,7.06,3.94,4.18,4.35,3.67
600246.SH,11.53,9.5,12.17,11.58,12.56,13.93,11.97,12.95,13.39,7.2,6.42,6.11,5.96,5.71,6.44,5.22,7.94,9.75,13.0,8.15,6.33,6.85,7.0,7.4,7.76,7.02,6.57,5.18,6.49,7.94,5.66,4.84,5.26,6.11,5.84,5.98,5.4,6.55,5.84,6.97,6.46,10.14,9.38,8.43,9.33,10.25,9.11,10.48,8.08,10.2,9.71,9.68,10.59,12.35,10.63,10.03,9.44,8.1,8.75,8.47,7.6
600248.SH,3.5,3.48,3.65,3.53,3.56,3.72,3.81,3.87,3.86,3.89,3.81,3.8,3.91,4.31,4.26,4.21,4.32,4.62,4.82,4.29,3.51,3.58,3.7,3.83,4.07,4.01,4.06,3.83,4.03,4.16,4.22,4.5,4.76,5.13,4.85,5.16,6.39,4.64,4.59,4.56,4.24,4.6,4.23,4.11,4.72,4.78,5.48,5.81,5.45,5.76,5.92,5.76,4.86,4.47,4.42,5.43,5.45,4.68,4.36,4.91,4.36
600249.SH,5.95,7.01,5.79,5.86,5.83,6.34,6.38,5.91,5.89,5.81,5.8,6.51,5.47,5.18,5.4,5.16,5.09,6.79,4.88,4.95,3.72,3.87,3.73,4.15,4.62,4.91,4.66,4.72,5.97,6.05,5.62,5.19,5.3,5.68,5.53,5.27,5.16,5.12,5.5,5.26,5.35,5.23,4.84,4.46,5.05,5.21,5.2,5.39,4.76,5.88,4.89,4.9,5.55,4.95,4.6,4.99,4.74,4.58,4.76,4.99,4.73
600250.SH,10.6,13.6,10.95,11.26,11.44,10.62,10.5,10.69,12.05,11.4,11.68,9.49,8.44,9.3,8.56,8.74,9.35,10.76,10.61,9.49,7.62,8.22,7.67,8.5,8.57,9.17,8.37,8.64,11.61,10.65,6.76,6.11,6.4,6.84,6.42,5.95,5.75,6.09,6.08,6.05,5.87,5.84,4.92,4.57,5.11,5.15,5.42,5.51,4.64,5.87,5.83,4.96,5.16,4.7,4.46,4.93,4.74,4.53,4.62,5.11,4.6
600252.SH,2.45,2.57,2.57,2.51,2.77,2.97,2.81,2.73,2.74,2.76,2.56,2.63,2.45,2.44,2.39,2.35,2.42,2.75,2.85,2.53,2.08,2.24,2.2,2.33,2.46,2.32,2.29,2.15,2.53,2.75,2.68,2.69,2.61,2.57,2.47,2.5,2.65,2.68,2.77,2.72,2.67,2.85,2.73,2.57,2.75,2.83,2.92,2.9,2.88,3.38,3.26,3.17,4.11,3.15,3.09,3.41,3.14,3.36,3.62,2.94,2.96
600255.SH,3.71,3.35,3.94,3.68,3.89,3.61,3.8,4.27,4.15,3.53,3.34,3.14,3.25,3.38,3.87,3.91,3.76,2.48,2.24,2.19,1.75,1.83,1.73,1.81,1.93,1.96,1.72,1.69,2.22,2.11,2.03,2.01,2.07,2.37,2.08,2.09,2.27,2.5,2.75,2.84,2.62,2.71,2.65,2.44,2.75,2.92,2.67,2.27,2.09,2.34,2.86,2.66,3.2,2.21,2.12,2.23,2.36,2.32,1.99,2.13,2.26
600256.SH,6.68,6.48,6.47,5.28,4.97,5.03,5.31,5.19,5.13,5.42,6.02,5.88,5.86,6.13,6.1,6.14,6.49,7.21,7.86,7.68,6.23,6.05,6.83,7.67,7.63,7.33,7.78,6.9,7.48,7.36,7.54,7.87,6.83,7.15,6.95,7.26,9.27,9.44,10.73,10.24,9.19,10.54,10.03,12.57,12.77,10.43,10.24,10.19,9.2,8.26,7.19,5.85,6.7,6.06,6.71,8.4,6.11,4.11,3.27,3.26,3.06
600257.SH,6.09,6.96,7.04,7.17,6.61,6.2,5.76,5.22,5.54,5.39,5.16,5.2,4.79,4.8,4.75,4.74,4.76,5.57,5.15,5.3,4.21,4.34,4.54,5.31,6.01,7.7,5.09,5.03,6.79,7.29,6.85,7.15,8.86,6.42,6.32,4.92,4.9,5.47,5.91,5.46,5.91,5.16,4.69,4.58,5.53,5.34,5.47,5.67,5.29,6.74,6.04,5.92,8.09,6.38,6.01,7.37,6.79,6.29,7.11,7.85,5.86
600258.SH,14.97,16.22,17.02,17.04,16.39,15.62,14.46,14.08,15.35,13.85,14.02,14.94,14.93,13.96,13.06,12.94,14.69,14.65,13.97,14.53,11.68,12.31,12.61,14.36,15.3,15.1,15.12,13.81,15.43,17.11,16.56,16.12,17.53,20.72,20.34,20.08,21.07,23.96,24.54,23.28,24.21,23.22,23.63,21.03,20.37,21.25,23.57,21.4,23.19,24.06,25.99,24.67,26.98,23.7,24.09,22.82,24.67,18.57,24.29,27.23,23.68
600259.SH,98.01,80.55,112.29,76.7,57.04,54.52,52.23,61.47,69.7,60.5,52.28,47.3,39.59,33.94,30.0,29.18,27.09,31.29,33.22,31.48,24.84,25.77,27.84,27.35,29.0,30.63,29.85,26.48,34.0,33.78,36.43,33.92,34.96,38.26,36.11,35.64,36.57,40.67,48.11,49.31,41.24,42.65,45.25,37.5,43.56,48.73,51.11,36.23,33.04,38.87,46.92,43.6,48.45,53.88,46.42,51.15,50.58,46.62,32.89,36.16,33.96
600261.SH,3.66,3.7,3.78,3.63,3.4,3.51,3.48,3.62,3.44,3.35,3.33,3.24,3.18,3.34,3.34,3.91,3.51,3.43,3.08,3.15,2.49,2.75,2.72,3.13,3.28,3.12,2.92,2.74,3.29,3.6,3.51,3.57,3.54,3.78,3.67,3.52,3.51,3.48,3.46,3.36,3.21,3.27,3.21,3.11,3.49,3.55,3.41,3.51,3.32,3.85,4.02,3.96,4.37,4.06,3.65,4.0,3.75,3.67,3.92,4.23,4.19
600262.SH,24.06,24.81,31.97,29.2,26.7,25.85,28.58,22.83,24.4,22.77,23.0,21.89,21.48,17.85,18.35,18.02,18.0,19.63,19.22,19.67,15.5,19.15,16.75,18.02,18.4,15.94,15.3,15.35,19.7,20.04,17.63,17.78,18.22,19.43,21.22,19.62,18.83,17.68,18.6,18.09,16.4,17.22,16.71,14.95,17.35,19.53,19.95,21.5,18.06,20.18,20.08,18.4,23.96,16.91,13.52,13.72,15.05,13.15,14.29,15.2,15.32
600265.SH,22.0,21.38,19.93,19.91,20.17,20.8,21.0,23.23,20.99,18.43,18.42,16.91,14.96,15.5,15.76,16.86,16.88,18.22,15.97,15.52,13.7,14.04,13.89,17.26,17.62,16.83,16.59,16.45,18.14,18.0,17.04,16.94,17.09,16.6,16.4,16.27,15.85,16.09,16.7,15.38,15.08,15.41,14.7,14.17,15.63,15.38,13.91,16.76,15.86,16.48,17.36,19.39,21.5,18.92,18.83,20.87,22.52,20.5,16.49,17.14,15.3
600266.SH,5.26,5.09,5.44,5.45,5.58,4.69,4.91,5.39,5.02,4.63,4.55,4.34,4.77,4.58,5.1,4.71,5.12,5.87,6.39,5.99,4.04,3.89,4.11,4.58,3.96,4.04,4.25,4.16,4.75,5.37,5.92,6.16,6.88,7.56,5.18,4.83,4.63,4.67,5.14,4.54,4.68,5.17,3.36,3.76,4.19,3.97,4.01,4.08,4.25,5.26,4.46,4.46,4.56,4.28,4.4,4.7,4.6,4.24,4.75,5.1,4.79
600267.SH,11.59,10.77,10.22,10.23,10.21,10.44,11.21,10.52,10.92,11.34,9.44,9.4,8.89,9.44,8.54,8.8,8.11,8.66,8.33,9.15,7.33,7.46,7.1,7.58,8.33,7.93,8.0,7.39,9.34,10.25,10.15,10.96,10.57,11.09,11.47,12.11,13.06,10.7,11.06,11.26,11.12,11.09,11.28,10.35,11.14,11.91,12.72,13.81,11.51,13.8,14.03,13.88,14.27,13.93,12.58,12.38,12.2,13.39,14.81,13.96,14.37
600268.SH,15.6,15.67,14.1,13.07,10.75,10.45,12.05,10.59,10.14,9.1,7.9,7.86,7.78,7.3,7.35,7.08,6.53,6.97,7.21,7.16,5.52,5.41,5.8,7.1,6.96,7.32,6.44,5.79,7.06,6.92,6.8,7.07,7.02,7.5,7.49,6.83,8.02,8.26,8.43,8.3,7.84,8.55,7.54,7.37,8.52,10.31,8.89,10.09,7.22,8.6,9.51,8.87,9.83,11.31,10.69,11.28,8.03,7.36,6.4,6.63,6.23
600269.SH,4.44,4.67,4.94,4.85,5.18,5.27,5.44,4.88,5.05,5.07,5.11,5.27,5.12,5.17,5.11,5.2,5.43,5.31,5.19,5.24,4.4,5.19,5.23,4.89,4.83,4.56,4.43,4.08,4.19,4.21,4.35,4.15,3.71,3.94,3.68,3.67,3.91,3.42,3.52,3.46,3.38,3.37,3.19,3.22,3.43,3.48,3.47,3.63,3.53,3.62,3.56,3.55,3.48,3.31,3.32,3.69,3.43,3.27,3.33,3.4,3.62
600271.SH,8.55,8.61,9.91,9.88,11.45,8.97,8.46,8.39,9.11,9.28,9.11,9.05,8.54,8.88,9.53,8.87,8.76,10.12,9.65,10.73,7.86,8.41,7.43,7.84,8.61,9.75,10.5,8.81,10.52,11.43,10.89,12.26,12.69,13.33,13.71,14.46,14.42,15.42,12.36,12.45,10.71,11.14,11.29,9.83,10.43,10.83,10.93,11.02,10.12,12.48,13.92,13.07,13.65,13.29,11.93,12.04,12.23,12.25,12.83,12.93,11.58
600272.SH,12.72,12.77,13.17,13.62,13.95,15.21,13.43,12.71,13.45,14.29,13.71,13.95,13.43,14.01,15.29,13.6,16.56,12.21,12.98,12.74,9.19,10.55,8.74,9.25,10.5,11.09,9.72,9.85,11.68,12.48,12.33,12.81,14.8,9.35,9.08,9.18,9.41,9.55,10.39,9.86,9.75,10.42,10.14,8.73,9.94,10.37,9.77,9.02,8.78,10.58,10.0,10.25,9.03,6.96,6.61,6.98,6.94,6.9,8.49,7.05,6.75
600273.SH,8.2,9.26,11.56,10.92,8.72,8.29,8.57,8.39,8.54,9.01,8.52,8.32,8.51,8.14,7.86,7.77,7.86,8.17,7.67,8.41,7.56,6.91,7.07,7.64,8.06,7.85,8.14,7.51,8.66,8.42,8.41,8.48,8.94,9.74,9.6,9.16,10.0,9.12,8.91,8.78,8.44,8.84,8.51,9.1,10.27,10.26,11.09,10.7,10.69,10.14,11.06,10.68,11.59,11.21,10.23,10.78,10.3,9.25,8.44,8.71,9.14
600276.SH,53.63,57.73,54.54,56.49,63.08,61.94,63.4,71.15,68.35,61.31,52.46,54.88,51.0,51.8,45.92,44.01,44.95,50.45,47.56,56.01,43.9,41.95,38.27,42.5,47.16,46.32,42.52,37.16,44.47,46.58,47.97,44.76,41.53,43.38,47.36,45.93,49.27,42.56,43.77,42.64,38.44,40.47,41.49,34.26,34.34,35.18,38.94,29.98,29.68,36.78,41.06,41.14,50.39,50.5,49.8,54.19,46.59,55.25,69.69,87.47,82.12
600278.SH,7.1,7.51,8.32,8.49,7.62,7.87,8.41,7.4,7.83,7.46,7.19,7.29,7.63,6.57,6.58,6.58,6.92,8.29,6.99,7.56,5.41,5.78,5.4,5.76,6.17,6.25,6.04,6.42,7.07,7.19,7.1,6.75,6.92,7.78,7.62,7.1,7.16,7.35,7.29,7.26,6.92,7.18,7.08,6.6,7.36,7.34,7.44,8.15,7.2,8.1,7.75,7.63,8.18,7.61,7.68,7.89,7.85,7.68,7.92,8.39,8.75
600279.SH,4.93,5.23,5.52,5.35,5.42,5.15,5.48,5.15,5.54,5.58,5.75,6.02,5.35,5.1,5.22,4.67,4.72,5.53,4.34,4.34,3.58,3.75,3.67,3.84,4.1,4.26,4.05,4.12,4.53,4.45,4.19,4.33,4.36,4.43,4.21,4.22,4.49,4.33,4.35,4.44,3.99,4.04,3.84,3.98,4.38,4.1,4.02,4.4,4.03,4.72,4.21,3.87,4.16,3.77,3.54,3.73,3.69,3.48,3.61,3.75,3.6
600280.SH,3.15,3.23,3.49,3.76,3.89,3.76,3.32,3.33,3.61,3.46,3.62,3.5,3.46,3.42,3.83,3.34,4.33,4.55,3.45,3.29,2.54,2.37,2.28,2.53,2.77,3.09,3.21,2.83,3.9,4.43,3.56,3.81,4.61,5.23,2.64,2.67,4.37,4.3,3.61,3.0,3.1,3.55,3.4,2.36,2.43,2.38,2.47,2.54,2.52,2.72,2.7,2.81,3.06,2.84,2.94,3.02,2.99,2.9,3.24,3.8,4.22
600281.SH,5.7,5.34,6.55,5.88,5.95,6.01,6.29,6.33,6.89,6.67,7.27,5.01,4.68,3.64,3.87,3.27,3.22,3.99,4.11,3.65,2.76,2.67,2.88,3.04,3.33,3.65,3.03,3.57,4.74,4.72,4.38,4.13,4.24,4.38,4.1,4.15,4.25,4.52,4.79,4.83,4.55,4.84,4.47,4.43,5.06,5.33,5.1,4.97,4.18,5.19,5.91,5.36,5.88,6.17,5.78,6.65,7.8,4.85,4.34,4.71,3.82
600282.SH,5.37,5.52,5.98,5.37,5.22,5.45,5.43,5.17,4.79,4.51,4.29,4.16,4.38,4.72,4.78,4.49,4.58,4.27,4.38,4.75,4.28,4.5,5.05,5.07,5.46,4.69,4.24,3.68,3.72,3.75,3.82,3.73,3.72,3.7,3.39,3.43,3.65,3.91,4.04,3.5,3.15,3.3,3.05,2.78,2.94,3.04,3.18,3.19,3.69,3.62,3.86,3.81,3.77,3.57,3.63,3.92,4.19,3.55,3.57,3.64,4.42
600284.SH,6.98,7.24,7.88,7.69,8.48,8.07,8.2,9.74,9.24,6.76,6.59,6.81,6.38,6.82,5.97,6.04,6.08,6.54,5.98,6.32,4.99,5.72,5.48,5.93,6.18,6.04,6.18,6.68,6.33,6.46,6.36,6.75,6.96,6.88,6.15,6.17,7.18,7.0,7.31,7.21,6.82,7.19,6.74,5.86,6.47,6.87,7.4,8.06,7.34,7.0,6.8,6.4,6.42,5.92,5.81,6.1,6.24,6.2,6.86,6.68,6.2
600285.SH,22.19,22.49,21.66,21.54,21.72,22.08,22.51,22.22,23.31,23.46,22.45,24.7,23.2,21.98,20.74,21.75,21.41,22.16,21.57,26.3,23.6,21.23,25.65,24.42,26.19,21.18,20.23,17.2,17.51,17.13,15.82,17.67,15.97,15.15,15.58,16.71,17.76,15.55,15.74,13.92,13.49,14.08,14.25,11.46,12.72,11.65,12.85,12.11,11.61,13.07,14.0,13.02,16.47,12.51,11.14,11.28,10.22,10.35,11.07,10.31,9.75
600287.SH,5.88,5.85,5.82,5.92,5.48,5.83,5.7,5.57,6.11,5.62,6.5,5.27,4.61,4.66,4.43,4.5,4.16,4.25,3.83,3.61,2.99,2.87,3.59,4.04,4.66,5.05,4.62,5.03,6.35,6.77,5.5,5.14,5.56,5.62,5.09,5.01,5.15,5.35,5.58,5.65,5.32,5.23,5.19,4.78,5.38,5.27,5.1,5.19,4.38,5.27,4.78,4.63,4.8,4.3,4.05,4.38,4.33,4.89,5.42,5.41,4.98
600288.SH,15.22,14.26,15.55,15.3,15.18,15.12,16.97,14.11,12.58,12.88,10.47,9.06,8.93,9.17,9.49,9.05,8.62,9.32,8.35,9.4,6.74,6.79,6.52,7.09,8.13,9.8,8.89,8.1,11.41,13.58,10.34,9.95,10.15,10.83,12.12,11.87,12.0,13.81,13.3,12.9,12.21,12.87,12.92,13.11,13.96,15.72,14.38,13.58,11.47,13.48,14.66,15.3,13.63,12.9,11.22,12.04,12.01,11.95,13.4,12.77,11.66
600289.SH,6.19,7.33,7.06,6.6,6.68,6.7,6.42,6.6,6.62,6.42,6.88,5.03,5.67,7.29,4.83,3.06,1.88,,1.77,1.49,1.44,1.29,1.25,1.4,1.39,1.46,1.54,1.54,2.49,2.71,2.58,2.51,2.57,2.69,2.45,2.23,2.77,2.9,2.78,2.85,2.82,2.92,2.79,2.74,2.9,3.04,3.18,3.11,2.9,3.63,3.36,3.74,4.08,4.07,3.4,3.45,3.61,3.12,3.65,3.42,3.59
600293.SH,3.2,3.28,3.62,3.49,3.19,3.2,3.28,3.01,3.1,3.09,3.12,2.99,3.0,2.94,3.01,3.16,3.11,3.67,2.9,3.04,2.4,2.5,2.53,2.74,2.91,2.94,2.86,2.92,3.63,3.29,3.2,3.18,3.02,2.91,2.65,2.27,2.58,2.67,2.89,2.89,2.6,2.81,2.69,2.92,3.43,3.76,3.71,3.49,3.16,3.76,3.61,3.67,3.96,3.79,3.47,3.74,4.3,4.49,2.82,3.3,2.58
600298.SH,37.99,40.15,43.46,41.28,43.71,40.92,38.14,40.03,40.23,34.24,35.24,38.02,36.18,34.78,37.04,34.1,35.81,35.05,36.74,36.24,31.3,29.46,28.03,31.05,30.46,29.92,33.24,30.61,35.54,36.35,34.88,33.72,33.15,37.05,36.82,36.84,39.63,40.78,40.54,42.15,43.99,45.39,38.94,40.86,47.0,44.71,48.2,41.41,40.32,42.61,50.25,58.49,58.83,56.02,53.65,49.85,42.78,47.83,55.24,63.75,57.95
600299.SH,12.8,13.2,11.66,9.1,8.98,9.05,9.42,9.55,10.07,9.99,9.72,9.53,9.75,10.67,10.69,11.45,12.06,11.06,11.13,11.85,10.19,11.25,10.03,9.94,10.2,8.89,8.64,7.3,8.14,7.84,7.63,8.19,8.08,8.28,8.06,7.96,8.15,8.95,9.03,8.96,8.4,8.98,8.65,9.82,10.45,9.45,9.75,9.61,9.08,9.87,11.8,11.45,12.62,11.85,12.95,12.19,11.59,11.1,11.92,12.43,12.44
600300.SH,3.68,3.57,3.66,3.72,3.51,3.62,3.62,3.33,3.41,3.44,3.44,3.65,3.61,3.38,3.25,3.3,3.27,3.23,2.89,2.94,2.37,2.42,2.42,2.76,3.01,2.88,2.77,2.74,3.14,3.23,3.2,3.05,3.16,3.26,3.06,3.14,3.17,3.17,3.44,3.41,3.54,3.41,3.13,3.19,3.53,3.28,3.52,3.6,3.4,4.46,4.68,4.05,4.15,3.77,3.48,3.47,3.51,3.69,3.32,3.55,3.38
600301.SH,55.58,49.55,71.24,50.95,37.12,38.28,30.13,34.52,33.46,21.87,20.76,18.87,19.72,21.82,19.4,17.78,17.0,19.24,19.36,18.58,15.13,17.29,20.5,18.82,17.28,14.15,11.82,11.68,12.58,12.58,13.6,14.69,15.65,17.35,17.97,16.89,17.97,16.83,19.73,16.92,13.33,11.91,11.16,10.63,11.62,12.55,14.51,15.81,14.44,19.23,15.14,11.19,12.39,13.96,11.04,11.8,12.25,8.48,6.94,6.41,6.26
600302.SH,9.06,11.08,12.23,12.4,10.2,10.31,10.09,6.8,6.95,7.21,6.57,5.59,5.4,5.51,5.34,4.9,4.78,5.75,4.92,4.75,3.63,3.69,3.44,3.84,4.28,5.05,5.14,4.48,5.88,5.71,5.41,5.45,5.4,5.44,5.29,5.08,5.04,5.24,5.78,5.97,5.94,5.97,5.17,4.68,5.42,5.5,5.06,4.9,4.39,5.34,5.12,4.7,5.22,4.73,4.03,4.45,4.37,4.05,4.24,4.24,4.21
600303.SH,3.35,3.27,3.32,3.23,3.26,3.48,3.87,3.84,3.75,3.55,3.74,4.11,4.24,3.27,2.99,2.76,2.88,3.27,2.66,2.62,2.44,2.75,2.43,2.83,3.59,4.18,3.07,3.15,4.23,4.3,4.53,4.68,4.8,4.89,5.07,4.43,4.73,5.85,5.49,6.27,6.36,7.88,5.07,9.02,5.67,3.52,3.43,3.5,4.22,5.58,5.09,4.56,4.86,4.02,3.57,3.75,3.93,3.75,4.11,3.83,3.63
600305.SH,7.51,7.65,7.85,8.07,7.92,7.96,8.22,7.98,8.34,7.82,7.65,8.07,7.85,7.53,7.32,7.5,7.93,8.37,7.8,8.73,6.95,7.25,7.24,7.82,8.37,8.19,8.43,7.89,9.16,9.58,9.91,10.28,10.66,11.24,10.96,10.94,11.43,12.04,12.88,12.18,11.96,11.75,10.53,10.63,11.89,11.31,12.8,11.66,10.95,10.73,12.66,13.15,16.06,15.25,14.63,15.7,14.05,16.88,20.02,22.74,17.39
600307.SH,1.8,1.98,1.96,1.77,1.65,1.63,1.73,1.72,1.67,1.72,1.4,1.39,1.39,1.42,1.51,1.5,1.56,1.74,1.95,1.54,1.19,1.2,1.19,1.21,1.34,1.4,1.39,1.37,1.49,1.57,1.59,1.56,1.61,1.84,1.56,1.59,1.64,1.64,1.76,1.74,1.68,1.7,1.56,1.62,1.76,1.83,1.94,1.92,1.88,2.15,2.29,2.22,2.25,2.16,2.42,2.75,3.02,2.5,2.3,2.4,2.05
600309.SH,89.73,82.87,94.32,80.33,77.33,67.96,62.52,67.73,69.02,60.92,53.98,54.14,55.06,67.1,68.97,67.73,69.72,75.39,76.51,93.75,70.84,74.25,82.3,87.22,91.94,84.55,78.73,70.21,75.67,78.88,85.5,87.9,96.58,97.6,87.58,82.2,90.05,95.82,103.21,96.95,92.4,90.45,81.55,89.93,88.11,82.07,96.59,83.32,81.69,86.03,94.08,92.63,100.05,95.0,104.4,107.34,107.0,119.99,106.99,116.85,104.88
600312.SH,22.28,20.75,23.38,21.55,17.99,16.93,18.0,17.65,15.9,15.54,15.23,15.35,16.75,17.31,15.83,17.36,18.18,17.74,18.46,20.78,18.33,20.11,19.74,14.25,14.85,14.0,14.33,12.28,12.7,11.86,10.93,10.97,10.52,11.82,12.0,11.71,11.9,9.65,9.78,8.71,8.17,8.48,7.88,6.66,7.72,8.39,8.06,7.79,6.61,7.8,8.38,8.8,8.71,8.77,8.58,9.29,7.47,6.51,5.77,5.97,5.91
600313.SH,7.1,7.79,8.18,8.11,6.43,6.66,6.44,6.3,6.5,6.35,6.31,6.27,6.44,6.22,6.74,6.63,6.74,7.12,6.7,6.64,5.32,5.6,5.7,6.16,6.87,7.08,7.7,6.28,7.49,7.9,7.82,8.18,8.77,9.65,8.71,8.93,9.01,9.9,10.73,11.16,10.29,10.49,10.1,9.41,11.53,10.51,11.74,15.3,8.76,8.0,5.34,5.07,5.81,5.03,4.85,5.14,4.67,5.0,4.35,4.66,4.83
600315.SH,20.72,22.07,21.8,20.78,22.87,23.61,24.74,25.1,27.12,22.52,20.88,24.42,24.1,20.22,18.19,15.6,16.78,17.85,16.3,19.28,14.4,17.65,17.92,19.81,21.68,18.58,19.4,17.48,20.87,23.12,23.19,25.4,26.47,28.91,29.02,28.61,29.61,30.1,32.35,31.61,31.66,29.14,28.92,27.81,33.14,34.74,41.43,34.05,31.41,34.93,39.11,40.9,40.42,42.28,44.55,44.85,47.6,51.06,60.84,60.3,59.3
600316.SH,36.86,39.15,43.29,41.8,34.6,32.93,34.25,37.1,41.05,41.89,37.27,35.69,34.19,36.13,34.0,32.11,30.35,33.7,35.52,26.92,20.72,20.95,16.64,18.36,18.33,18.33,17.85,15.7,21.28,21.22,20.05,21.38,21.22,22.84,23.35,23.46,24.62,25.8,27.35,28.94,25.45,26.6,25.89,22.55,24.4,28.03,30.33,27.01,22.67,27.71,33.89,31.01,39.15,41.4,38.21,36.3,45.28,43.21,35.35,40.47,31.23
600318.SH,7.9,7.52,9.26,8.54,8.98,8.68,9.51,9.58,11.18,9.84,9.69,9.1,9.18,9.61,7.59,7.96,7.9,10.0,8.99,9.24,5.25,6.46,6.38,6.07,6.81,6.91,7.75,7.23,7.02,6.91,6.67,6.44,6.59,7.16,6.39,6.32,6.56,6.72,7.3,7.38,6.84,7.37,6.8,5.9,6.96,7.06,7.32,7.07,6.79,11.7,12.86,10.09,12.52,13.37,7.83,6.84,7.0,7.04,7.45,8.18,6.66
600319.SH,8.12,7.56,8.56,7.8,9.17,9.76,8.9,8.27,8.8,6.8,7.18,5.86,5.45,5.52,5.11,5.05,4.75,5.38,4.74,4.47,3.35,3.27,3.35,3.73,4.23,4.54,4.04,4.11,5.82,5.44,5.19,5.06,5.15,5.28,5.09,5.11,5.3,5.99,6.36,6.52,6.06,5.72,5.5,5.2,6.18,6.46,5.87,6.29,5.41,7.24,6.59,5.57,5.54,5.85,5.56,5.64,5.74,5.09,6.04,5.19,4.69
600322.SH,2.85,2.32,2.29,2.28,2.34,2.57,2.57,2.45,2.79,2.88,2.96,2.48,2.25,2.3,2.47,2.18,2.99,2.4,2.49,1.97,1.29,1.35,1.36,1.61,1.75,1.88,1.8,1.9,2.16,2.39,2.63,2.36,3.45,2.56,1.79,1.67,1.91,1.98,2.23,2.32,2.3,2.72,1.99,2.49,2.04,2.02,2.03,2.12,2.18,3.11,2.05,2.02,2.09,1.84,1.79,1.93,1.84,1.75,1.89,2.05,1.96
600323.SH,31.96,29.5,29.11,28.59,29.0,28.95,29.0,27.33,25.82,27.5,24.45,25.31,23.28,24.37,21.81,22.28,23.28,21.66,22.34,21.96,19.87,21.4,21.5,19.62,18.85,16.64,15.91,15.27,17.37,17.11,17.79,17.16,17.72,18.97,18.95,19.02,20.2,17.85,18.92,18.43,18.27,19.24,18.23,18.39,20.29,21.03,20.64,20.48,18.5,18.65,19.22,20.4,21.3,21.59,21.63,26.39,23.2,22.57,21.83,23.8,23.46
600325.SH,3.59,3.6,4.29,4.02,4.34,4.57,4.92,5.34,5.28,4.78,4.83,4.9,5.13,5.37,5.83,5.34,5.7,6.76,6.96,7.18,5.53,5.81,7.15,7.23,6.33,7.13,6.99,6.55,6.95,7.45,8.26,9.26,10.69,10.78,9.65,9.7,10.18,11.65,11.66,9.41,9.46,10.9,8.57,10.22,8.56,7.77,7.7,6.93,7.8,7.95,6.25,6.58,6.06,5.31,5.42,5.81,6.55,5.78,6.76,6.82,6.3
600326.SH,9.46,9.5,11.07,10.6,11.08,11.2,12.46,12.3,14.53,18.2,8.48,7.89,7.02,6.39,7.23,6.1,6.47,7.66,6.71,6.55,5.38,4.33,4.71,4.24,4.33,4.09,4.04,3.64,4.87,5.45,5.78,5.08,4.26,6.54,7.1,5.81,6.62,4.87,5.14,4.86,4.6,4.83,4.56,4.53,5.17,5.51,5.88,5.76,5.53,6.09,6.47,6.35,6.56,6.31,6.31,6.73,6.88,6.5,6.74,7.14,7.19
600327.SH,4.01,3.97,4.14,4.58,4.97,5.07,4.77,4.74,4.96,4.96,4.99,4.88,4.93,4.97,5.05,4.81,5.86,8.21,3.83,4.04,3.25,3.39,3.27,3.75,4.08,4.21,4.1,4.12,5.14,5.7,4.77,4.78,4.68,4.85,4.65,4.89,4.87,4.71,4.97,4.76,4.89,4.81,4.43,4.45,4.95,4.86,5.06,4.99,4.99,6.31,6.39,6.1,6.07,6.08,6.15,5.59,5.65,6.57,8.41,9.09,4.75
600328.SH,7.95,8.79,9.74,8.55,8.23,8.48,8.01,8.01,8.11,7.89,7.67,7.08,7.08,7.44,7.6,7.39,7.86,8.33,8.41,8.93,7.36,7.54,7.0,7.35,8.12,7.76,7.8,7.07,7.85,7.88,7.97,8.51,9.18,9.48,9.07,11.74,14.37,14.74,15.51,16.26,14.98,16.34,14.14,14.69,17.65,20.01,23.64,21.5,18.84,16.44,16.97,15.64,16.07,18.45,18.39,21.36,20.34,15.33,13.32,11.89,9.03
600329.SH,41.85,41.65,42.21,43.15,46.18,46.69,45.69,43.44,45.66,38.76,33.87,34.6,29.65,31.52,30.41,31.9,30.54,32.5,33.24,38.06,28.2,33.17,33.12,35.48,35.29,29.96,30.01,26.05,34.27,35.76,29.45,35.86,35.37,38.84,42.69,52.56,47.32,38.99,35.21,32.95,29.54,31.06,28.3,21.96,23.56,22.35,24.48,22.02,20.04,25.94,26.68,25.71,32.13,24.55,25.19,26.01,31.42,26.93,28.56,25.13,22.54
600330.SH,27.01,16.32,17.64,14.0,12.97,9.81,10.26,11.15,10.05,7.9,7.18,6.64,6.78,7.11,7.26,6.98,6.98,7.65,7.75,7.83,6.09,6.56,6.83,7.12,7.59,8.19,7.69,6.66,8.58,9.16,8.71,9.45,9.54,10.55,11.67,10.23,10.14,12.24,12.31,13.48,10.86,11.36,12.71,10.29,11.71,14.35,11.66,9.65,8.62,11.39,13.98,13.13,15.48,16.1,14.91,10.67,12.28,12.06,9.3,8.87,8.14
600331.SH,17.99,14.63,21.64,14.63,13.2,11.16,10.74,10.93,11.0,9.45,8.82,7.03,6.65,7.17,7.08,7.7,7.27,8.4,8.28,7.25,6.17,5.77,6.29,6.74,6.61,7.53,6.01,4.24,5.16,5.87,4.83,4.08,3.88,4.55,4.71,4.34,3.29,3.38,3.43,3.18,2.9,2.8,2.68,2.72,3.06,3.28,3.48,3.08,2.99,3.12,3.39,3.09,3.27,3.65,3.74,4.1,4.46,3.2,1.97,2.4,2.0
600333.SH,5.77,5.52,5.92,5.61,5.55,6.39,7.24,5.86,5.29,4.95,4.82,4.7,4.55,4.63,4.64,4.6,5.83,6.72,4.52,4.75,3.79,3.79,3.76,3.94,4.2,4.24,4.08,4.4,5.18,5.43,5.2,5.15,4.97,5.09,4.91,4.83,4.86,4.84,5.16,5.21,5.15,5.85,5.09,5.97,5.56,5.32,4.94,4.99,4.58,4.99,5.46,5.13,6.02,6.44,6.38,7.18,5.68,4.52,4.71,4.81,4.66
600335.SH,6.05,6.01,6.6,6.45,6.48,6.24,6.33,6.04,6.32,6.39,6.47,6.43,6.44,6.97,6.5,6.4,6.12,6.8,6.21,7.05,5.56,6.41,5.85,6.52,7.31,7.92,7.53,7.21,9.0,9.31,8.03,7.29,7.38,8.71,11.37,10.71,10.05,9.26,9.13,9.44,7.84,8.17,7.9,7.19,8.71,11.17,9.74,7.8,6.45,8.3,7.74,7.45,8.57,8.01,6.65,5.91,5.16,5.15,5.75,5.87,5.17
600336.SH,7.72,7.16,7.47,7.88,7.95,8.05,7.3,6.96,6.95,6.94,6.85,7.05,7.0,6.51,6.98,6.45,6.65,8.05,8.33,6.92,4.62,5.35,4.34,4.71,5.16,5.17,4.66,4.52,6.16,5.6,5.47,5.51,6.28,5.87,5.76,5.47,5.83,6.04,6.32,6.04,5.58,5.81,5.5,5.64,6.08,7.12,6.71,7.59,7.41,5.96,6.53,6.28,7.26,9.5,7.62,6.42,5.78,5.52,5.53,6.33,6.46
600338.SH,26.48,16.95,19.66,17.28,15.34,14.61,14.15,14.18,13.05,11.65,11.07,9.81,9.65,10.15,10.17,10.47,10.37,11.94,11.53,11.79,9.09,9.21,10.16,9.65,9.85,10.09,10.82,8.88,11.99,12.13,13.92,14.1,14.62,18.74,18.27,17.71,19.22,23.17,25.53,24.57,23.06,22.99,22.15,21.87,27.91,28.84,31.57,22.73,19.57,26.55,33.24,29.02,33.89,38.49,30.52,34.55,44.0,28.01,13.54,16.23,13.81
600339.SH,3.94,4.05,4.66,3.84,3.34,3.4,3.62,3.56,3.6,3.4,3.27,3.14,3.1,3.42,3.29,3.42,3.45,3.8,3.59,3.79,3.23,3.2,3.17,3.22,3.45,3.27,3.23,3.01,3.05,3.23,3.35,3.76,3.76,4.16,4.12,4.03,4.84,3.79,3.25,3.2,3.03,3.14,2.82,2.92,2.93,2.87,2.88,3.04,2.84,3.0,3.46,3.19,3.13,2.86,3.11,3.49,2.98,2.67,2.79,2.84,2.82
600340.SH,1.22,1.39,1.62,1.53,2.2,2.36,2.15,2.13,2.19,2.18,2.21,2.29,2.44,2.23,2.65,2.26,2.68,3.17,2.51,1.65,1.08,1.06,1.08,1.17,1.25,1.4,1.46,1.41,1.71,1.91,1.87,2.02,2.27,2.66,2.25,2.23,2.27,2.47,2.74,2.82,2.49,2.77,2.23,2.44,2.88,2.9,3.16,3.35,3.3,4.21,3.11,3.15,3.67,3.34,3.65,4.41,4.01,4.29,5.21,5.38,5.41
600343.SH,34.78,33.21,36.98,36.51,45.69,23.05,15.61,15.13,14.51,15.77,12.23,11.83,11.08,11.65,10.01,10.73,10.24,11.27,10.68,10.45,7.24,8.74,7.8,9.03,8.18,8.58,8.18,7.97,10.73,10.35,10.09,9.78,9.87,10.45,10.39,10.07,9.65,10.29,10.82,9.92,8.94,9.43,9.24,8.29,9.42,11.68,10.65,10.88,8.56,9.82,11.75,10.82,13.78,10.35,9.52,10.27,10.47,9.43,9.44,9.8,9.18
600345.SH,48.99,42.56,47.02,37.2,35.9,26.2,26.52,27.53,30.55,25.98,25.82,23.46,22.81,25.3,22.64,22.96,22.26,28.62,18.18,19.86,15.11,17.15,18.07,17.8,18.53,21.36,21.57,16.78,19.32,21.26,19.15,19.61,18.93,20.15,21.95,20.7,20.02,20.19,18.9,17.59,16.16,17.1,17.08,14.22,16.82,18.43,15.39,16.22,13.9,15.03,16.44,15.5,17.19,15.8,14.74,16.75,15.68,16.13,15.3,14.84,13.92
600346.SH,22.85,22.2,26.5,24.0,22.01,19.2,17.95,17.44,17.75,15.41,14.19,15.03,15.63,15.42,15.77,14.99,14.94,14.63,13.74,16.51,13.21,13.86,14.25,14.25,15.97,14.27,12.76,11.79,13.17,13.68,14.81,14.37,14.55,15.56,14.47,15.65,15.43,16.15,17.72,17.7,15.7,17.17,15.14,16.49,19.21,19.89,22.04,22.32,22.23,21.09,24.79,24.12,23.21,21.31,22.12,26.45,26.89,31.8,26.26,29.5,30.15
600348.SH,10.58,9.05,10.34,8.87,8.24,7.84,8.07,7.67,7.01,6.85,6.77,6.62,6.58,6.88,6.53,6.66,6.94,7.47,7.54,8.53,7.28,7.08,10.39,11.04,9.64,9.24,10.33,9.5,10.35,9.03,8.03,8.45,8.23,8.12,8.1,12.36,14.02,13.9,15.87,15.74,14.57,16.52,17.28,18.31,18.88,22.82,15.26,12.91,10.54,11.97,12.32,10.68,11.78,10.87,11.46,11.88,13.3,9.33,7.26,6.11,5.78
600350.SH,10.8,10.65,9.75,10.21,9.65,9.12,9.41,8.64,9.22,10.08,10.7,11.2,10.85,10.74,10.04,9.85,9.92,9.03,8.93,9.0,9.4,8.73,8.94,8.79,8.76,8.19,8.08,7.58,7.17,6.76,6.62,7.12,6.68,6.63,6.42,7.18,7.88,6.23,5.98,5.91,5.83,5.69,5.52,5.52,5.31,5.22,5.25,5.91,5.55,5.51,5.43,5.49,5.26,5.03,5.27,5.62,5.69,6.07,6.11,6.41,6.87
600352.SH,13.04,13.41,16.73,13.7,10.76,10.56,10.8,10.2,10.46,10.57,10.2,9.94,9.9,9.51,9.43,9.6,9.82,10.25,10.15,10.77,9.17,8.87,8.7,8.73,9.39,8.61,8.56,7.73,8.46,8.68,8.91,9.2,9.29,9.79,9.43,9.42,9.54,10.23,10.43,10.08,9.99,9.86,9.13,9.02,9.52,9.89,10.25,10.53,10.37,10.92,12.36,12.57,12.76,12.7,12.65,13.77,13.5,12.46,13.47,14.39,13.77
600353.SH,17.77,14.33,19.39,17.21,16.76,14.88,16.84,18.43,19.68,12.67,14.67,10.53,9.23,9.57,8.43,7.25,7.02,8.46,9.09,6.91,5.27,5.86,6.25,6.4,6.72,7.08,7.82,6.48,9.19,8.9,7.42,7.99,7.28,7.5,8.15,7.75,11.99,13.21,12.88,14.5,14.16,14.95,12.95,10.1,12.08,10.8,8.73,7.09,6.53,6.87,7.14,7.24,7.53,5.77,5.04,5.34,5.67,5.74,5.46,5.09,4.84
600356.SH,9.97,8.69,9.84,9.36,8.79,8.8,9.36,9.6,10.29,8.88,8.18,7.97,7.73,7.86,7.74,7.72,7.57,9.1,7.57,7.39,6.16,6.14,6.0,6.3,7.06,7.36,6.59,6.43,8.17,8.01,7.8,7.6,7.93,8.13,7.91,7.56,7.73,9.01,8.44,8.4,7.44,7.64,7.42,6.43,7.07,7.09,6.88,6.91,6.43,7.38,7.66,7.31,8.03,7.9,6.9,7.52,7.17,6.8,7.41,7.8,7.64
600358.SH,5.86,6.2,6.53,6.01,6.01,5.77,6.01,5.39,5.58,5.99,6.21,5.48,4.42,4.46,3.81,3.42,3.64,4.2,4.0,3.89,2.94,2.56,2.68,2.83,3.49,4.1,3.77,4.03,5.29,5.11,4.71,4.62,4.97,5.54,5.3,5.35,5.84,6.46,6.48,7.03,6.65,6.57,5.89,5.25,6.21,5.83,6.82,6.93,5.52,7.17,6.01,4.96,4.69,3.85,3.63,4.43,4.34,3.45,3.5,3.73,3.6
600359.SH,7.79,7.21,7.91,7.48,7.12,7.33,7.09,6.81,7.12,7.06,7.32,7.03,6.83,6.68,6.34,6.42,6.29,7.22,6.63,6.96,5.82,5.76,5.76,6.13,6.39,6.49,6.57,6.41,7.51,7.59,7.49,7.71,8.33,8.13,7.75,8.01,7.99,8.31,8.85,8.82,8.7,8.71,7.79,7.92,10.0,8.21,8.5,9.87,8.31,9.31,7.9,7.51,8.67,7.86,7.85,8.94,7.33,7.43,7.42,7.73,7.75
600362.SH,46.93,44.55,59.61,57.08,54.3,40.86,39.91,39.04,28.96,22.56,23.79,21.45,21.79,23.21,20.9,21.01,20.24,21.34,22.78,24.95,19.78,21.36,24.18,25.17,26.04,23.55,19.71,18.04,18.08,17.65,18.14,18.85,19.42,20.2,19.19,18.5,20.66,19.69,20.1,19.71,17.5,17.51,15.74,15.16,16.33,16.89,17.72,18.0,17.61,19.39,21.86,20.75,22.38,23.0,23.39,24.34,24.87,26.44,21.95,26.29,27.45
600363.SH,45.83,51.13,64.78,61.87,66.28,54.0,61.58,65.69,66.99,56.43,60.07,59.75,57.59,66.27,53.11,48.33,46.8,45.47,46.41,29.65,24.87,27.86,27.86,28.33,31.07,28.81,30.44,25.64,34.46,34.4,34.13,32.7,34.16,37.61,37.3,33.51,34.26,32.35,31.38,27.0,24.8,26.02,28.42,23.52,28.93,27.72,23.97,21.35,18.08,25.29,25.84,24.36,32.35,32.57,28.8,29.87,32.11,32.9,27.85,24.11,23.14
600365.SH,3.03,3.12,3.13,3.02,3.28,3.37,3.36,3.17,3.36,3.06,3.4,3.2,2.98,2.63,2.7,2.62,2.9,3.04,2.75,2.75,2.54,2.37,2.43,2.67,2.77,2.93,3.0,2.9,3.76,3.92,4.12,5.3,3.75,3.49,3.29,3.17,3.37,3.51,3.85,4.16,4.17,4.52,4.2,4.77,4.25,4.05,4.36,4.51,3.96,4.67,5.06,4.89,4.14,3.85,3.58,3.8,4.15,3.69,5.98,3.62,2.61
600366.SH,13.47,12.02,14.87,13.33,13.9,13.35,14.03,15.38,16.88,11.66,11.25,7.86,8.08,8.14,8.82,7.88,7.14,7.54,7.68,7.17,5.7,5.6,5.39,5.69,6.19,6.51,6.18,5.59,7.75,7.65,7.0,7.11,7.11,8.13,8.8,7.84,8.34,9.76,11.18,12.39,10.94,10.46,10.48,10.35,11.96,14.29,12.37,9.53,8.54,11.01,12.98,11.67,13.07,15.47,10.2,10.12,12.38,10.13,6.47,6.54,6.46
600367.SH,23.81,20.62,23.55,18.38,17.48,16.92,16.51,18.18,16.8,15.07,15.55,12.94,13.95,14.64,13.59,12.9,11.33,12.5,11.82,11.74,9.26,9.94,10.17,11.38,13.15,11.04,10.37,9.72,12.77,12.89,13.1,13.27,13.9,14.3,15.87,12.68,12.32,15.37,16.92,18.42,16.0,17.19,17.43,17.25,20.5,25.19,23.05,18.65,18.88,25.1,26.5,19.5,18.0,19.03,16.04,17.21,18.58,12.01,8.49,9.53,7.29
600368.SH,3.9,3.92,4.03,3.95,3.93,3.98,4.26,4.22,4.28,4.3,4.25,4.43,4.4,4.45,4.2,4.25,4.96,3.98,3.77,3.95,3.42,3.8,3.67,4.78,4.72,4.09,3.79,3.89,4.1,4.11,3.92,3.8,3.69,3.94,3.68,4.12,4.46,3.98,3.93,3.85,3.79,3.68,3.47,3.5,3.88,3.94,3.83,4.18,3.94,4.3,4.17,3.98,4.19,3.81,3.67,4.1,4.02,3.65,3.45,3.71,3.8
600369.SH,4.26,4.19,4.52,4.47,4.54,4.45,4.75,4.79,4.85,4.51,4.35,4.19,4.18,4.34,4.39,4.35,4.47,4.92,4.75,5.36,3.55,3.95,3.62,3.81,4.0,3.93,4.25,3.66,3.97,4.18,4.06,4.09,4.16,4.89,3.68,3.72,3.9,3.96,4.09,4.08,3.75,4.0,3.79,3.62,3.87,3.8,3.91,3.74,3.65,4.44,4.74,4.81,5.28,4.9,4.82,5.17,5.26,4.61,4.87,4.83,4.5
600370.SH,2.41,2.51,2.32,2.41,2.49,2.37,2.28,2.11,1.98,1.93,1.91,1.99,1.84,2.18,1.76,1.67,1.82,2.16,2.22,1.77,1.23,1.27,1.34,1.6,1.96,2.0,2.03,2.0,2.45,2.55,2.58,2.54,2.55,2.81,2.71,2.74,3.0,2.98,3.19,3.1,3.05,3.2,3.0,2.77,3.1,3.14,3.41,3.39,3.1,3.06,2.88,2.84,3.29,3.15,2.94,3.38,3.05,2.98,2.98,3.14,3.09
600372.SH,13.28,13.07,16.07,14.99,13.52,12.34,12.15,12.68,12.88,12.34,12.02,11.64,10.95,11.16,11.47,11.41,11.86,12.67,12.55,13.98,10.81,12.85,12.05,12.03,12.49,11.91,11.9,10.83,13.08,12.97,13.66,14.33,15.09,15.24,15.29,14.85,15.2,17.68,17.21,17.91,16.35,17.86,18.5,18.5,18.3,19.03,18.87,21.91,17.9,18.32,19.25,17.43,22.18,20.0,17.92,16.66,18.41,17.3,15.57,15.7,15.22
600373.SH,8.54,8.56,9.3,9.22,9.38,10.57,10.99,10.37,10.23,10.01,10.22,10.59,10.73,11.06,11.29,11.87,12.44,12.67,12.43,15.86,12.87,12.72,15.38,15.85,15.16,15.19,15.41,13.72,12.89,13.63,11.54,12.42,12.49,12.65,13.0,17.07,19.65,13.56,10.22,9.68,9.68,9.67,8.62,8.39,9.34,9.27,9.91,10.88,10.21,11.62,11.71,11.5,13.21,10.8,10.8,10.93,10.49,10.53,9.82,10.54,10.87
600375.SH,5.36,5.12,5.66,5.93,5.99,6.27,7.5,8.24,6.78,6.84,7.06,6.97,5.73,6.05,5.89,6.07,5.63,6.59,6.38,5.15,5.42,4.1,4.17,4.56,4.8,4.83,5.76,3.86,6.06,6.25,6.02,5.85,6.71,7.59,7.8,7.72,8.31,7.26,8.84,7.11,6.41,6.85,6.63,6.47,8.0,9.42,9.37,7.72,6.98,9.36,9.71,9.07,10.08,11.29,9.18,8.67,9.45,11.14,13.17,7.0,6.66
600377.SH,12.23,11.84,12.07,12.09,12.01,12.65,13.65,12.52,13.52,14.18,15.46,15.9,15.02,15.54,15.3,14.27,15.12,14.0,12.91,13.75,14.17,13.49,13.03,11.69,11.43,11.3,11.87,11.44,10.45,10.19,9.89,10.46,9.54,9.53,9.86,9.56,9.42,8.31,8.35,8.45,8.36,8.05,7.66,7.2,7.58,8.07,8.5,8.41,8.15,8.53,8.87,9.12,8.74,8.45,8.37,8.85,8.64,8.61,9.76,9.95,10.39
600378.SH,36.6,31.33,38.72,34.6,32.53,30.05,31.19,31.81,30.64,25.42,26.79,24.05,25.97,27.21,27.19,27.91,27.62,30.53,33.7,32.67,26.0,28.21,29.29,29.65,31.7,34.03,32.02,26.11,30.05,28.88,30.39,33.31,32.75,35.53,37.0,37.23,37.53,44.19,46.5,49.64,41.08,42.15,43.24,37.93,37.42,43.85,38.17,37.9,34.3,38.4,38.26,38.24,43.38,42.4,32.6,30.5,33.1,32.08,21.02,21.42,20.84
600379.SH,18.46,11.82,13.01,12.81,11.77,11.54,13.29,12.69,12.08,13.52,12.37,10.42,9.58,9.88,9.54,9.23,9.11,10.37,9.78,10.59,7.89,8.08,8.34,8.9,9.03,8.76,8.57,7.68,10.14,9.79,9.75,9.71,10.04,10.44,10.17,9.87,10.4,11.47,11.96,12.23,12.21,12.11,10.85,9.42,11.91,12.0,10.25,11.18,9.22,11.74,13.18,12.1,15.29,17.31,12.33,13.04,13.06,10.39,8.77,8.41,7.34
600380.SH,10.84,11.49,11.27,11.31,11.71,12.45,12.17,12.55,13.66,12.57,11.17,11.47,10.7,11.9,11.36,10.9,10.99,11.54,11.4,12.16,9.7,10.47,11.33,12.36,12.54,11.17,12.05,10.71,12.6,12.63,11.91,12.38,11.54,12.4,12.7,13.51,13.13,12.96,13.05,11.88,11.59,11.95,12.2,10.21,10.96,11.13,12.37,11.93,11.36,12.18,12.24,11.87,13.43,11.99,11.79,11.75,11.24,11.93,14.1,14.52,14.44
600381.SH,3.77,3.07,2.88,3.33,4.33,4.43,4.88,4.75,5.22,4.37,4.43,3.96,3.26,4.77,4.24,3.98,3.6,3.14,2.75,2.91,3.04,3.47,2.02,2.25,4.31,5.33,5.93,6.11,7.78,8.28,7.89,7.9,8.17,9.64,7.96,8.12,9.17,9.04,10.56,10.33,12.03,10.39,9.28,9.38,11.54,12.23,12.37,14.4,15.81,16.6,8.77,7.91,8.71,6.66,6.58,7.6,7.8,9.07,8.55,7.48,6.28
600382.SH,8.41,8.63,8.82,8.57,7.3,6.88,7.42,6.24,6.1,5.38,5.49,5.1,4.78,4.68,4.52,4.52,4.32,5.16,4.0,4.19,3.35,3.58,3.99,4.06,4.2,4.22,4.04,4.1,4.64,4.58,4.62,4.62,4.47,5.01,4.86,5.06,4.96,4.52,4.65,4.4,4.25,4.56,4.08,4.03,4.49,4.66,4.56,5.73,5.75,5.75,5.7,5.69,5.78,5.95,4.78,3.53,3.68,3.6,4.41,4.1,4.92
600383.SH,2.97,2.75,3.21,3.11,3.13,3.35,3.92,4.3,4.07,3.74,3.73,3.71,4.28,4.48,4.91,4.58,4.37,5.82,6.13,5.68,3.48,3.06,3.64,4.09,3.93,3.84,4.27,4.01,4.24,5.26,5.08,6.6,7.38,8.4,7.25,7.23,7.92,8.62,9.83,9.82,10.0,11.76,7.97,11.6,11.7,11.38,13.1,11.92,13.69,14.7,13.15,13.17,13.54,10.36,9.77,10.87,11.48,8.61,10.63,10.72,11.57
600386.SH,4.17,4.08,4.3,4.56,4.38,4.64,4.95,4.45,4.68,4.67,4.57,4.77,4.35,4.47,4.62,4.31,4.4,5.47,4.12,4.25,3.28,4.7,2.85,3.14,3.46,3.79,3.33,3.59,4.42,4.28,3.92,3.87,4.08,4.27,4.1,4.22,4.7,4.65,4.35,4.25,4.12,4.15,3.8,3.54,4.51,4.44,4.1,4.35,3.35,4.05,4.18,4.22,4.61,4.06,3.84,3.79,3.51,3.26,3.5,3.63,3.57
600389.SH,28.28,29.84,30.18,24.68,24.85,21.66,23.63,25.25,26.34,21.79,19.76,18.55,17.03,14.82,13.79,14.33,14.16,15.63,14.4,16.01,13.0,12.64,14.49,15.82,17.45,13.36,13.87,13.1,17.41,17.95,19.16,20.73,22.01,24.82,24.37,29.98,34.34,38.88,46.15,48.56,44.5,43.03,41.88,43.05,54.41,56.84,63.27,60.92,57.73,45.8,44.15,38.5,42.68,45.48,41.47,44.19,45.09,41.09,33.66,34.84,28.4
600390.SH,5.32,5.36,5.76,5.58,5.61,5.56,5.91,6.03,6.39,5.98,5.74,5.36,5.44,5.59,5.83,5.98,6.19,7.26,7.35,7.34,4.01,4.29,4.08,4.38,4.61,4.8,5.13,4.81,4.68,4.87,5.08,5.17,5.4,6.09,5.51,5.66,5.74,5.29,5.41,5.59,5.11,5.16,4.59,4.47,4.91,4.81,4.9,4.71,4.59,5.28,5.38,5.2,5.38,5.17,5.18,5.65,6.14,5.46,5.93,6.26,6.19
600391.SH,38.05,39.7,52.1,48.99,35.95,27.06,26.65,28.19,31.26,30.8,28.95,26.35,24.96,21.34,19.46,17.97,18.75,19.03,19.67,19.39,14.44,16.22,15.34,16.41,16.78,17.1,16.84,14.96,19.32,19.26,19.18,20.14,21.1,22.47,24.18,22.31,20.92,21.89,21.95,21.27,18.26,19.21,18.52,16.42,18.5,19.82,19.38,19.35,16.93,21.22,23.71,21.3,27.33,22.46,20.34,19.83,21.62,22.97,19.89,18.49,16.94
600392.SH,26.68,22.94,32.17,24.35,21.91,21.45,22.66,25.22,26.12,20.5,13.1,12.0,11.64,11.03,11.27,10.89,10.07,11.7,12.45,10.71,7.83,8.22,8.66,9.24,10.0,10.02,9.3,8.06,10.08,10.28,10.68,10.74,11.21,12.72,12.92,12.85,13.26,14.52,16.17,17.35,14.49,14.72,14.37,14.62,17.01,20.65,22.3,17.35,16.66,17.22,19.25,17.25,19.38,22.06,19.31,19.41,25.19,24.1,16.78,17.04,16.69
600395.SH,5.49,5.66,5.98,5.43,4.7,4.78,5.13,5.45,5.25,5.02,4.72,4.56,4.56,4.93,4.84,4.99,5.0,5.39,5.53,5.92,5.33,5.51,6.16,6.45,6.13,6.1,6.21,5.81,6.34,6.45,6.03,6.25,6.43,7.15,7.06,6.84,6.74,7.23,7.54,7.1,6.76,7.22,6.83,8.38,9.14,8.62,8.98,9.22,8.43,8.74,8.61,6.89,7.54,7.25,7.97,9.07,9.57,7.13,6.96,7.28,6.69
600396.SH,10.91,7.52,3.29,3.03,2.89,3.07,3.2,3.18,3.34,3.39,3.25,3.11,3.04,2.67,2.51,2.61,2.68,2.82,2.9,2.79,2.24,2.65,2.76,3.19,2.97,2.6,2.35,2.4,2.61,2.58,2.54,2.59,2.52,2.53,2.43,2.31,2.12,2.33,2.52,2.7,2.89,2.85,2.63,2.65,2.89,2.98,3.28,3.17,2.82,3.55,3.32,2.97,3.35,2.43,2.61,2.8,2.31,2.23,2.43,2.56,2.41
600397.SH,14.62,14.76,21.5,10.24,7.5,6.57,7.32,7.42,8.66,6.12,6.16,5.33,5.03,6.33,5.24,4.25,3.8,2.73,2.49,2.45,1.87,1.84,1.85,2.08,2.27,2.4,2.42,2.47,3.33,3.16,2.93,3.02,3.13,3.3,2.95,2.83,3.03,2.94,3.24,3.19,3.08,3.44,3.22,3.9,3.31,3.21,3.31,3.47,2.94,3.88,3.41,2.9,3.06,2.9,3.26,3.44,3.16,2.69,2.65,2.7,2.56
600398.SH,6.63,6.52,6.31,6.02,6.06,6.19,6.21,6.45,6.92,6.84,7.36,7.47,8.05,8.04,7.81,8.18,7.59,6.33,5.61,7.29,5.89,6.37,9.39,9.51,9.18,8.85,8.55,7.72,7.58,7.5,7.38,7.73,7.62,7.55,7.01,7.12,6.94,6.15,6.14,5.24,5.31,4.94,4.35,4.21,4.45,4.59,4.83,5.18,5.19,5.41,6.03,6.17,6.49,6.35,6.58,7.2,7.4,7.12,7.24,7.07,7.29
600399.SH,5.56,6.02,7.79,6.35,5.84,5.37,5.32,5.35,5.57,5.6,5.22,5.06,5.08,5.83,5.53,5.37,5.63,6.64,6.89,6.75,5.03,5.69,5.53,6.0,6.24,6.22,6.32,5.88,10.0,10.09,9.36,9.11,9.36,10.39,10.91,9.22,10.73,11.9,14.49,15.61,15.01,15.4,17.91,14.43,16.34,17.75,17.6,15.83,13.27,15.11,15.63,17.63,24.39,24.5,20.42,20.3,25.47,24.5,17.87,15.15,13.91
600400.SH,2.73,2.16,2.29,2.34,2.41,2.69,2.66,2.84,2.42,2.17,2.25,2.19,2.18,2.34,2.71,2.24,2.53,3.36,2.48,2.55,2.07,2.15,2.2,2.42,2.66,2.66,2.53,2.64,2.8,2.93,2.94,2.99,3.03,3.5,3.3,3.23,3.53,3.61,4.04,4.16,4.23,5.09,4.8,4.93,5.81,5.19,5.23,3.93,3.32,3.12,3.37,3.21,3.77,3.88,2.99,3.02,2.9,2.99,2.91,2.97,3.08
600403.SH,5.86,5.79,7.16,6.63,7.08,8.1,8.26,3.92,3.7,3.85,3.79,3.72,3.44,3.95,2.77,2.75,2.84,3.36,3.3,3.28,2.48,2.48,2.67,2.91,3.12,3.36,3.63,3.48,3.9,4.07,3.87,4.21,4.11,4.38,4.18,4.14,4.82,5.15,5.06,4.95,4.66,5.03,4.54,5.08,5.24,5.2,5.25,5.88,5.14,5.59,5.11,4.32,4.27,3.87,3.79,4.28,3.96,3.46,3.42,3.35,3.34
600405.SH,5.29,5.52,5.36,5.26,5.28,5.48,5.8,6.02,7.08,6.47,5.52,4.72,4.82,4.9,5.81,4.86,5.8,4.95,4.25,4.44,3.5,3.57,3.62,3.91,4.24,4.76,4.66,4.1,5.9,5.68,5.34,5.55,5.36,5.73,5.94,5.86,5.84,6.82,6.8,6.48,5.95,6.16,6.05,5.2,6.61,6.81,5.85,5.47,4.6,5.8,6.29,6.12,7.85,7.02,6.7,6.25,6.22,6.99,5.83,6.52,5.66
600406.SH,26.22,26.42,28.33,25.48,23.15,22.37,24.48,23.38,21.6,21.8,22.21,21.85,22.32,22.11,23.59,22.9,24.22,24.64,26.54,27.9,24.72,23.8,24.85,22.89,23.14,24.43,23.3,20.88,22.1,21.98,22.66,22.29,23.24,23.99,23.09,26.98,26.48,27.11,26.26,26.5,25.12,26.09,26.06,24.48,27.31,29.06,27.08,35.23,31.35,30.81,35.3,35.74,38.71,41.22,36.79,35.53,33.44,32.05,23.34,30.3,30.87
600408.SH,3.38,3.41,3.9,3.67,4.03,4.62,3.42,2.31,2.22,2.24,2.06,2.0,1.86,1.81,1.83,1.93,2.02,2.29,2.15,1.99,1.52,1.59,1.6,1.85,2.06,2.05,2.0,1.99,2.52,2.82,2.5,2.61,2.47,2.64,2.28,2.29,2.5,2.51,2.77,2.74,2.69,2.84,2.55,3.08,3.18,3.18,3.38,3.59,3.52,3.52,3.34,3.45,3.73,2.99,3.71,4.11,4.05,3.37,3.62,3.6,3.39
600410.SH,22.84,26.47,29.98,19.88,18.65,19.01,20.66,19.43,23.08,10.76,9.56,9.28,10.0,8.2,8.87,9.25,7.1,12.25,5.53,5.61,3.99,3.97,3.88,4.3,5.13,5.77,5.79,4.94,6.63,7.53,7.83,6.76,6.9,7.12,7.48,7.61,6.98,7.05,6.54,5.72,5.38,5.32,5.47,4.57,5.32,5.6,5.85,5.61,5.36,7.18,7.5,6.36,6.93,7.13,6.25,6.85,6.82,7.27,7.34,6.74,6.36
600416.SH,12.74,12.77,14.63,14.06,16.11,13.79,16.28,16.28,16.79,13.98,14.31,11.09,10.18,11.0,10.64,10.34,10.76,11.99,13.93,12.89,9.5,10.48,9.88,11.19,13.0,13.39,12.48,11.32,16.41,14.67,14.29,15.93,17.04,17.73,19.0,16.3,18.1,20.35,21.69,20.24,19.12,19.83,22.96,19.46,21.79,24.27,19.0,18.48,13.92,14.23,17.45,15.68,21.7,18.36,14.69,13.91,15.91,14.46,14.1,15.57,16.21
600418.SH,49.09,46.79,53.81,52.51,50.38,49.86,49.99,52.56,54.22,50.85,40.85,35.35,36.16,36.26,33.72,40.08,36.02,36.16,37.6,27.59,19.56,19.85,16.49,15.97,15.92,17.42,15.5,11.95,15.75,17.27,18.16,14.42,13.08,15.14,13.08,11.94,11.99,13.33,16.13,17.51,13.18,14.58,13.14,13.25,15.19,21.13,17.36,11.93,8.04,10.81,13.91,13.59,16.8,17.2,15.32,13.85,16.33,19.45,11.55,9.51,8.37
600419.SH,9.7,9.63,9.71,9.76,9.94,9.95,9.82,10.32,11.01,10.62,9.91,10.52,9.55,9.8,9.83,8.5,9.68,10.24,9.15,9.13,7.27,7.57,8.05,9.14,9.69,10.29,10.3,10.09,11.8,12.61,12.45,12.97,14.01,16.35,16.52,19.08,19.63,16.53,17.06,16.09,15.25,15.99,14.2,14.14,13.69,12.35,13.24,12.88,12.48,13.82,13.22,12.41,13.47,12.1,12.15,13.34,12.11,11.9,13.19,13.99,13.82
600420.SH,9.63,10.75,10.73,10.44,10.24,10.32,10.47,10.66,11.24,11.39,10.74,10.89,10.31,10.85,11.19,11.69,11.62,12.17,12.03,14.14,10.88,12.65,11.05,11.34,11.7,8.91,9.08,8.58,9.76,10.47,10.28,10.27,9.91,10.72,11.25,11.96,13.88,11.45,10.27,9.99,9.65,9.62,9.12,8.47,8.89,9.34,9.79,9.0,8.93,10.75,9.16,9.0,10.36,9.71,9.48,10.37,9.43,9.36,10.14,10.77,10.96
600421.SH,,6.55,7.71,8.14,7.15,7.59,7.27,7.41,8.09,6.11,7.08,6.84,4.75,7.01,6.86,5.78,7.09,9.83,9.42,7.88,6.15,6.01,6.41,5.67,6.52,8.42,6.74,7.82,11.16,10.62,9.73,9.73,10.06,10.3,10.77,11.49,10.03,10.83,11.78,11.83,11.23,12.2,10.57,10.91,10.53,10.47,11.72,10.26,8.35,10.04,10.59,11.17,10.53,10.63,8.12,8.59,9.03,11.73,12.93,10.13,9.79
600423.SH,3.07,3.75,4.03,3.74,3.74,4.1,3.81,3.61,3.6,3.66,3.39,3.26,3.14,3.31,3.11,3.09,2.91,3.13,2.78,2.82,2.34,2.43,2.37,2.64,3.0,3.22,2.68,2.9,3.79,3.54,3.56,3.13,3.25,3.41,3.11,3.08,3.21,3.34,3.58,3.63,3.47,3.48,3.24,3.3,3.71,3.91,3.81,3.88,3.58,4.37,4.3,4.13,4.21,4.07,3.4,3.81,3.61,3.73,3.5,3.35,2.68
600425.SH,4.13,4.19,4.67,4.49,4.21,4.45,4.7,4.68,4.64,4.03,3.67,3.7,3.76,3.98,3.7,3.76,3.81,4.15,3.84,3.86,3.12,3.13,3.33,3.32,3.7,3.77,3.81,3.57,3.97,3.84,3.92,4.35,4.65,4.86,4.5,4.86,5.23,4.05,4.14,4.05,3.75,3.94,3.57,3.62,4.29,4.4,4.09,4.16,4.17,4.24,4.04,3.9,3.85,3.57,3.5,3.92,4.13,3.68,3.49,3.79,3.72
600428.SH,8.54,9.15,8.47,7.34,7.07,7.3,7.16,6.75,6.85,6.72,6.31,6.16,6.05,6.74,6.15,6.57,6.92,6.88,7.69,6.98,5.73,5.82,6.23,6.47,6.44,5.92,5.36,5.09,5.48,5.38,5.1,5.4,5.73,6.54,6.42,6.53,6.74,6.28,7.03,6.81,6.18,7.38,6.64,6.35,7.43,5.11,4.71,5.16,4.5,4.59,4.85,4.65,5.16,5.36,5.35,7.03,5.98,5.77,5.73,4.17,4.18
600429.SH,5.96,6.05,5.14,5.33,5.19,5.54,4.93,4.71,4.88,4.61,4.52,4.79,4.46,4.31,4.22,4.07,4.45,4.56,4.29,4.52,3.61,3.85,3.84,4.13,4.49,4.21,4.12,3.92,4.53,4.79,4.74,4.92,5.23,5.39,4.84,4.66,4.91,4.95,5.29,4.95,5.16,5.1,4.34,4.45,4.93,4.76,5.18,4.97,4.79,5.4,6.41,6.75,6.07,5.49,6.23,6.03,5.38,5.09,4.76,5.05,5.04
600435.SH,14.96,14.7,18.87,16.17,16.38,13.92,14.17,14.9,16.87,16.62,15.0,11.21,11.45,11.13,10.52,10.16,9.35,10.84,10.88,11.91,8.72,9.25,8.54,9.78,8.62,9.2,9.63,8.34,12.15,11.38,10.9,10.57,10.42,10.53,11.77,10.93,10.76,11.07,12.51,11.98,11.87,9.88,9.26,7.64,8.84,9.41,8.97,8.97,8.12,8.55,9.73,9.18,10.84,10.81,10.51,9.3,9.21,7.62,7.75,8.12,7.75
600436.SH,141.3,153.0,159.5,160.4,170.29,171.98,178.69,196.21,207.33,200.72,199.65,204.8,205.33,204.0,203.46,203.69,209.06,232.67,237.3,272.8,203.2,210.1,206.23,228.47,242.96,234.42,223.36,191.21,238.01,252.11,251.2,274.55,278.03,289.78,287.78,298.0,273.65,281.88,314.58,311.14,283.88,258.99,242.63,253.98,298.3,293.55,350.78,304.05,308.85,316.57,363.8,354.88,432.3,433.01,415.0,395.95,347.14,372.8,456.58,389.79,331.0
600438.SH,17.36,16.69,18.62,17.84,21.11,23.32,25.21,22.7,22.58,20.58,16.18,16.19,16.63,19.18,21.31,20.58,22.09,27.54,29.73,24.38,18.21,17.89,18.84,23.08,22.02,25.19,26.78,24.72,24.65,24.31,26.77,31.89,32.16,34.58,34.22,33.68,39.02,39.34,41.88,42.54,38.72,43.89,45.06,46.56,52.82,53.49,59.66,45.02,40.72,43.32,43.35,39.85,42.52,45.66,55.0,50.46,56.35,45.86,43.2,39.54,36.57
600439.SH,2.65,2.59,2.75,2.76,2.78,3.05,3.08,2.81,3.08,3.15,3.54,3.71,3.43,3.56,3.9,3.26,3.35,4.09,5.1,2.84,2.15,2.15,2.15,2.31,2.44,2.8,2.28,2.31,2.72,2.73,2.75,2.51,2.58,2.68,2.52,2.52,2.62,2.7,2.88,2.7,2.7,2.64,2.49,2.56,2.76,2.79,2.76,2.75,2.74,2.95,2.94,2.92,3.08,2.96,2.73,2.9,2.87,2.82,3.34,3.74,2.69
600444.SH,17.1,17.34,19.57,17.86,18.49,18.91,20.09,18.5,17.79,17.26,16.37,16.29,14.94,15.95,14.77,15.35,14.95,16.81,15.5,15.08,11.13,13.41,12.22,12.46,14.06,13.1,12.6,12.5,15.15,14.06,13.96,13.41,13.35,13.87,13.67,12.87,12.68,13.57,13.92,13.82,12.99,13.88,12.92,11.86,13.92,13.98,13.64,14.26,11.8,12.76,14.8,14.55,18.81,12.27,10.46,11.73,13.29,13.05,9.73,9.78,9.17
600446.SH,13.83,12.86,14.83,15.23,16.05,15.78,16.84,18.26,21.63,18.96,18.08,16.28,15.28,16.52,18.07,15.17,16.09,18.28,14.17,15.16,9.4,9.88,10.01,10.73,11.75,12.55,13.42,10.88,11.34,11.99,11.65,12.59,13.31,13.87,14.22,15.09,18.8,15.48,13.38,13.72,10.69,10.86,11.87,9.8,10.66,9.73,10.26,9.68,9.27,13.34,15.65,14.47,14.32,14.0,13.0,12.91,13.43,13.0,14.32,14.58,13.92
600448.SH,3.58,3.33,3.27,3.29,3.19,3.41,3.59,3.38,3.38,3.35,3.49,3.69,2.95,2.78,2.86,2.8,2.69,3.08,2.61,2.67,1.96,2.01,1.99,2.22,2.49,2.84,2.47,2.74,3.41,3.29,3.22,3.03,3.1,3.24,2.99,2.91,2.96,3.13,3.45,3.35,3.23,3.4,3.13,3.18,3.49,3.6,3.81,4.28,3.83,3.53,3.51,3.21,3.46,3.19,3.1,3.3,3.2,3.13,3.26,3.57,3.18
600449.SH,13.21,12.89,13.21,12.94,12.42,13.16,13.48,13.28,13.81,13.62,13.15,13.9,13.25,14.55,13.4,13.81,14.57,14.99,13.76,13.37,9.31,11.34,11.91,12.82,15.3,16.55,15.81,14.47,17.94,21.07,18.37,16.46,15.79,16.29,17.12,15.51,15.48,16.4,15.61,12.46,11.91,12.5,11.56,11.81,12.65,11.95,12.24,13.22,12.57,14.05,13.2,12.52,12.29,10.92,10.75,11.36,12.13,10.87,11.4,12.57,13.28
600452.SH,11.88,11.43,14.61,12.01,9.51,9.24,9.98,9.49,10.58,9.23,9.33,9.62,9.59,9.79,9.3,9.42,10.0,10.46,12.17,11.03,9.33,10.27,12.76,14.61,14.17,13.43,12.15,10.8,13.29,12.23,12.31,13.03,13.63,17.01,21.67,19.2,17.81,18.6,18.54,18.11,16.5,14.16,12.69,12.65,13.15,12.8,11.71,14.41,12.45,14.19,16.56,16.19,20.0,20.74,16.85,16.68,16.1,14.45,14.02,14.4,18.47
600455.SH,28.71,26.86,28.26,28.53,26.5,27.52,28.23,25.8,26.8,29.04,26.99,26.67,24.57,23.64,22.4,22.45,20.51,23.95,22.27,20.59,15.48,14.84,14.81,16.1,18.05,21.1,18.03,19.05,25.52,25.63,23.23,23.11,23.66,23.05,22.93,22.84,22.0,24.66,24.62,24.77,22.18,21.46,20.88,18.41,21.07,21.12,19.16,19.37,17.57,21.15,23.5,21.32,23.32,22.98,19.77,20.23,19.32,17.06,17.81,18.46,17.49
600456.SH,34.49,34.04,43.93,37.11,38.83,31.45,32.29,33.19,33.05,30.73,31.61,29.39,29.79,32.82,27.74,29.32,27.4,29.35,30.76,34.19,26.19,24.75,25.86,26.94,27.71,26.82,26.76,23.92,31.96,32.82,31.9,33.17,33.0,34.45,33.87,32.97,33.35,35.54,41.84,45.42,41.63,42.44,42.95,43.05,44.53,55.25,58.5,51.43,48.69,54.0,55.6,48.15,71.44,69.03,48.69,46.16,54.7,50.25,41.65,44.8,38.17
600458.SH,12.24,11.85,14.65,13.97,13.48,13.3,14.39,15.6,14.39,12.77,13.74,11.63,11.89,13.21,13.38,11.84,12.5,13.68,12.62,11.25,8.96,9.75,10.32,10.86,12.55,11.42,8.89,8.06,9.13,9.58,9.94,10.27,10.69,11.17,11.78,11.34,10.93,11.34,10.97,11.28,9.29,9.99,9.09,8.07,9.74,11.45,9.69,9.64,8.0,10.27,13.18,11.9,13.7,11.66,9.15,9.98,10.61,9.8,8.01,8.84,8.1
600459.SH,20.7,19.8,26.27,21.2,19.2,17.91,16.7,17.82,17.41,15.09,15.46,14.33,13.45,14.03,13.54,13.85,13.45,14.19,14.6,15.29,12.08,13.3,13.68,14.64,15.29,15.06,14.28,12.74,14.39,14.45,14.59,14.96,15.08,15.63,15.43,14.96,16.62,16.3,16.7,17.25,15.7,16.1,15.55,13.98,15.62,17.44,17.84,17.4,16.95,20.37,25.77,24.42,24.83,27.54,23.94,22.6,28.81,27.54,23.86,30.82,26.33
600460.SH,29.66,25.99,31.13,30.69,28.72,28.53,31.24,32.54,31.83,26.1,24.96,23.88,25.31,24.11,25.6,25.77,24.7,28.12,27.97,24.88,18.18,23.26,17.01,17.83,19.8,20.08,21.62,18.25,22.33,24.34,24.28,24.23,25.32,30.61,30.52,31.97,33.29,37.52,34.09,35.98,33.25,36.54,32.0,30.22,39.3,41.45,51.03,44.92,42.07,47.78,57.12,52.24,52.5,62.9,58.58,56.4,54.64,68.3,54.75,39.67,36.7
600461.SH,10.02,9.86,10.02,9.57,9.5,9.75,9.22,8.96,9.01,9.38,9.65,9.47,9.47,9.43,9.1,9.6,9.68,9.2,9.61,9.98,9.86,11.98,12.05,11.44,10.68,9.59,9.04,8.63,9.33,8.81,8.56,8.81,8.28,8.3,8.33,8.18,8.17,7.17,7.14,7.12,6.97,7.31,7.08,7.18,7.63,7.35,8.26,8.17,7.76,7.59,8.09,7.91,8.64,8.16,8.48,8.48,8.09,6.97,7.25,7.52,7.1
600467.SH,2.46,2.48,2.6,2.64,2.6,2.62,2.43,2.37,2.42,2.36,2.3,2.34,2.29,2.29,2.19,2.17,2.36,2.65,2.37,2.07,1.51,1.52,1.45,1.81,2.02,2.19,2.06,2.11,2.43,2.52,2.39,2.4,2.52,2.62,2.44,2.45,2.49,2.52,2.7,2.62,2.76,2.57,2.41,2.42,2.74,2.62,2.72,2.74,2.56,3.12,3.06,2.75,2.95,2.72,2.61,2.67,2.56,2.48,2.61,2.7,2.59
600468.SH,7.65,8.29,7.8,7.2,7.15,6.12,7.09,7.74,6.53,6.53,7.5,7.71,4.58,4.98,4.3,4.19,4.6,5.19,4.69,4.97,3.88,4.23,4.33,4.58,4.84,5.14,5.06,4.55,6.71,6.05,5.48,5.33,5.74,5.73,5.21,4.82,4.75,4.53,4.38,4.41,4.1,4.24,4.16,3.98,4.51,5.05,4.51,4.23,3.74,4.68,4.66,4.63,5.24,5.68,5.08,5.06,4.39,3.82,4.01,4.11,3.9
600469.SH,6.51,6.73,7.4,7.55,6.86,6.91,7.19,5.84,6.16,5.95,5.57,5.56,5.42,5.92,5.8,6.04,6.02,6.73,6.34,7.01,5.54,5.66,6.08,5.53,6.22,5.88,5.33,5.1,6.25,6.15,5.79,6.05,6.06,6.44,6.49,5.72,5.56,5.33,5.68,5.57,4.84,5.24,4.68,4.37,5.3,5.46,4.81,4.67,3.64,4.3,4.7,4.37,5.12,4.36,4.13,4.62,4.61,4.46,5.0,4.93,5.02
600470.SH,6.94,7.03,8.43,6.27,6.01,6.26,6.23,5.69,5.81,5.67,6.2,5.94,5.21,5.82,6.08,5.4,5.43,6.27,4.94,5.08,4.3,4.1,3.97,4.14,4.98,4.57,4.48,4.68,5.79,5.62,5.2,5.17,5.25,5.97,5.36,5.16,5.71,6.2,6.81,6.64,6.19,6.38,5.95,6.2,7.12,7.64,7.65,7.92,7.45,7.93,7.14,6.43,7.11,7.63,9.13,7.97,6.63,5.47,4.58,4.44,4.13
600475.SH,17.27,17.6,21.38,20.58,18.68,17.9,17.01,15.13,21.69,14.44,10.48,10.6,9.4,9.43,8.85,8.98,8.92,9.6,8.95,10.24,8.43,8.76,8.86,9.84,10.31,11.19,11.63,9.72,10.63,10.32,9.67,10.32,9.8,10.98,11.88,10.6,11.95,11.43,11.58,9.57,8.99,9.74,9.64,8.19,8.38,8.76,8.06,8.28,10.46,9.9,10.74,10.59,11.96,11.37,10.69,12.43,11.08,10.19,10.08,10.7,14.75
600476.SH,11.47,11.1,13.01,15.45,16.03,16.72,17.52,17.3,17.99,18.31,18.68,19.09,16.0,15.61,16.8,15.11,14.4,16.55,16.32,16.49,11.6,12.98,11.98,12.71,14.09,15.8,15.18,14.79,17.28,17.65,16.16,15.28,14.95,15.72,16.28,17.22,16.12,19.3,17.75,17.22,17.82,14.96,14.91,11.59,13.37,14.47,14.23,18.49,11.52,13.49,13.83,11.86,12.6,11.83,10.15,10.27,10.56,10.48,10.16,10.22,9.64
600477.SH,3.04,3.28,3.71,3.4,2.89,2.82,2.75,2.66,2.7,2.64,2.64,2.56,2.58,2.76,2.88,2.47,2.52,2.91,2.84,2.92,2.2,2.36,2.38,2.63,2.83,2.87,3.01,2.82,3.29,3.36,3.44,3.6,3.88,4.21,4.16,4.09,4.46,4.65,5.25,5.82,4.1,4.09,4.02,4.0,4.94,6.28,4.67,3.72,3.44,4.1,4.43,4.21,4.54,3.69,3.54,3.67,4.06,3.9,3.54,3.68,3.69
600478.SH,7.72,7.18,8.11,6.83,6.95,6.97,7.47,6.62,6.18,5.59,6.08,4.87,4.88,5.04,5.09,4.17,4.05,4.86,4.25,4.52,3.22,3.73,3.78,4.25,4.43,4.35,4.28,3.71,4.86,4.95,5.29,5.47,5.74,6.74,7.14,7.02,7.55,8.6,9.55,10.29,9.7,11.0,8.64,7.63,8.4,8.87,8.36,6.05,5.38,5.53,6.13,6.19,7.01,7.19,6.4,6.68,7.53,6.96,5.32,4.02,3.8
600480.SH,10.3,9.9,11.44,11.46,12.32,11.9,12.98,14.03,13.7,12.01,11.99,15.23,18.11,15.95,14.92,13.18,10.59,11.21,8.81,10.03,7.63,9.13,10.1,10.86,11.81,10.14,9.4,8.55,9.18,8.78,8.45,9.38,9.55,9.67,7.9,7.55,7.49,7.78,8.47,8.65,8.51,7.9,8.12,7.42,8.32,9.67,8.89,8.69,7.69,8.65,9.71,9.12,10.07,9.9,9.04,8.45,9.12,10.48,9.31,10.81,10.04
600481.SH,6.19,6.62,8.43,9.18,6.41,5.93,7.32,6.18,6.04,6.13,4.77,4.44,4.55,5.35,5.79,5.54,5.24,7.08,7.93,5.08,3.65,4.33,4.73,5.86,6.42,7.72,8.46,6.88,8.3,8.59,9.39,10.51,10.19,11.52,13.79,12.19,14.68,15.57,12.64,12.89,12.92,14.44,15.04,15.52,15.86,17.81,18.09,11.96,10.53,11.66,12.48,10.29,10.15,11.53,13.22,11.35,11.23,9.42,6.26,5.39,4.62
600483.SH,10.11,10.63,10.23,9.05,9.5,10.03,10.31,10.23,9.6,9.45,9.79,9.71,9.7,9.37,9.01,9.13,9.59,9.44,9.36,10.71,10.11,10.7,12.08,10.59,10.08,10.48,9.18,8.21,8.59,8.65,8.72,8.55,8.15,8.41,11.74,12.28,12.14,12.2,13.25,12.67,10.8,11.35,10.87,10.59,11.8,11.66,14.02,12.96,12.17,11.17,13.32,13.4,15.55,15.39,17.93,16.42,13.04,12.55,10.49,10.29,10.81
600486.SH,71.42,77.0,80.85,72.42,69.85,62.24,67.25,70.83,74.55,67.95,58.9,56.83,51.75,53.21,51.42,54.2,55.93,54.95,57.96,60.47,51.61,54.01,57.75,58.88,66.23,54.31,54.8,49.29,62.01,64.33,66.08,68.6,64.97,70.65,88.83,83.58,91.94,94.41,106.84,109.57,105.7,105.22,95.18,99.05,115.2,114.4,132.58,140.59,140.9,122.53,123.0,119.5,124.98,134.5,119.26,104.13,118.9,135.0,110.16,115.47,112.96
600487.SH,71.8,51.96,49.6,34.85,24.8,20.07,22.01,24.11,20.71,15.78,15.25,15.03,15.77,16.46,15.57,15.3,16.61,18.73,17.03,18.0,14.13,15.73,15.91,14.57,14.1,12.8,12.52,11.09,11.75,12.56,13.09,14.21,14.12,15.3,14.87,14.59,14.78,15.77,14.85,15.74,16.21,16.71,18.6,18.11,18.24,15.98,14.14,12.59,10.16,12.89,15.09,14.13,15.63,16.12,15.94,13.5,12.56,13.29,11.18,11.98,11.58
600488.SH,5.9,5.76,4.17,4.2,4.14,4.35,4.29,4.07,4.27,4.66,4.23,4.32,4.07,4.34,4.27,4.25,4.21,4.71,4.22,4.56,3.83,3.64,3.51,3.84,4.17,4.01,4.02,3.9,4.98,5.36,5.24,5.07,4.88,5.19,5.67,5.7,5.23,4.48,4.54,4.45,4.58,4.58,4.59,4.18,4.32,4.35,4.29,4.23,4.06,4.84,4.42,4.28,4.69,4.24,4.09,4.41,4.58,4.1,4.66,4.85,5.19
600489.SH,27.04,27.26,35.02,33.21,24.22,22.87,21.83,24.12,17.57,14.45,14.88,14.24,14.07,13.87,12.1,13.8,12.3,12.54,14.19,15.02,13.03,16.26,14.89,14.25,13.18,13.4,10.88,9.45,10.13,10.69,10.85,11.05,11.15,10.84,10.62,11.15,12.42,10.21,8.71,8.86,8.41,8.19,7.6,7.31,7.32,7.18,7.29,7.12,7.22,7.92,8.68,7.98,8.27,8.31,8.28,8.5,8.67,8.24,8.7,9.89,8.78
600490.SH,8.33,7.9,10.74,9.04,7.94,7.41,7.81,7.26,6.06,4.4,4.46,4.35,4.73,3.68,3.23,3.36,3.29,3.27,3.29,3.35,2.11,2.39,2.63,2.91,3.71,2.89,2.53,2.39,3.0,3.01,3.03,3.13,3.35,3.75,3.67,3.29,3.92,3.38,3.25,3.37,3.05,3.21,3.05,3.13,3.49,3.76,3.83,3.72,3.65,4.33,4.67,4.37,4.99,5.9,4.93,4.99,7.51,5.51,3.75,4.17,4.47
600491.SH,1.89,2.86,3.22,3.16,2.9,3.08,3.36,3.49,3.49,3.47,3.67,3.83,3.94,3.8,3.86,3.65,3.66,4.14,3.81,3.38,2.53,2.76,2.75,2.5,2.71,2.92,2.98,2.97,3.75,4.52,4.37,4.35,4.55,4.89,4.93,4.86,4.96,5.08,5.54,5.82,6.3,6.4,5.69,5.56,6.4,7.42,6.7,5.88,5.19,6.21,5.78,5.91,6.75,6.65,7.16,5.94,5.53,4.24,5.38,5.07,4.94
600493.SH,7.62,7.54,7.78,7.78,7.39,7.52,7.35,6.49,6.58,6.6,6.48,5.83,5.51,5.19,5.34,5.36,5.24,5.92,5.13,5.25,4.43,4.36,4.4,4.88,5.32,5.94,5.16,5.81,6.95,6.82,6.44,5.87,6.05,6.04,5.65,5.35,5.65,5.84,6.36,6.0,6.34,5.86,5.3,5.03,5.9,5.76,5.64,5.37,5.17,6.08,6.0,5.65,6.31,6.38,5.78,5.22,4.96,4.57,4.87,5.16,4.82
600495.SH,4.27,4.98,4.87,4.79,4.83,4.96,5.24,5.07,5.47,4.96,5.05,5.49,4.08,3.96,3.85,3.74,3.69,4.13,3.96,4.03,3.1,3.37,3.22,3.37,3.72,3.8,3.68,3.66,4.33,4.03,3.91,3.93,4.05,4.39,4.43,4.18,4.07,3.8,3.94,3.84,3.62,3.89,3.76,3.44,3.85,4.14,3.98,4.25,3.35,3.9,3.82,3.76,4.1,3.59,3.43,3.63,3.77,3.47,3.64,3.76,3.7
600496.SH,4.22,4.12,4.5,4.49,4.15,4.33,4.25,3.68,3.61,3.27,3.24,3.1,3.23,3.25,3.06,2.93,2.97,3.19,3.18,3.08,2.43,2.49,2.52,2.72,2.87,2.84,2.92,2.82,3.07,3.19,3.25,3.58,3.73,3.97,3.76,3.82,4.04,4.03,4.24,4.24,4.04,4.25,4.44,3.94,4.09,4.57,4.59,4.5,4.35,4.56,4.73,4.79,4.56,4.13,3.98,3.98,4.28,3.81,4.05,4.16,4.37
600497.SH,9.36,7.98,11.22,8.84,7.43,6.53,6.63,6.82,6.22,5.48,5.33,5.16,5.18,5.47,5.52,5.57,5.5,5.95,6.05,5.89,4.88,5.43,5.44,5.58,5.82,5.53,5.17,4.61,5.09,5.06,5.16,5.31,5.38,5.73,5.09,5.19,5.5,5.19,5.59,5.71,5.1,5.36,4.88,5.19,5.35,5.5,5.15,4.83,5.07,5.15,5.3,4.83,5.05,5.06,4.98,4.86,5.79,5.45,4.23,4.8,4.8
600498.SH,48.59,48.86,56.71,39.38,35.29,23.74,24.28,27.81,27.16,22.11,20.88,19.95,22.23,22.37,24.06,19.37,18.05,18.53,18.34,18.51,14.05,15.62,16.06,16.16,17.53,18.19,18.48,13.3,16.43,18.27,17.79,19.7,17.88,17.93,20.28,19.9,19.2,20.1,17.15,14.22,13.37,13.98,13.96,12.16,14.35,14.59,14.35,14.19,13.34,15.07,17.22,16.54,18.17,18.12,17.26,17.89,18.36,20.68,18.06,18.09,17.71
600499.SH,19.66,16.26,17.68,16.55,14.22,12.95,12.4,12.44,11.61,10.86,10.15,10.16,9.06,8.7,7.96,7.98,7.58,8.61,8.24,9.02,6.96,7.1,8.55,9.46,10.31,10.71,11.9,10.7,10.51,10.06,10.83,11.73,10.06,11.36,11.33,10.8,12.52,14.42,16.27,16.15,14.77,15.81,16.63,16.0,17.78,20.43,22.2,15.04,14.77,17.69,21.74,18.71,22.51,24.04,19.7,16.86,19.0,20.6,14.79,14.8,14.25
600500.SH,4.78,4.41,4.78,4.36,3.92,4.01,4.23,4.27,4.48,4.0,3.86,3.83,3.64,3.92,3.76,3.76,3.93,4.36,4.23,4.82,3.81,3.84,3.52,3.86,4.28,4.17,4.21,3.86,4.42,4.63,4.98,5.02,5.11,5.77,5.61,6.01,6.29,6.74,7.03,7.23,6.67,7.32,7.17,6.74,7.16,6.72,6.66,6.64,6.26,6.98,8.06,7.81,8.49,8.45,8.51,9.67,10.66,8.29,7.62,6.8,5.76
600502.SH,5.32,5.55,4.81,4.68,4.69,4.76,4.78,4.61,4.63,4.84,4.71,4.73,4.63,4.85,4.49,4.51,4.63,4.99,4.85,5.14,4.05,4.2,4.4,4.8,4.95,4.89,4.73,4.56,4.68,4.72,4.78,4.87,5.11,5.7,5.36,5.73,6.3,6.12,5.52,5.19,4.91,5.45,4.75,4.96,5.89,6.07,7.22,7.52,6.29,4.98,4.57,4.97,4.22,3.82,3.89,3.91,4.29,3.81,3.85,3.98,4.05
600503.SH,2.55,2.45,2.63,2.57,2.7,2.98,3.23,3.33,3.1,2.59,2.5,2.56,2.77,2.51,2.76,2.44,2.65,2.54,2.34,2.36,1.71,1.8,1.85,2.07,2.25,2.27,2.18,2.2,2.55,2.69,2.68,2.6,2.68,3.17,2.88,2.79,2.71,2.77,2.89,2.87,2.75,3.08,2.58,2.75,2.98,3.18,3.13,2.94,2.81,3.39,3.16,3.12,3.28,3.15,3.07,3.27,3.53,3.28,3.64,3.44,3.44
600505.SH,13.87,13.24,15.21,13.84,13.27,12.75,13.95,13.55,13.78,14.47,14.95,15.0,16.23,11.86,10.37,9.81,10.89,11.34,11.61,9.99,8.16,9.26,11.75,10.63,8.86,8.27,6.45,6.92,9.34,8.01,7.75,7.47,7.7,8.68,9.3,9.43,8.03,8.0,8.57,8.32,7.92,8.36,7.68,7.41,8.54,9.68,8.28,9.5,7.4,8.31,10.12,9.53,11.01,8.84,8.84,8.31,7.0,6.74,7.15,7.23,6.37
600506.SH,17.72,21.57,27.49,24.01,26.85,25.51,23.01,19.48,22.63,19.39,20.12,18.72,19.36,20.76,19.31,17.11,19.22,15.48,13.24,13.61,11.3,11.74,12.82,13.08,13.2,13.99,10.84,10.63,16.37,13.9,10.69,10.16,10.65,11.03,10.57,10.24,11.01,11.44,12.28,11.84,12.13,11.48,10.4,9.52,11.17,10.92,12.2,12.4,10.53,12.83,11.5,10.7,11.21,10.88,11.63,10.72,10.19,8.14,8.29,7.18,6.85
600507.SH,5.72,5.78,7.15,5.93,5.94,6.0,6.16,5.37,5.71,5.94,4.61,4.17,4.46,4.23,4.3,4.08,4.0,4.35,4.37,4.44,3.69,3.98,3.76,4.08,4.25,4.25,4.45,4.21,4.63,4.85,4.95,4.66,4.75,5.18,4.66,4.61,5.1,5.63,6.41,6.19,6.04,6.13,5.75,6.03,6.42,6.7,7.01,8.22,8.44,8.69,8.3,8.19,7.89,7.26,7.25,7.9,8.09,7.29,6.73,9.17,9.4
600508.SH,14.0,13.47,13.24,12.1,11.88,12.43,13.75,12.38,12.11,12.0,11.63,11.3,11.21,12.11,11.99,12.48,12.81,13.51,13.01,14.24,11.64,12.15,14.56,15.09,14.39,14.07,15.62,14.92,14.35,13.96,13.34,14.43,14.01,14.65,14.83,14.5,14.85,14.07,15.14,14.82,14.58,15.87,14.6,16.23,17.5,16.56,18.3,19.18,15.85,10.17,10.44,9.83,11.6,10.23,11.36,12.32,10.97,9.85,9.22,9.66,9.55
600509.SH,8.31,8.36,9.18,8.31,8.39,8.73,8.32,9.34,6.63,6.59,6.54,6.32,6.94,6.66,6.24,6.2,6.19,7.26,7.18,6.05,5.13,4.99,5.52,5.84,5.83,5.79,5.39,5.13,6.69,6.63,6.34,6.44,6.75,6.99,7.9,7.5,6.74,6.74,6.87,5.94,5.31,5.95,5.81,4.76,5.57,5.63,5.36,4.74,4.39,5.17,5.77,5.11,6.8,6.49,6.34,7.33,7.05,6.41,7.0,6.49,5.64
600510.SH,11.24,8.17,9.8,9.07,8.64,9.34,8.46,7.57,7.22,5.35,5.03,4.84,5.26,5.14,4.96,4.72,4.67,5.28,4.77,5.0,3.46,3.68,3.85,4.34,4.72,5.18,5.11,5.13,5.65,5.86,5.84,5.41,5.96,6.79,6.15,6.0,6.73,6.61,7.22,7.08,6.77,7.46,7.15,6.28,8.21,7.64,8.65,8.85,8.99,11.0,11.13,7.24,7.88,8.06,7.56,7.8,8.43,7.87,6.7,7.02,6.21
600512.SH,2.41,2.51,2.5,2.43,2.43,2.57,2.59,2.46,2.43,2.31,2.26,2.25,2.22,2.31,2.3,2.3,2.32,2.54,2.37,2.4,1.95,2.17,1.94,2.06,2.18,2.22,2.19,2.24,2.52,2.61,2.61,2.58,2.67,2.94,2.74,2.71,2.91,2.71,2.76,2.76,2.61,2.83,2.54,2.74,2.83,2.86,3.17,3.12,3.26,3.95,3.7,3.49,3.34,3.07,3.04,3.27,3.58,3.15,3.03,3.15,3.05
600513.SH,23.36,30.3,20.31,19.02,19.06,18.62,23.38,18.9,23.52,18.93,10.22,9.77,8.87,10.51,9.58,9.67,10.0,10.74,9.49,9.89,8.22,8.22,8.2,8.58,9.69,9.28,8.71,8.57,11.12,12.47,10.11,9.66,9.31,9.69,9.72,10.24,10.7,10.85,10.52,9.85,9.72,10.1,9.83,8.7,9.43,9.54,10.94,10.57,8.9,9.53,8.99,8.56,10.23,8.89,8.3,8.49,8.46,8.8,9.23,9.66,10.07
600515.SH,3.51,3.66,4.11,4.43,5.08,5.01,5.39,4.06,3.87,3.91,3.55,3.41,3.6,3.61,3.74,3.6,3.63,4.22,3.51,3.88,3.04,3.4,3.22,3.37,3.51,3.58,3.73,3.5,3.69,4.1,3.8,3.89,4.0,4.26,4.13,4.32,4.5,4.92,4.35,4.65,4.9,4.24,4.13,3.74,3.59,3.11,3.35,3.4,3.55,3.74,3.95,3.86,4.55,8.92,8.89,10.83,11.55,11.43,9.48,12.17,9.7
600516.SH,5.72,5.72,6.52,5.44,5.69,6.34,6.34,5.31,4.95,4.78,4.63,4.6,4.73,5.05,5.07,4.55,4.7,5.25,5.37,5.38,4.05,4.47,4.39,4.72,5.31,4.97,4.93,4.35,5.24,5.77,5.86,5.82,5.82,6.27,6.24,6.28,6.53,6.5,6.72,6.73,6.19,6.49,6.16,6.15,6.84,7.13,7.52,7.17,6.82,8.46,10.32,9.8,10.56,11.64,10.63,10.08,12.02,8.75,7.29,8.55,9.08
600517.SH,5.92,6.5,7.34,6.65,6.15,5.94,6.57,5.96,5.92,5.32,5.09,4.9,4.94,5.03,5.03,5.14,5.38,5.76,5.83,6.06,4.32,4.3,4.31,4.67,4.9,4.79,4.89,4.38,4.76,4.85,4.92,4.94,5.06,5.75,5.77,5.61,5.56,5.29,5.22,5.22,4.91,5.21,5.02,4.67,5.4,5.65,5.42,5.24,4.7,5.71,6.57,6.66,7.37,7.42,6.85,8.05,7.22,6.41,6.52,6.74,6.07
600519.SH,1375.0,1459.44,1440.11,1427.0,1426.0,1448.0,1435.0,1436.78,1476.1,1417.0,1405.1,1509.0,1550.2,1556.02,1487.02,1403.8,1488.0,1525.0,1533.75,1723.0,1395.0,1386.16,1440.38,1639.39,1760.2,1721.33,1685.06,1610.03,1685.01,1760.28,1780.99,1777.0,1851.05,1889.0,1724.1,1635.92,1749.9,1802.07,1838.53,1844.97,1730.01,1630.8,1462.01,1786.0,1880.89,1890.3,2029.05,1788.25,1837.0,1780.01,1858.48,1867.96,2051.23,1932.99,1803.0,1839.6,1622.01,1755.0,2105.0,2240.95,1959.0
600520.SH,30.26,24.01,27.52,27.3,24.84,26.48,27.18,28.43,31.0,28.91,29.39,27.48,29.82,31.07,33.02,31.57,29.72,37.26,43.69,23.95,17.77,17.37,15.09,16.9,19.22,22.04,22.75,19.0,24.75,33.09,24.75,13.67,13.43,14.09,15.46,13.87,13.14,15.54,16.22,17.73,17.5,13.5,14.23,9.98,11.87,10.12,8.85,8.67,7.64,9.42,9.92,8.68,9.02,9.2,7.58,8.08,8.45,8.65,8.51,7.35,6.74
600521.SH,16.1,16.59,15.82,15.33,17.75,18.15,19.18,21.01,26.59,21.28,19.7,18.61,14.35,16.48,15.09,15.52,17.37,18.51,18.55,20.05,16.72,17.26,17.11,17.34,17.47,13.2,13.94,11.76,14.71,15.63,15.91,16.93,17.02,18.61,18.32,18.51,19.38,20.17,20.85,21.66,21.55,20.31,20.72,18.38,20.62,20.44,22.48,18.61,15.76,20.82,24.21,20.88,21.11,20.99,19.85,18.93,16.64,19.0,21.29,21.29,20.85
600522.SH,34.89,29.16,30.2,21.44,18.3,16.82,16.8,20.0,16.15,14.02,14.43,13.2,14.06,14.52,14.02,13.36,13.69,16.27,15.66,16.28,12.49,14.99,15.93,14.79,13.91,14.1,13.38,11.57,12.4,12.89,14.17,14.89,14.55,15.89,16.44,14.83,14.59,17.66,16.06,16.56,16.9,16.71,20.45,21.42,23.4,23.02,23.36,18.31,15.86,16.98,19.71,16.3,16.49,17.98,11.12,9.16,8.04,7.85,9.8,10.53,10.09
600523.SH,13.71,13.9,15.85,14.43,15.71,14.37,14.63,14.65,15.53,15.1,14.57,14.69,12.06,12.71,12.56,12.27,11.49,12.76,12.87,13.29,9.54,10.75,9.94,11.48,11.6,12.21,10.93,10.34,13.83,16.14,13.28,13.28,13.13,14.14,14.44,13.76,13.52,14.83,16.29,17.27,19.47,19.75,19.01,17.33,22.79,25.61,22.99,23.91,18.0,22.61,22.91,18.82,22.89,20.13,15.15,14.78,16.07,14.99,14.02,13.8,14.23
600525.SH,5.1,5.48,5.42,4.63,3.71,3.78,3.5,3.43,3.33,3.16,3.38,3.34,3.27,3.99,4.96,4.93,4.74,5.87,5.73,5.15,4.03,3.84,4.24,4.28,4.67,4.77,4.54,4.23,5.38,5.51,5.34,4.92,4.86,5.3,5.86,5.63,5.29,5.68,5.7,5.42,4.83,5.05,5.22,4.39,5.2,5.9,5.17,4.7,4.16,4.65,5.28,5.26,6.02,6.27,6.16,6.23,6.84,6.36,6.24,5.81,5.56
600526.SH,5.36,5.48,5.96,5.66,5.33,5.37,5.79,5.25,5.3,4.87,4.8,4.92,4.78,5.02,4.76,4.49,4.4,5.06,4.79,4.68,3.71,3.74,3.78,4.2,4.74,4.7,4.46,4.34,5.07,5.05,4.75,4.85,4.95,5.27,4.84,4.93,5.11,5.27,5.93,5.84,5.5,6.01,5.31,5.09,5.47,5.79,5.77,5.8,5.14,6.46,6.34,5.77,6.37,6.12,5.46,6.75,5.98,6.07,6.21,7.0,5.89
600527.SH,3.25,2.54,2.33,2.18,2.15,2.27,2.31,2.23,2.11,2.11,2.07,2.15,2.06,2.14,2.17,2.12,2.27,2.53,2.15,1.87,1.38,1.42,1.44,1.59,1.69,1.74,1.7,1.74,2.0,2.01,1.98,2.02,2.01,2.09,1.96,2.03,2.06,2.06,2.18,2.17,2.09,2.11,2.03,2.02,2.2,2.24,2.29,2.13,2.08,2.29,2.38,2.31,2.44,2.21,2.16,2.36,2.32,2.34,2.46,2.76,2.68
600528.SH,7.84,8.58,8.49,8.12,8.19,8.06,8.43,8.48,8.5,9.06,7.37,7.35,7.39,8.26,7.56,7.62,7.73,8.42,8.15,8.6,6.8,7.53,7.45,7.79,8.07,7.78,8.09,7.15,7.47,7.65,7.88,8.77,8.7,10.38,9.96,10.26,11.0,9.62,8.99,8.22,7.83,8.03,7.6,7.4,8.09,8.57,8.28,8.43,8.0,7.94,8.55,8.77,8.33,7.81,7.72,8.05,8.55,7.77,8.11,8.44,8.43
600529.SH,18.65,18.77,20.07,20.24,20.32,20.19,20.86,21.44,22.21,22.84,22.04,21.69,22.09,23.72,23.44,23.8,26.63,24.81,25.0,29.56,24.77,24.01,25.66,25.9,27.82,30.45,26.27,23.55,25.88,26.3,27.74,28.36,26.59,26.03,27.5,25.51,24.6,26.19,29.11,29.37,27.79,29.5,29.14,27.78,27.82,26.63,27.9,25.16,21.5,26.35,31.67,33.94,42.0,44.55,37.0,30.21,36.52,34.5,33.77,38.75,40.14
600530.SH,5.41,5.48,6.08,6.34,6.44,7.56,8.5,8.42,7.85,8.34,9.13,8.36,4.72,4.85,4.94,4.48,5.31,3.61,3.28,3.07,2.57,2.84,2.43,2.51,2.02,2.28,2.3,2.33,2.68,2.6,2.21,2.34,2.17,1.91,2.37,,,3.49,3.77,3.79,3.93,4.11,3.88,3.42,3.79,3.9,3.91,3.71,3.61,4.54,4.06,4.1,4.49,3.89,3.4,3.52,3.23,3.23,3.85,3.84,3.32
600531.SH,15.38,13.45,19.32,20.08,12.59,11.49,12.01,14.25,9.91,8.51,7.93,7.15,7.1,7.29,6.47,6.79,6.34,6.87,7.08,7.74,5.66,5.89,6.66,7.01,6.84,6.78,5.62,5.23,6.2,6.22,6.34,6.52,7.31,7.65,6.34,6.21,6.52,5.94,5.92,6.0,5.29,5.61,4.94,5.2,5.8,5.37,5.24,5.11,4.74,5.4,5.92,5.49,6.04,5.6,5.41,5.76,6.46,5.79,5.2,6.0,5.78
600533.SH,2.62,2.5,2.63,2.53,2.58,2.73,2.73,2.68,2.74,2.71,2.5,2.38,2.26,2.21,2.28,2.2,2.33,2.7,2.49,2.52,1.75,1.85,2.02,2.14,2.27,2.41,2.37,2.6,2.95,3.09,3.01,2.98,3.31,3.81,3.18,3.05,3.42,3.52,3.88,3.96,3.91,4.45,3.44,4.12,3.4,3.37,3.57,3.7,3.97,4.46,3.45,3.37,3.17,2.88,2.83,3.18,3.13,2.9,3.13,3.36,3.26
600535.SH,15.12,14.51,14.29,14.74,15.26,15.59,15.37,15.83,16.51,16.66,15.7,16.73,15.31,15.5,14.99,14.87,14.01,14.72,14.9,16.98,14.29,14.88,12.89,13.71,15.94,16.33,16.81,14.69,17.26,15.29,14.92,14.28,13.99,13.92,14.21,15.54,15.88,15.02,14.12,11.6,11.21,11.66,11.13,9.74,10.25,10.14,10.47,10.25,10.64,14.94,14.8,13.83,16.19,13.66,13.64,13.69,13.28,12.85,14.87,14.4,13.95
600536.SH,38.83,36.79,43.12,44.06,46.74,45.67,52.48,51.29,52.9,47.21,46.25,43.92,46.91,42.82,46.69,46.65,44.48,55.82,47.0,46.1,29.93,31.3,29.69,30.3,30.27,31.53,34.37,26.47,35.5,35.35,34.15,37.67,42.98,54.84,51.57,61.02,57.29,70.13,73.42,76.51,63.37,71.17,73.5,43.23,38.65,37.77,41.82,39.45,33.04,38.73,44.96,45.92,50.75,52.22,52.86,49.98,49.28,60.15,54.61,56.44,44.71
600538.SH,6.5,6.66,6.31,7.09,6.08,6.38,5.86,5.61,6.52,6.5,5.61,5.74,5.56,5.54,5.05,5.07,5.12,5.48,4.75,3.86,3.18,3.33,4.15,4.59,4.71,4.9,4.13,4.2,4.92,4.62,4.46,4.38,4.38,4.5,4.27,4.27,4.32,4.5,4.8,4.84,4.7,4.88,4.94,4.38,5.06,5.05,5.14,5.01,6.46,5.19,5.44,5.44,6.18,6.57,10.08,8.56,8.07,7.19,6.78,6.65,7.46
600539.SH,18.72,15.0,10.98,10.79,10.26,10.92,10.93,10.51,11.44,13.81,10.69,10.82,11.99,10.56,11.9,7.72,7.02,7.53,5.7,4.92,3.79,3.86,3.68,4.3,4.75,5.45,4.75,5.43,7.34,7.46,6.96,6.63,6.95,7.01,6.7,6.48,6.43,6.94,7.17,6.98,6.55,6.76,6.52,7.34,6.66,6.55,6.47,6.37,5.84,8.34,8.44,7.79,8.28,7.01,6.43,7.01,7.09,6.58,7.4,7.55,7.34
600543.SH,4.84,4.93,5.25,5.18,5.35,6.12,6.33,5.76,6.28,6.45,6.56,6.04,5.04,4.75,4.81,4.7,4.67,6.53,5.97,6.49,4.86,4.14,4.13,5.56,5.31,5.87,5.16,5.0,6.1,5.82,5.57,5.69,5.65,5.57,5.62,5.29,5.34,5.23,5.84,5.7,6.32,5.79,5.3,5.23,5.86,5.84,6.22,6.26,5.54,6.36,6.48,6.05,7.2,6.57,6.62,7.29,6.9,7.22,8.47,8.45,7.26
600545.SH,4.98,4.0,3.35,2.45,2.59,2.79,3.02,2.85,2.97,2.34,2.24,2.2,2.2,2.3,2.73,2.56,2.44,2.27,1.97,1.9,1.36,1.42,1.36,1.68,1.99,2.38,2.2,2.16,2.69,2.86,2.88,3.13,2.5,2.57,2.49,2.38,2.62,2.89,2.94,2.96,2.87,3.06,3.01,2.86,3.36,4.03,3.83,3.76,3.29,3.39,2.99,2.8,3.1,2.71,2.67,2.98,2.75,2.59,3.05,3.13,3.09
600546.SH,14.3,11.17,12.05,10.67,10.18,10.73,11.36,10.12,9.91,9.62,8.69,9.8,9.51,10.94,10.51,10.96,11.64,12.41,13.42,13.96,11.84,12.67,15.24,15.72,14.5,15.45,18.94,16.7,18.35,18.42,16.09,19.1,17.71,14.72,14.99,13.19,17.13,16.01,17.32,15.57,14.35,16.69,16.19,18.75,18.13,15.32,18.98,19.5,13.82,13.3,11.37,9.61,8.39,8.15,9.07,11.99,11.29,7.36,6.96,6.85,6.95
600547.SH,35.65,41.13,52.03,49.1,40.19,37.1,35.69,43.26,35.94,29.49,33.31,30.58,30.91,26.56,23.49,25.93,23.15,24.49,26.18,28.94,26.17,29.49,27.46,28.0,29.27,29.49,22.65,20.48,22.99,23.16,23.78,25.42,26.25,24.72,24.02,25.53,26.65,21.61,19.15,20.19,19.49,20.97,17.54,17.09,17.82,18.18,18.28,18.16,19.02,21.58,20.41,18.79,18.91,19.05,19.89,19.86,18.23,17.48,19.4,21.52,19.64
600548.SH,9.07,9.39,8.98,8.98,8.83,9.64,10.32,9.94,10.58,10.32,10.46,11.03,11.18,11.27,12.0,12.04,13.52,11.06,9.78,10.59,9.45,10.87,10.86,10.6,10.31,9.76,9.05,8.97,9.09,9.52,9.72,9.96,9.33,9.68,9.0,9.03,9.41,8.64,9.19,9.02,8.93,8.71,8.34,7.9,8.3,8.56,9.48,9.65,9.38,9.79,10.08,10.19,10.07,9.61,9.78,11.41,8.98,8.52,8.73,9.02,9.98
600549.SH,59.71,56.0,74.9,53.75,42.0,35.14,35.69,32.22,32.7,22.72,21.06,19.85,19.07,19.63,19.74,19.61,18.88,20.81,21.19,21.51,16.85,16.96,17.54,18.72,19.9,19.68,16.9,15.18,17.24,17.12,17.11,17.05,17.55,19.1,19.02,18.39,19.53,20.71,22.79,23.48,20.27,21.73,21.1,22.28,25.52,27.08,22.43,19.41,15.95,18.37,21.65,20.26,22.31,25.58,22.23,23.45,28.7,29.39,20.68,20.02,19.55
600550.SH,15.5,15.26,17.32,15.57,10.85,9.5,8.88,8.6,8.78,8.6,8.57,9.39,7.86,9.09,7.52,7.5,7.66,9.32,11.34,10.77,4.88,4.97,5.2,4.26,4.4,4.22,4.27,3.87,4.91,4.81,4.56,4.7,4.72,5.31,5.06,5.14,5.01,5.08,5.16,4.98,4.71,5.03,4.78,4.99,5.33,5.94,5.61,5.61,4.27,6.12,5.38,5.3,5.65,5.13,4.51,5.38,4.73,4.38,4.07,4.12,4.11
600551.SH,8.11,8.04,8.41,8.63,8.3,8.65,9.28,8.52,8.94,9.3,8.76,8.98,7.89,8.4,7.96,8.37,8.65,9.15,8.33,9.31,7.89,7.58,7.3,7.8,11.99,13.32,11.16,9.9,11.0,11.61,10.49,11.28,12.22,11.01,11.03,12.38,14.53,12.0,11.03,10.51,10.49,11.0,10.25,9.56,11.2,11.51,11.35,10.18,7.66,9.55,8.15,7.7,8.28,7.4,7.13,7.71,7.59,7.33,7.35,7.79,7.29
600562.SH,27.71,25.24,30.9,28.05,28.88,26.59,28.34,35.02,29.0,29.66,31.68,26.38,21.09,20.57,19.18,19.26,18.38,20.34,17.43,16.9,12.77,14.04,13.7,14.11,14.29,14.3,12.92,11.09,13.86,14.31,14.29,15.07,15.25,15.84,16.25,16.2,15.93,16.56,17.75,17.56,17.25,17.57,14.65,13.12,14.65,16.25,14.77,15.27,14.39,15.75,17.14,15.39,18.38,16.91,15.0,13.83,14.73,13.91,14.69,15.14,14.01
600563.SH,122.65,129.55,119.37,103.69,107.2,104.52,118.49,129.28,120.0,110.08,111.81,102.59,106.02,109.23,128.81,114.8,117.0,133.1,123.04,109.52,84.5,85.19,77.6,85.58,100.18,101.95,102.8,90.07,87.85,94.1,99.6,95.6,113.5,135.3,139.91,134.62,128.91,145.25,153.75,178.45,160.38,161.19,175.31,156.0,182.65,210.49,201.0,170.35,144.7,200.8,213.42,191.38,209.16,256.5,205.45,172.6,160.2,186.0,158.79,125.7,112.37
600566.SH,27.86,26.55,27.8,25.59,26.46,27.06,25.07,24.65,25.74,27.07,26.31,27.7,26.34,28.33,27.68,27.15,28.14,30.1,30.18,32.75,27.76,31.7,33.65,38.36,41.96,37.85,37.08,29.97,33.3,31.66,26.87,27.1,26.2,24.96,28.17,30.18,33.11,29.62,29.78,29.39,27.96,31.08,32.18,24.25,22.95,24.55,26.14,24.03,23.65,25.71,24.58,24.16,31.1,18.32,17.72,17.06,17.1,15.37,18.36,18.54,19.0
600567.SH,1.48,1.55,1.74,1.61,1.69,1.72,1.79,1.83,1.88,1.95,1.91,1.83,1.72,1.79,1.7,1.7,1.94,1.94,1.81,1.91,1.43,1.45,1.53,1.64,1.88,1.85,1.79,1.71,1.95,2.08,2.18,2.11,2.11,2.39,2.3,2.24,2.38,2.5,2.73,2.64,2.48,2.52,2.37,2.38,2.63,2.76,2.77,2.86,2.82,3.04,3.15,3.17,3.34,3.27,3.26,3.46,3.41,3.25,3.43,3.72,3.51
600568.SH,2.65,2.77,2.86,2.73,2.52,2.85,2.05,1.87,1.87,1.65,1.66,1.67,1.33,1.35,1.27,1.28,1.32,1.45,1.31,1.31,1.29,1.28,1.24,1.52,1.53,1.38,1.46,1.5,1.7,1.75,1.71,1.81,1.8,1.75,1.75,1.82,1.85,1.75,1.85,1.91,1.89,1.88,1.8,1.69,1.84,2.01,1.62,1.63,1.63,1.78,1.78,1.84,1.98,2.07,1.73,1.79,1.88,1.86,2.04,1.84,1.71
600569.SH,2.1,2.25,2.69,2.32,2.26,2.35,2.61,2.31,2.2,2.36,1.99,1.89,1.87,1.82,1.92,1.78,1.82,1.98,2.26,1.82,1.38,1.45,1.45,1.64,1.76,2.02,1.79,1.89,2.15,2.29,2.36,2.14,2.17,2.51,2.0,2.03,2.14,2.13,2.31,2.23,2.12,2.17,1.96,2.06,2.24,2.38,2.63,2.76,2.66,3.13,3.14,3.03,3.05,2.82,3.05,3.51,3.85,3.28,3.01,3.34,3.47
600570.SH,27.39,25.85,28.95,30.17,30.74,29.44,31.24,35.33,38.66,35.53,32.09,26.71,26.68,27.61,30.7,27.24,26.42,31.34,25.83,25.16,15.84,18.13,17.46,19.65,21.21,23.27,25.23,21.03,28.18,30.76,30.8,31.93,36.17,40.82,44.47,43.93,46.8,57.57,45.28,47.78,41.9,40.9,41.92,33.46,34.5,42.25,43.0,39.4,36.58,43.02,52.16,58.31,62.47,58.55,62.25,58.75,50.28,55.13,92.73,91.8,90.03
600571.SH,12.97,13.43,15.07,15.73,15.78,16.35,17.54,16.92,19.5,18.47,16.88,15.8,16.62,16.58,13.37,13.84,12.27,14.0,12.49,12.8,8.43,9.73,10.27,9.93,11.28,12.32,14.93,10.68,13.64,12.14,9.69,9.42,10.03,9.42,9.14,9.65,9.49,11.64,11.23,10.96,9.91,10.69,8.39,6.98,7.99,8.39,9.05,8.46,8.44,13.8,14.52,10.28,12.32,10.09,8.78,10.57,8.0,6.82,7.09,7.23,6.87
600572.SH,4.45,4.46,4.45,4.48,4.49,4.66,4.74,4.39,4.52,4.69,4.44,4.6,4.41,4.6,4.39,4.51,4.55,4.82,4.74,5.11,4.12,4.32,4.59,5.21,5.07,4.9,4.89,4.53,5.16,5.49,5.23,5.5,5.19,5.36,6.65,6.84,7.36,6.05,5.29,4.89,4.99,4.84,4.24,3.95,4.11,4.26,4.41,4.44,4.62,4.86,4.57,4.5,5.07,4.3,4.07,4.28,4.21,4.34,4.56,4.63,4.31
600573.SH,14.05,12.24,11.82,11.8,11.92,12.2,11.5,11.37,12.17,11.97,12.29,12.94,11.24,11.38,10.7,10.37,11.11,10.82,10.24,10.75,9.38,9.33,8.79,9.5,9.9,9.54,8.78,8.49,10.43,10.79,10.65,10.16,10.62,11.43,11.95,12.16,12.63,13.13,11.95,10.59,10.54,10.24,9.26,9.42,9.58,9.31,10.34,9.85,9.12,10.38,9.92,9.04,10.15,8.62,9.02,8.68,8.41,8.85,10.46,11.01,9.11
600575.SH,3.68,3.89,3.73,3.35,3.43,3.6,3.76,3.41,3.46,3.52,3.56,3.62,3.53,3.35,3.13,3.25,3.57,4.0,3.76,3.92,3.48,3.59,3.89,3.66,3.0,2.67,2.45,2.33,2.45,2.5,2.53,2.77,2.68,2.71,2.57,2.71,2.47,2.45,2.53,2.47,2.43,2.63,2.48,2.48,2.71,3.23,3.15,3.47,3.11,3.36,3.24,2.61,2.54,2.2,2.26,2.57,2.33,2.07,2.16,2.25,2.17
600577.SH,13.3,12.33,14.97,13.6,13.18,10.28,10.73,11.24,8.91,7.73,7.69,7.38,7.1,7.42,6.85,6.83,7.15,6.72,5.31,5.67,4.43,4.58,3.99,4.28,4.77,5.13,3.87,3.48,4.17,4.2,4.2,4.17,4.24,4.79,4.24,4.2,4.28,4.27,4.57,4.74,4.3,4.68,4.44,4.2,4.99,6.82,5.45,4.8,4.35,5.22,6.98,6.63,7.45,9.52,8.33,7.0,7.65,8.95,6.34,5.73,3.56
600578.SH,5.0,5.22,5.6,5.08,5.24,4.58,4.8,4.29,4.29,4.23,4.69,4.35,4.16,3.71,3.32,3.42,3.42,3.65,3.77,3.7,3.41,3.33,3.37,3.31,3.51,3.35,3.04,2.89,3.01,3.0,3.01,3.04,3.06,3.74,4.1,3.71,3.38,3.13,3.33,3.35,3.28,3.5,3.2,3.04,3.33,3.42,3.26,3.21,2.96,2.8,3.06,2.9,3.29,2.82,2.87,3.32,2.75,2.66,2.96,3.05,2.98
600580.SH,38.51,37.67,43.18,43.4,48.28,43.06,46.79,50.28,34.03,22.48,19.99,23.06,26.56,25.77,25.48,22.76,17.25,15.35,16.18,13.59,10.38,12.31,12.2,13.67,15.32,16.35,11.06,9.61,11.73,12.1,11.26,12.09,12.17,12.83,14.51,11.95,12.28,12.6,13.54,13.69,12.64,13.29,12.89,11.36,13.26,15.34,14.0,12.66,11.37,13.18,15.17,15.13,17.57,19.43,15.04,13.44,14.58,13.16,12.66,11.88,10.49
600581.SH,2.75,2.93,2.99,2.79,3.3,3.6,4.49,4.69,4.45,4.05,3.11,3.08,3.22,3.34,3.54,3.09,2.98,3.48,3.84,3.47,2.51,2.65,2.69,2.94,3.08,3.14,3.13,3.09,3.62,3.95,4.04,4.08,4.26,4.67,4.11,4.06,4.19,4.18,4.61,4.49,4.02,4.18,3.59,3.86,4.3,4.7,5.61,5.75,5.8,5.78,6.36,5.8,6.29,6.38,7.55,8.04,7.72,7.05,6.02,5.61,5.72
600582.SH,5.68,5.77,6.14,5.85,5.89,5.92,6.12,6.05,6.09,6.25,6.02,5.92,6.22,6.44,5.95,5.82,6.01,6.06,6.08,6.66,5.74,5.79,7.01,7.02,7.52,7.2,6.72,5.58,5.54,5.25,5.14,5.43,5.33,5.76,5.77,5.45,5.61,4.95,5.44,5.29,5.31,5.4,5.11,4.92,5.0,5.1,4.72,5.17,4.75,4.99,4.2,4.0,4.39,4.32,4.1,5.19,5.37,4.62,4.29,3.54,3.74
600583.SH,6.49,6.63,7.93,6.43,5.56,5.47,5.61,5.36,5.51,5.49,5.45,5.21,5.34,5.7,5.08,5.29,5.36,5.43,5.51,6.04,5.31,5.59,6.16,6.13,6.47,6.65,6.36,5.48,6.14,6.39,6.13,6.39,5.83,6.3,6.1,6.2,6.48,6.56,6.76,6.75,6.13,5.7,4.86,4.56,4.52,4.24,4.14,4.47,4.17,4.3,4.87,4.75,4.68,4.36,4.58,5.18,4.49,4.15,4.48,4.47,4.45
600585.SH,21.14,23.31,26.07,23.49,22.1,22.75,23.26,23.65,24.31,23.4,21.43,22.78,24.02,24.2,23.31,23.73,23.35,25.64,26.8,26.24,20.86,23.57,23.34,24.48,23.22,22.43,23.77,23.0,22.35,22.86,23.8,25.61,26.39,26.66,23.98,25.0,27.01,28.34,31.24,29.52,27.71,28.6,25.27,28.19,31.6,32.36,35.56,37.17,40.38,39.7,40.78,42.17,41.67,36.65,37.9,41.28,43.16,38.86,41.64,48.75,49.38
600586.SH,5.73,5.88,6.38,5.82,5.64,5.73,5.64,5.01,4.88,5.09,4.83,4.68,4.64,5.18,5.96,5.13,5.56,6.07,5.99,6.33,5.16,5.69,5.89,6.45,6.35,6.21,6.03,5.68,6.73,6.94,6.82,7.16,7.33,7.9,8.49,7.83,8.03,8.8,10.55,12.31,9.14,9.03,8.18,8.8,10.28,8.95,7.41,6.68,5.83,8.02,8.62,8.6,9.12,9.42,10.4,10.64,11.67,10.17,8.82,7.04,7.03
600587.SH,13.69,14.53,15.23,15.16,15.84,15.26,15.43,16.35,16.33,16.61,15.23,15.69,14.77,16.41,16.16,16.11,16.2,17.88,17.25,20.04,16.62,17.52,15.86,23.19,23.6,23.11,22.21,20.26,25.5,26.82,23.78,25.48,25.23,28.37,34.02,34.25,32.45,28.06,28.2,25.16,22.19,25.18,27.54,25.28,20.5,19.18,20.44,19.5,18.69,24.69,23.93,23.43,31.72,24.93,21.25,26.43,30.82,21.77,20.9,19.9,17.35
600588.SH,11.9,11.85,13.71,14.79,13.67,14.22,15.71,16.36,16.24,15.77,13.1,13.04,14.76,14.87,16.4,12.0,10.17,13.22,10.91,12.65,8.32,9.45,9.82,10.93,11.76,12.78,13.11,11.21,17.4,17.16,16.27,16.88,17.97,18.96,20.6,20.43,20.83,26.12,25.61,24.72,24.9,23.38,26.0,17.02,20.37,20.59,22.1,19.04,18.48,22.84,31.37,35.12,36.07,32.79,30.88,34.27,33.35,39.38,32.67,35.34,32.7
600589.SH,11.08,10.96,12.22,9.89,7.39,8.03,7.17,7.34,8.67,8.0,7.73,6.81,7.84,7.22,6.67,3.85,4.43,6.02,4.21,3.6,2.38,2.78,3.19,3.72,4.03,4.84,3.85,3.09,3.35,4.68,4.18,5.15,3.63,2.52,2.73,1.74,2.58,2.52,2.4,2.08,2.04,2.22,2.15,2.07,2.32,2.21,2.17,1.85,1.84,2.65,2.26,2.12,2.26,2.24,2.05,2.19,2.29,1.97,2.12,1.99,2.51
600592.SH,19.35,20.01,23.21,23.38,26.99,26.35,23.62,26.95,26.36,21.25,23.18,23.62,24.68,18.19,14.42,10.78,9.75,10.65,9.95,10.46,8.0,9.23,8.66,9.29,10.24,10.43,9.37,8.48,12.66,11.4,9.67,8.91,9.3,9.72,10.42,8.47,8.3,7.87,8.27,8.11,7.04,7.34,7.26,6.89,8.03,8.75,7.87,7.79,7.11,9.16,10.13,9.96,10.51,9.4,8.46,9.26,10.18,9.4,9.56,10.57,10.06
600593.SH,33.48,37.77,38.36,42.12,41.99,48.76,56.49,32.81,35.59,30.95,30.16,28.73,29.27,31.71,26.91,27.95,36.9,35.02,20.8,19.52,16.4,17.62,19.97,19.79,20.4,26.26,18.07,19.96,20.59,20.64,16.6,14.93,15.88,17.06,16.55,14.62,13.98,14.46,14.52,14.49,15.94,13.91,12.65,11.94,14.8,14.53,14.32,14.72,11.29,12.34,11.33,10.98,12.5,12.72,12.01,11.96,11.94,12.19,20.58,24.5,23.57
600596.SH,12.45,10.93,13.65,11.7,11.61,11.12,9.95,10.78,11.34,10.0,8.19,8.03,7.7,8.42,8.85,7.96,8.68,8.88,8.25,9.13,7.37,7.83,7.8,8.49,9.29,8.29,8.71,7.56,9.09,9.33,9.76,10.02,10.24,11.6,11.03,11.24,12.51,15.27,16.7,16.5,15.26,16.04,15.35,15.48,18.73,19.6,23.43,18.56,17.94,27.19,27.48,22.66,24.66,27.75,28.11,30.33,39.93,23.63,16.45,16.14,12.9
600597.SH,7.46,7.56,7.91,7.9,8.13,8.26,8.38,8.43,8.69,8.54,8.43,8.75,8.36,8.39,8.21,8.06,8.43,8.94,8.42,9.32,7.6,8.16,7.83,8.49,9.13,9.35,9.16,8.69,8.73,9.31,9.46,10.21,10.56,10.97,10.54,11.04,10.85,10.69,10.99,10.75,10.66,10.61,9.72,10.21,11.18,12.43,12.6,11.96,11.66,11.58,12.79,12.94,14.86,13.91,14.75,14.23,12.69,13.14,14.47,16.44,16.45
600599.SH,,5.61,5.41,7.58,9.43,10.45,9.93,7.73,8.8,7.62,8.06,7.26,8.7,9.85,10.33,10.67,12.94,15.4,12.1,11.48,10.32,8.52,8.27,10.07,10.08,11.35,9.22,10.52,15.42,14.39,13.35,11.25,10.61,10.63,11.19,10.72,12.89,13.21,13.45,12.82,14.69,11.22,9.5,9.95,11.68,9.31,9.43,10.1,9.32,9.44,9.99,10.59,8.64,8.7,8.07,8.3,9.04,7.89,7.7,5.61,5.27
600600.SH,62.89,63.3,61.97,61.53,61.75,64.05,65.61,66.58,69.44,68.05,69.39,76.84,74.87,78.5,69.71,67.5,79.7,73.04,67.0,77.5,57.05,67.2,70.67,78.72,87.12,82.97,80.4,70.51,71.95,74.09,82.68,87.49,92.18,96.64,105.6,96.01,111.76,118.79,112.3,103.99,105.17,104.6,87.83,102.46,105.97,108.06,102.58,91.62,86.24,81.7,101.58,91.64,99.66,98.6,94.63,83.8,87.09,83.68,115.0,101.76,90.45
600603.SH,5.65,6.91,7.17,6.4,6.3,6.89,7.86,8.84,8.8,7.64,7.84,7.0,7.25,7.25,9.01,9.13,9.4,10.09,8.65,5.61,4.66,5.16,5.2,5.5,7.04,7.06,7.59,6.23,7.82,6.61,6.98,7.03,5.84,6.67,7.03,6.43,7.87,7.16,8.35,9.16,8.24,7.92,7.0,9.14,10.57,11.28,6.24,4.6,4.16,3.85,4.03,3.94,4.06,3.68,3.7,4.0,3.98,3.62,4.02,4.59,4.59
600604.SH,4.91,5.2,5.36,5.36,5.85,6.08,6.18,6.17,5.74,5.67,5.02,4.45,4.47,4.69,4.95,4.6,4.65,5.14,5.16,4.77,3.39,4.02,3.52,3.8,4.06,4.12,4.29,4.12,4.62,4.79,4.6,4.79,5.1,5.33,4.72,4.81,5.09,5.4,5.32,5.5,5.01,5.44,4.88,4.66,5.06,5.22,5.78,5.94,5.3,6.02,5.39,5.31,5.47,5.13,5.11,5.4,5.66,5.3,5.86,5.67,5.43
600605.SH,32.28,27.97,26.99,27.77,29.73,29.65,31.1,32.72,33.88,37.8,36.96,38.55,36.91,35.35,35.21,35.73,34.66,42.1,33.91,31.42,27.02,27.97,26.14,27.15,28.5,26.56,21.49,19.42,27.47,25.55,19.22,19.44,19.98,19.85,18.23,16.99,15.35,13.43,10.89,10.77,10.46,11.16,11.91,16.17,8.92,8.57,8.31,7.86,7.29,9.5,8.88,8.54,9.57,8.63,7.84,8.08,7.98,7.66,8.18,8.41,12.01
600608.SH,,2.86,3.31,3.81,3.42,4.41,4.22,3.89,4.05,3.92,4.14,3.72,3.2,3.27,3.47,2.91,3.17,4.01,3.25,2.85,2.85,2.4,2.03,2.51,3.65,4.17,3.78,3.75,4.7,4.76,4.13,4.21,4.4,4.25,4.08,3.68,4.57,4.83,5.06,4.85,4.58,4.84,4.47,4.43,4.98,4.49,4.43,4.79,4.17,4.81,5.17,5.31,5.82,5.23,5.39,5.79,5.75,6.74,6.83,6.66,4.67
600610.SH,9.4,9.13,11.81,11.81,10.13,10.34,11.27,11.63,13.27,12.34,16.18,14.35,11.66,8.5,4.06,4.04,4.16,5.54,5.66,4.94,3.59,4.01,4.02,4.69,5.57,5.78,5.9,5.88,9.51,7.07,7.69,8.36,12.71,10.66,11.75,13.56,13.22,14.25,16.59,17.76,15.66,16.42,13.2,14.18,15.5,18.47,17.2,14.69,13.34,13.3,14.1,13.37,15.24,16.59,20.34,18.1,17.01,15.79,11.93,10.8,9.35
600611.SH,4.56,4.85,5.55,5.65,5.52,5.48,5.94,6.14,6.3,6.23,6.2,6.63,6.16,6.35,6.83,6.27,6.68,8.39,9.29,8.61,9.4,10.0,2.82,2.88,2.84,2.77,2.72,2.69,2.98,3.15,3.03,3.02,3.06,3.33,3.02,3.14,3.17,3.13,3.18,3.19,3.02,3.03,2.86,2.83,3.07,3.15,3.23,3.21,3.08,3.4,3.46,3.41,3.52,3.44,3.26,3.44,3.44,3.29,3.49,3.55,3.5
600612.SH,39.3,41.78,44.57,44.15,44.79,45.04,46.58,50.5,47.93,46.99,49.83,52.9,48.62,50.98,50.25,50.88,55.17,53.0,47.76,62.18,49.47,50.53,60.95,74.09,75.81,83.96,68.69,62.5,69.58,66.13,61.79,62.01,63.17,62.9,67.3,63.05,73.85,53.33,48.54,48.14,44.09,41.49,38.63,39.32,37.37,37.85,40.6,40.19,39.0,42.71,46.38,46.85,46.16,45.45,46.1,47.32,47.43,47.4,53.35,59.28,55.72
600615.SH,11.84,11.52,12.26,12.12,11.82,11.92,12.58,13.19,12.67,12.38,11.22,11.19,12.19,12.41,13.01,11.86,10.89,13.28,11.2,10.45,8.94,9.55,8.72,9.89,11.08,12.51,10.0,9.27,11.87,11.11,9.85,9.8,8.89,9.24,8.75,8.49,8.24,8.75,9.97,9.74,9.22,9.59,9.25,9.5,8.47,8.42,7.87,8.95,8.27,8.53,8.39,7.84,8.36,7.75,7.48,7.49,6.71,7.56,7.7,7.32,5.21
600616.SH,4.95,5.16,5.37,5.59,5.38,5.68,5.76,5.37,5.95,5.63,5.63,5.96,5.35,5.42,5.2,5.14,5.8,6.05,5.36,5.67,4.4,4.78,4.8,5.25,5.72,5.9,5.41,5.28,6.26,6.69,6.29,6.51,6.7,7.29,7.0,6.96,7.45,7.66,7.78,7.39,6.89,6.18,5.88,5.53,6.43,6.69,7.37,7.06,6.13,6.33,6.63,6.27,7.28,6.88,6.91,7.5,7.02,8.02,8.59,10.12,7.2
600617.SH,3.6,3.7,3.36,3.11,3.18,3.44,3.57,3.02,2.85,2.77,2.74,2.63,2.58,2.51,2.46,2.39,2.64,3.07,2.82,2.85,2.25,2.46,2.54,4.05,3.83,3.4,3.35,3.46,3.92,4.09,4.16,4.29,4.16,4.67,4.4,4.18,4.12,4.11,4.31,4.31,4.12,4.69,4.16,4.78,5.48,5.11,4.64,4.95,4.56,4.29,4.31,4.1,4.28,4.42,4.54,5.62,4.8,4.0,4.06,4.2,3.97
600618.SH,12.76,12.68,15.58,15.93,11.98,13.23,11.04,10.74,10.89,10.18,9.62,9.29,9.24,9.99,10.19,11.19,9.9,9.65,9.36,9.58,7.81,8.91,9.03,9.35,9.77,8.44,8.22,7.83,9.15,9.11,8.99,8.92,8.8,9.27,9.04,8.82,9.43,10.1,10.6,10.49,9.92,10.41,9.68,9.7,11.09,12.02,12.95,12.89,11.28,11.94,12.25,11.48,12.54,13.08,14.96,14.93,10.34,9.48,8.65,9.1,8.6
600619.SH,18.25,16.43,18.19,18.12,21.28,21.36,21.4,23.1,25.67,15.64,12.55,11.18,11.85,14.31,12.31,11.08,11.39,13.4,11.56,9.43,5.14,5.64,5.2,5.58,5.88,6.04,5.83,5.36,6.78,7.6,7.22,6.38,6.12,6.37,6.46,6.31,6.17,6.36,6.05,5.96,5.61,6.0,5.76,5.8,6.67,8.29,6.8,6.56,6.18,6.67,7.06,7.08,8.27,8.79,7.58,8.24,8.78,9.28,10.53,8.66,8.1
600623.SH,10.99,9.66,10.26,9.28,7.82,7.84,7.91,8.88,8.72,8.29,7.72,7.22,6.87,7.39,6.65,6.69,6.77,7.24,6.65,7.73,6.07,6.31,5.96,6.38,6.92,6.3,6.16,5.88,6.54,6.81,6.94,6.45,6.39,6.66,6.25,6.18,6.42,6.92,7.01,6.72,6.41,6.5,6.2,6.42,7.09,7.54,8.34,8.67,7.69,8.48,9.15,8.69,9.22,9.68,10.59,11.48,11.73,9.71,8.4,8.1,8.97
600624.SH,4.62,4.72,5.27,5.19,5.41,5.81,6.16,5.0,7.36,7.17,7.08,7.35,6.62,7.32,7.07,5.96,6.4,6.21,6.34,4.28,2.85,4.09,2.96,3.52,4.16,4.78,4.93,4.76,5.84,6.03,5.92,5.83,5.84,6.16,6.33,6.49,6.0,6.32,6.34,6.2,5.83,6.61,5.83,5.4,6.0,6.63,6.59,7.14,5.93,6.64,6.28,6.19,7.0,6.52,6.36,6.66,6.76,6.09,7.37,7.12,6.86
600626.SH,3.93,4.0,4.66,4.85,4.9,4.72,5.23,4.28,4.54,3.83,3.61,3.49,3.3,3.68,3.73,3.63,3.62,4.29,3.69,3.96,2.87,3.25,2.44,2.78,3.03,3.08,2.86,3.16,4.24,3.79,3.66,3.49,3.51,3.83,3.5,3.36,3.42,3.6,3.85,3.72,3.63,3.74,3.44,3.24,3.78,3.86,3.94,4.19,3.48,4.11,3.8,3.71,4.05,3.8,3.64,4.09,4.01,3.96,4.16,4.44,4.07
600628.SH,7.15,7.3,7.53,7.86,7.93,7.68,7.52,7.32,7.88,7.56,7.33,7.39,7.34,7.42,7.53,7.69,8.53,12.11,6.84,7.13,5.74,6.01,5.56,5.9,6.32,6.35,6.2,6.09,7.07,7.42,7.22,7.12,7.3,8.04,7.51,7.35,7.56,7.54,7.54,7.08,7.42,7.24,6.4,6.4,7.02,7.08,7.5,8.53,7.93,7.45,7.21,7.32,7.97,7.42,7.68,8.09,8.3,7.95,7.91,8.21,8.32
600629.SH,21.31,20.53,20.47,19.22,21.83,21.41,23.42,28.3,15.46,13.7,8.47,8.33,8.28,7.88,8.1,8.38,8.37,7.95,6.34,5.49,4.4,4.44,4.45,4.89,5.31,5.37,5.02,6.43,5.17,5.3,5.34,5.79,6.34,7.36,7.05,8.82,10.73,5.45,5.19,4.78,4.47,4.84,4.46,5.22,5.75,5.53,7.43,7.95,7.36,7.91,7.5,6.93,6.73,6.17,5.62,6.05,5.97,5.5,7.2,7.37,7.27
600630.SH,8.35,7.96,8.86,8.97,9.18,10.07,9.57,9.11,8.52,8.56,8.15,8.43,8.26,8.78,9.16,9.02,9.44,11.25,8.8,9.24,7.17,8.15,8.13,9.17,9.23,10.1,10.76,14.3,13.95,8.14,8.26,6.63,5.64,5.97,5.67,5.4,5.35,5.4,5.92,5.69,5.53,5.87,5.2,5.21,5.78,6.96,6.05,6.16,5.38,5.6,5.23,5.08,5.74,5.18,5.02,5.38,5.36,5.19,5.86,5.75,5.1
600633.SH,13.68,12.46,13.77,15.16,13.19,13.22,13.93,14.5,15.2,13.91,13.62,13.45,14.36,13.42,14.16,11.23,10.15,11.14,10.5,11.13,8.08,8.66,8.79,9.32,10.33,11.35,11.32,9.62,10.93,13.14,11.66,13.45,17.68,14.41,15.44,13.16,14.67,13.32,10.25,9.29,8.81,8.82,6.5,6.03,6.99,6.42,6.82,6.95,5.93,8.49,9.39,8.58,9.69,8.4,7.44,7.05,6.87,6.71,7.18,7.45,7.16
600635.SH,5.31,5.57,6.28,6.27,6.56,8.02,7.31,6.46,4.12,4.09,3.9,3.86,3.81,3.79,3.96,3.84,4.1,4.63,4.78,3.9,2.95,3.61,2.7,2.82,2.96,2.92,2.92,2.81,3.02,3.1,3.03,3.24,3.29,3.56,3.35,3.3,3.2,3.03,3.15,3.16,2.98,3.12,2.92,2.99,3.23,3.26,3.28,3.29,3.1,3.55,3.8,3.65,3.85,3.68,3.74,4.22,3.8,3.43,3.51,3.63,3.59
600636.SH,,7.65,8.64,8.76,8.64,8.55,8.67,8.08,8.49,8.3,8.1,8.0,7.01,6.93,7.64,7.69,9.18,11.0,11.16,9.62,7.57,7.96,7.54,8.44,9.65,11.12,12.11,10.46,10.47,10.81,9.58,10.03,10.42,11.68,12.17,14.24,12.21,11.39,10.65,10.8,9.74,10.53,10.62,6.36,7.41,7.28,7.38,8.0,6.67,8.05,9.09,8.34,10.93,10.17,10.1,11.32,11.76,9.83,10.02,10.73,10.3
600638.SH,6.27,5.99,6.76,7.19,6.49,5.89,6.06,5.97,5.91,5.87,5.79,5.5,5.29,5.08,5.06,4.96,5.08,5.64,5.0,5.32,3.78,4.27,3.98,4.11,4.38,4.48,4.38,4.65,5.2,5.9,5.71,6.0,6.32,6.83,5.36,5.21,5.35,5.74,5.98,5.89,5.68,6.25,5.0,5.17,5.79,5.41,5.56,5.88,5.4,6.45,5.68,5.42,5.88,5.08,4.9,5.31,5.29,4.98,5.45,5.67,5.63
600640.SH,12.53,12.0,13.26,14.39,12.77,13.59,14.44,14.89,12.76,12.78,11.99,11.75,11.79,11.91,12.67,12.66,11.66,13.66,12.48,12.45,9.37,10.44,10.51,11.12,12.87,13.65,15.2,10.35,11.36,11.54,10.23,10.27,10.99,11.4,11.8,12.29,12.87,13.58,11.37,10.5,10.06,10.36,9.07,8.23,9.94,10.31,10.24,10.09,9.08,11.36,11.25,11.61,15.4,13.43,11.07,10.62,10.3,11.98,12.08,12.64,11.15
600641.SH,27.58,18.66,18.73,17.73,18.35,16.8,18.29,21.1,16.09,14.44,13.96,13.78,14.79,15.12,13.83,15.07,14.1,17.6,14.85,14.1,9.5,11.23,11.75,12.5,13.01,13.6,13.74,11.65,17.3,17.27,17.26,15.38,15.95,18.55,19.23,18.89,20.31,19.86,19.1,19.08,18.12,19.45,18.9,18.17,22.17,25.52,19.06,16.81,15.61,20.79,26.33,26.0,30.6,36.0,30.42,26.89,23.69,24.75,17.9,15.75,14.01
600642.SH,9.15,8.93,8.83,8.25,7.83,8.06,8.32,7.97,8.08,8.19,8.62,8.84,8.82,9.21,8.9,8.55,9.25,8.25,8.64,8.39,7.85,8.23,8.98,8.67,8.67,7.94,7.33,7.27,6.63,5.98,5.86,6.33,6.46,6.98,7.01,6.72,6.89,5.82,5.53,5.48,5.53,5.79,5.39,5.73,5.98,5.89,5.74,5.69,5.49,6.09,7.02,6.65,7.26,6.43,6.41,7.86,6.31,5.73,6.15,5.98,5.73
600643.SH,4.88,5.15,4.75,4.72,5.49,5.48,5.69,5.6,6.06,6.03,8.16,5.05,4.69,4.9,4.81,4.89,5.04,6.03,5.69,6.82,3.9,4.14,3.84,4.17,4.53,4.47,4.7,4.56,5.12,5.3,5.25,5.21,5.38,5.84,5.03,5.31,5.52,5.43,5.86,5.92,5.56,5.65,5.3,5.26,5.84,5.81,5.91,6.08,5.9,6.7,6.92,6.56,6.86,6.58,6.44,7.17,7.12,6.56,6.89,7.05,7.03
600644.SH,11.95,11.49,12.81,11.05,10.07,10.4,11.15,11.14,12.12,13.53,14.97,15.31,11.95,7.03,6.38,6.15,5.98,6.9,6.6,6.45,5.31,5.87,6.83,6.91,6.17,6.0,5.49,5.77,7.24,7.01,6.9,6.61,6.66,7.32,7.52,7.54,7.07,7.21,7.85,8.07,8.02,7.98,6.55,6.43,7.09,6.92,6.35,6.57,5.69,6.09,6.6,6.39,7.81,6.77,7.16,8.77,5.78,5.43,5.6,5.8,5.26
600645.SH,24.87,32.94,27.58,24.88,26.74,28.7,25.48,24.48,26.42,26.1,23.42,23.87,21.6,24.39,20.85,21.0,19.53,20.37,21.13,23.72,18.04,16.72,16.31,17.22,17.57,16.63,16.69,15.57,19.97,20.84,21.02,18.41,17.49,17.29,16.9,17.0,18.13,18.01,18.18,18.37,17.22,18.55,18.9,16.15,17.77,18.0,19.35,18.43,19.03,23.99,23.96,22.93,25.03,21.7,21.25,23.33,20.49,19.4,24.32,26.35,21.19
600648.SH,9.99,10.43,10.46,10.37,10.8,10.82,11.0,10.94,11.48,11.19,10.87,11.15,11.28,11.84,11.8,11.33,11.5,12.1,11.45,11.57,8.78,9.09,9.08,9.22,9.5,9.39,9.65,9.56,9.82,10.6,10.58,11.57,11.86,12.08,11.36,11.45,11.87,12.43,12.44,12.17,12.0,12.53,11.71,11.69,12.1,12.64,13.55,13.82,14.8,13.79,13.05,12.98,13.3,12.71,12.84,13.15,13.5,13.54,14.89,14.53,14.0
600649.SH,4.3,4.48,4.98,5.13,4.49,4.36,4.7,4.76,4.68,4.37,4.23,4.2,4.42,4.36,4.41,4.18,4.34,5.24,5.01,5.0,3.13,3.47,3.53,3.97,3.6,3.56,3.58,3.47,3.68,4.03,3.99,4.25,4.44,4.64,3.95,3.89,3.99,3.94,4.12,4.03,3.97,4.16,3.61,3.7,3.91,4.12,4.33,4.47,4.58,5.05,4.26,4.24,4.21,3.94,4.08,4.47,4.51,4.48,4.76,4.83,4.94
600650.SH,12.6,13.27,14.74,15.49,15.47,14.21,15.82,16.13,16.79,16.3,15.46,18.2,13.39,13.86,14.69,14.18,13.72,16.07,12.92,14.0,10.56,13.83,7.16,7.85,8.06,8.09,7.74,8.69,9.77,9.78,9.4,9.4,9.41,10.11,9.67,9.55,10.17,10.42,10.96,10.77,10.82,10.26,9.71,9.28,10.33,11.13,12.53,12.08,10.33,10.11,9.68,9.32,9.77,9.25,8.78,9.29,9.16,8.97,9.97,9.74,9.56
600651.SH,6.87,7.04,7.64,7.89,7.3,8.09,8.15,8.32,8.11,5.56,4.5,4.35,4.06,4.19,4.46,4.05,4.04,4.6,3.89,3.62,2.77,3.01,2.73,2.95,3.14,3.43,3.15,2.98,3.67,3.56,3.47,3.43,3.49,3.89,4.12,4.2,4.85,3.79,3.53,3.46,3.28,3.44,3.26,3.14,3.6,3.67,3.9,3.68,2.98,3.43,3.54,3.38,3.18,3.06,2.94,3.22,3.07,3.08,3.25,3.29,3.37
600653.SH,1.83,1.79,1.91,1.89,1.91,2.03,2.1,2.09,1.99,1.89,1.88,1.89,1.95,2.01,2.1,2.07,2.15,2.38,2.48,1.64,1.25,1.39,1.23,1.54,1.47,1.68,1.65,1.58,1.86,2.01,1.88,1.85,1.83,2.09,1.83,1.79,1.82,1.86,1.93,2.0,1.92,2.06,1.95,1.91,2.09,2.37,2.53,2.34,1.84,2.05,1.97,1.95,2.03,2.19,1.94,2.14,1.97,1.81,1.79,1.8,1.67
600654.SH,4.03,3.37,3.62,3.78,3.87,4.12,3.81,3.28,3.61,3.0,2.96,2.92,3.11,3.21,3.41,3.17,3.22,3.92,2.62,2.68,2.21,2.44,2.23,2.27,2.45,2.78,2.42,2.24,2.49,2.44,2.29,2.06,2.0,2.29,2.21,2.59,2.79,2.59,2.45,2.61,2.67,2.85,2.47,2.43,2.78,2.61,2.21,2.16,1.9,2.21,2.56,2.38,2.58,1.88,1.89,1.9,1.95,1.86,2.08,1.91,1.54
600655.SH,4.94,4.64,5.13,5.05,5.18,5.36,5.47,5.75,6.24,5.78,5.51,5.82,5.63,5.62,5.67,5.61,6.35,6.43,6.0,6.57,5.06,5.37,5.27,5.68,5.99,6.19,6.57,6.18,6.21,6.43,6.46,7.32,7.49,7.6,6.9,7.19,7.92,8.12,7.86,7.99,7.51,7.36,6.53,6.49,7.96,8.29,9.34,9.88,8.95,10.26,10.38,9.71,10.36,9.55,9.85,10.44,10.41,10.0,11.61,14.25,11.99
600657.SH,3.17,3.09,3.36,3.31,3.51,3.85,3.72,4.0,4.01,3.84,3.85,3.93,4.29,4.2,4.98,4.31,4.14,4.85,5.78,4.67,2.96,2.9,3.22,3.42,3.51,3.62,3.46,3.38,3.57,3.92,4.07,3.91,4.55,4.94,4.31,4.27,4.49,4.74,5.5,5.55,5.2,6.71,4.23,4.77,5.41,5.88,6.63,5.54,6.9,8.43,3.93,3.85,3.78,3.26,3.21,3.52,3.45,3.22,3.49,3.7,3.63
600658.SH,5.17,4.68,5.1,5.1,5.55,5.49,6.38,5.49,6.42,5.16,4.64,4.64,4.34,4.13,4.41,4.05,4.35,5.13,5.08,4.68,2.92,3.29,3.42,3.72,3.81,4.05,3.88,3.77,4.42,4.98,4.54,4.59,4.96,6.49,5.66,5.17,5.73,5.28,5.25,5.44,3.95,4.28,3.69,4.44,4.83,4.42,4.18,4.27,4.2,5.08,4.55,4.24,4.19,3.93,4.15,4.25,4.36,3.73,4.21,4.1,4.23
600661.SH,10.22,9.77,10.3,10.92,10.31,10.87,10.7,10.11,10.91,11.37,10.86,10.31,10.46,10.26,10.69,10.93,12.16,13.31,13.65,14.59,11.29,10.01,11.5,11.97,11.07,10.8,12.26,7.58,10.52,10.31,8.8,8.32,8.72,9.45,9.52,10.21,9.61,10.56,10.67,11.63,11.01,10.21,8.9,7.42,9.3,8.91,9.73,9.45,8.47,9.51,10.82,8.04,9.95,9.77,10.86,9.58,10.25,9.05,12.18,14.58,14.6
600662.SH,5.04,5.14,5.72,6.02,5.04,5.26,5.34,5.3,5.43,5.71,5.11,5.09,5.09,5.42,5.36,5.18,4.88,5.37,5.16,5.41,3.88,4.48,4.03,4.42,4.84,4.67,4.69,4.33,4.89,5.21,5.12,5.4,5.58,6.16,5.79,5.97,6.45,6.3,6.14,6.03,5.87,5.52,5.04,5.25,5.73,6.27,6.61,6.32,5.6,5.87,6.84,6.86,7.3,7.3,8.06,7.69,8.19,7.89,8.72,9.19,9.3
600663.SH,8.5,7.79,8.21,7.93,8.06,8.18,8.52,8.69,8.59,8.72,8.83,9.29,8.81,8.86,8.95,8.86,9.67,10.53,10.85,11.6,7.74,8.64,9.16,10.09,9.26,8.69,9.14,8.57,8.78,8.99,9.27,9.45,10.0,10.89,9.95,10.11,10.09,10.13,10.23,10.21,9.83,10.01,9.32,9.6,9.97,9.78,10.27,10.86,10.64,11.75,11.13,10.59,10.97,10.61,10.67,11.48,11.52,11.61,13.53,11.7,10.77
600664.SH,3.62,3.59,3.53,3.46,3.51,3.62,3.68,3.6,3.74,4.04,3.77,3.91,3.68,3.79,3.59,3.78,3.91,3.99,3.94,3.99,3.12,3.17,2.67,2.86,3.16,3.0,2.89,2.79,3.39,3.68,3.61,3.46,3.24,3.31,3.3,3.59,3.43,3.11,3.27,3.19,3.31,3.0,2.78,2.64,2.79,2.88,2.97,2.96,2.92,3.43,3.16,3.1,3.65,3.18,3.17,3.53,3.19,3.1,2.96,2.93,2.98
600665.SH,3.57,3.36,3.5,3.44,3.24,3.69,3.52,3.25,3.36,3.25,3.33,3.16,2.93,2.88,3.12,2.81,3.11,3.5,3.32,3.18,2.38,2.3,2.33,2.58,2.61,2.82,2.69,3.05,3.8,3.98,3.88,3.8,4.24,4.89,4.05,3.54,3.85,3.8,4.06,3.82,3.69,4.02,3.0,3.15,3.31,3.26,3.39,3.43,4.07,4.54,3.52,3.27,3.21,2.81,2.73,3.26,3.12,2.71,3.05,3.09,2.98
600666.SH,5.76,6.27,3.87,3.43,3.39,3.55,3.68,3.41,3.9,4.04,3.29,2.65,2.71,2.85,2.82,2.25,2.51,2.68,2.23,1.89,1.4,1.3,1.33,1.13,1.5,1.58,1.43,1.76,2.14,2.16,2.31,2.01,2.06,2.19,2.4,2.48,2.72,2.96,2.64,2.36,2.51,2.6,2.02,1.95,1.61,1.58,1.27,1.23,1.2,1.43,1.52,1.39,1.68,1.74,1.59,1.69,1.86,1.91,2.18,1.56,1.4
600667.SH,10.16,9.17,10.7,10.1,8.3,8.14,9.54,8.95,7.17,6.59,6.62,6.31,6.5,6.86,7.4,6.89,6.67,7.73,7.45,7.0,5.22,5.71,5.7,5.98,6.46,6.85,6.38,5.58,6.97,7.68,6.44,6.55,6.84,7.22,7.14,7.06,6.52,6.59,5.75,5.51,5.23,5.68,5.6,5.49,6.23,7.31,7.38,7.14,6.8,7.22,8.06,7.38,8.14,8.47,8.1,8.26,8.77,9.44,8.73,8.08,7.72
600668.SH,10.21,10.55,11.18,10.89,11.3,11.64,11.93,11.75,12.32,12.37,14.37,14.27,12.48,10.91,10.03,10.04,9.91,10.88,10.05,10.54,8.18,8.78,8.06,8.6,9.01,9.24,9.44,9.66,11.09,11.28,11.27,11.24,11.29,12.05,11.6,11.67,12.43,12.45,13.44,13.13,12.86,12.5,11.47,10.95,12.17,12.72,14.93,13.55,13.76,19.8,17.27,17.5,20.11,12.8,11.29,12.39,12.53,10.94,12.02,12.42,12.26
600671.SH,19.7,21.96,21.06,18.55,17.39,17.23,19.15,18.35,19.44,15.36,13.57,13.34,13.97,11.3,10.41,9.65,8.73,9.33,9.8,7.58,6.55,6.52,7.57,8.15,8.51,9.13,8.95,10.7,11.62,11.49,10.19,9.63,9.81,9.08,7.9,7.44,7.77,8.46,9.45,8.93,9.2,8.01,7.61,7.85,8.61,8.12,7.54,7.86,7.75,9.51,9.0,9.0,9.43,8.63,8.29,9.13,9.0,9.55,8.56,8.46,8.28
600673.SH,38.94,31.4,40.0,26.46,23.41,21.31,20.83,23.16,24.19,14.4,12.67,9.75,10.2,9.95,11.01,10.75,11.29,9.09,8.0,8.12,6.55,6.58,7.05,8.22,9.08,8.69,7.43,6.26,7.05,6.64,7.02,6.53,6.75,7.2,7.19,7.15,7.81,8.96,9.32,9.67,8.66,9.26,9.19,8.69,10.16,11.37,9.1,7.25,6.4,7.26,8.61,7.58,8.77,10.14,11.04,8.41,8.44,5.81,4.51,4.56,4.67
600674.SH,15.28,14.75,14.79,13.79,13.99,14.61,14.86,14.5,14.65,15.54,16.35,16.64,16.98,16.2,14.85,15.53,16.68,17.05,17.09,18.32,17.72,19.11,19.2,18.07,16.65,16.45,15.79,15.47,15.16,14.23,14.75,14.84,14.81,14.65,15.04,14.59,14.71,13.21,13.1,12.59,12.22,11.85,11.07,12.15,13.31,12.78,12.22,11.87,11.29,10.82,12.1,11.4,12.21,11.83,13.11,13.44,11.58,10.99,12.33,11.81,11.28
600676.SH,7.95,7.6,8.03,7.63,5.94,6.06,6.46,6.39,6.04,5.22,4.72,5.51,4.22,4.07,4.32,4.29,4.44,5.11,4.13,4.07,3.24,4.53,2.83,3.14,3.59,3.92,3.58,3.68,4.57,4.52,4.28,4.24,4.23,4.5,4.39,4.01,4.05,4.25,4.08,4.07,3.88,3.86,3.59,3.55,3.93,4.22,4.19,4.51,3.93,4.7,4.38,4.23,4.38,4.06,4.01,4.22,4.24,4.08,4.09,4.44,4.48
600681.SH,4.09,4.38,4.33,4.13,4.37,4.32,4.64,3.83,3.87,3.65,3.5,3.4,3.55,3.43,3.32,3.31,3.4,3.74,3.51,3.85,3.23,3.43,3.38,3.72,3.85,3.76,3.79,3.63,3.97,4.17,4.25,4.54,4.41,4.78,4.64,4.42,4.44,4.34,4.41,4.44,4.31,4.52,4.25,4.46,4.74,4.77,4.44,4.57,4.36,5.19,5.43,5.17,5.61,5.57,4.88,5.92,5.37,4.57,4.62,4.91,4.9
600682.SH,6.8,7.1,7.15,6.95,8.93,7.82,7.5,7.28,8.28,7.55,6.73,6.96,6.49,6.48,6.54,6.5,6.91,7.88,6.41,7.13,5.21,5.14,5.06,6.25,5.84,6.02,6.35,6.01,7.66,7.93,7.7,8.04,7.99,8.83,8.04,8.14,8.22,9.07,9.5,9.24,9.18,8.95,8.53,8.22,9.06,9.99,10.0,9.32,9.3,10.7,11.23,10.55,11.77,12.37,10.75,10.3,10.26,9.06,10.61,11.61,10.48
600683.SH,14.97,9.62,6.86,4.95,4.27,4.67,5.16,4.08,4.06,4.08,3.81,3.9,3.77,3.78,3.94,3.81,4.18,4.67,4.38,4.91,3.44,3.76,3.86,4.04,4.48,5.05,4.07,4.05,4.79,5.31,5.44,5.82,7.87,6.62,6.15,4.76,4.74,4.58,5.12,5.13,4.71,5.36,4.48,4.95,5.3,4.35,4.58,4.86,4.36,6.27,4.95,4.73,5.41,5.71,6.18,6.07,4.05,3.36,3.73,4.21,4.23
600685.SH,32.13,28.68,37.22,30.85,29.99,29.37,27.9,27.19,29.98,27.29,28.01,24.92,24.06,23.46,22.54,23.32,22.98,25.07,25.28,28.0,23.62,29.66,27.97,27.89,25.85,26.38,26.7,23.53,26.04,23.74,22.3,24.9,24.46,26.84,30.16,29.5,27.25,24.34,23.52,23.42,21.57,23.88,26.71,21.19,20.88,21.9,16.44,16.77,15.16,16.85,20.36,19.17,23.91,19.76,19.17,20.82,21.78,20.86,20.15,21.04,20.6
600688.SH,3.09,2.91,3.49,3.02,2.75,2.75,2.76,2.74,2.85,2.85,2.86,2.8,2.89,3.38,3.15,2.92,2.93,3.12,2.97,3.07,2.61,2.73,2.64,2.68,2.91,2.7,2.78,2.61,2.87,2.93,3.01,3.05,3.05,3.27,3.14,3.17,3.47,3.34,3.28,3.27,3.14,3.27,3.11,2.98,3.1,3.08,3.14,3.31,3.12,3.54,4.03,4.03,4.19,4.58,3.88,4.37,3.4,3.25,3.72,3.7,3.74
600689.SH,13.41,13.17,14.16,13.54,13.58,15.21,15.3,14.0,13.39,12.24,12.23,12.05,11.53,11.43,12.17,10.44,10.45,10.71,9.0,8.7,6.62,7.74,6.74,7.36,8.44,9.43,8.67,10.55,11.62,11.52,10.49,9.95,10.07,10.94,9.45,8.76,8.67,8.93,9.39,9.04,8.96,8.51,7.97,7.83,8.58,8.8,9.59,8.99,8.76,7.79,7.95,7.07,7.41,6.93,6.4,6.94,6.69,6.22,6.64,7.17,7.15
600690.SH,21.58,21.79,25.32,25.0,26.32,27.47,26.72,25.44,25.95,24.9,24.76,24.73,25.12,26.95,25.93,26.61,28.2,28.65,29.39,33.12,24.42,26.8,28.39,30.48,31.71,25.62,24.4,22.51,20.79,21.45,22.28,23.37,24.25,24.57,23.3,21.46,23.5,22.28,26.17,25.76,24.37,24.49,21.45,24.81,26.21,24.33,27.0,25.46,26.49,23.75,25.71,27.77,29.4,27.71,27.58,26.7,28.96,25.9,26.93,29.95,32.95
600691.SH,3.34,3.28,3.41,3.01,2.76,3.12,2.9,3.04,2.58,2.44,2.44,2.11,2.1,2.1,2.11,2.13,2.15,2.51,2.33,2.43,1.55,1.58,1.74,2.09,2.46,2.46,2.59,2.58,3.26,3.26,3.29,3.1,3.09,3.38,3.14,3.1,3.27,3.37,3.73,3.35,3.19,3.34,3.12,3.48,3.83,3.94,4.05,3.99,3.81,4.61,4.59,4.52,5.13,5.6,4.54,5.66,4.55,3.7,3.3,3.07,3.01
600692.SH,8.05,8.32,8.01,7.75,6.96,8.02,8.49,7.76,9.07,7.74,7.2,6.91,7.1,7.94,7.69,8.8,9.14,9.49,6.36,6.48,5.07,7.66,5.54,5.11,5.17,5.58,6.0,6.36,6.29,6.35,5.94,5.62,6.0,6.35,5.66,5.52,5.74,6.25,6.36,6.23,5.9,6.25,5.35,5.52,6.15,6.13,6.06,6.46,5.77,7.72,6.68,6.26,6.01,5.74,5.5,5.91,5.91,5.7,5.89,6.33,6.44
600693.SH,11.18,11.13,13.21,15.13,18.39,10.34,6.18,5.81,6.67,5.78,5.96,6.31,6.54,6.0,7.11,5.9,7.7,4.03,3.46,3.56,2.85,2.94,2.87,3.17,3.43,3.55,3.43,3.54,4.07,4.28,3.9,3.96,4.01,4.31,3.94,3.92,4.04,4.3,4.27,4.33,4.78,4.27,3.79,3.94,4.28,4.09,4.43,4.55,4.36,4.05,3.85,3.82,4.11,4.0,3.88,3.95,4.05,4.04,4.17,4.29,4.2
600694.SH,18.29,16.61,17.76,17.78,17.99,17.59,17.62,17.67,19.35,19.4,18.71,24.05,25.74,24.42,25.45,24.57,26.01,21.5,18.23,19.69,15.68,15.91,17.34,19.98,21.33,17.31,15.96,15.81,17.13,17.46,17.1,17.67,17.98,19.66,18.0,19.32,20.52,18.65,18.41,17.75,17.97,17.32,15.9,16.28,17.63,17.33,17.92,17.89,21.07,19.77,20.22,19.85,20.08,18.93,19.67,19.39,19.63,18.85,20.86,21.37,22.16
600696.SH,,1.62,1.99,2.07,2.76,4.78,5.82,5.72,6.77,5.74,6.65,7.39,6.25,9.35,12.32,8.45,12.38,16.46,16.2,10.4,7.58,6.86,6.64,9.14,11.57,13.9,13.5,13.1,17.98,23.0,23.78,22.81,24.77,25.95,24.83,26.25,26.92,26.73,27.4,25.65,24.83,23.97,24.05,22.89,27.23,26.31,28.03,28.1,26.88,27.18,31.49,29.5,35.8,30.3,31.3,28.6,34.65,40.93,41.45,29.84,19.95
600697.SH,12.7,12.08,13.14,13.63,13.24,13.71,13.44,12.68,12.88,12.41,12.1,12.25,12.0,11.03,10.87,11.15,13.37,12.97,12.06,11.66,9.55,10.02,10.2,10.74,11.29,11.79,10.69,10.97,12.76,13.12,12.68,12.79,13.1,13.66,12.68,12.51,12.75,13.01,13.84,12.92,13.75,13.37,12.15,11.83,12.81,12.51,13.48,13.8,13.48,13.13,14.26,12.2,12.7,11.95,11.86,12.33,12.49,12.42,13.67,13.79,13.08
600698.SH,7.37,7.65,8.82,8.09,9.13,9.46,10.04,9.74,12.65,10.23,9.53,6.81,5.85,6.46,5.97,5.12,4.85,5.3,5.63,5.14,3.37,3.51,3.41,3.73,4.2,4.79,4.34,4.42,5.61,6.02,4.73,4.36,4.57,4.8,4.7,4.44,4.76,4.64,5.07,5.28,4.76,5.24,4.51,4.36,4.75,5.13,4.95,5.88,3.75,5.25,4.96,4.4,5.17,3.31,2.9,3.27,3.01,2.98,3.43,3.33,2.45
600699.SH,29.73,25.2,27.37,27.21,31.27,27.4,30.94,34.24,20.94,18.13,17.41,17.62,16.8,17.67,18.47,17.88,15.17,16.14,16.11,18.47,13.87,15.33,14.94,15.65,18.0,17.59,16.74,14.45,17.62,19.44,18.95,18.24,18.35,18.62,17.88,15.55,15.47,15.33,15.78,16.35,14.36,14.95,15.85,12.89,15.31,22.01,16.58,12.34,10.99,14.14,18.28,16.44,21.68,22.35,18.96,17.49,19.7,25.16,26.29,17.75,16.64
600702.SH,43.85,45.68,51.03,57.45,56.84,62.45,62.1,59.44,69.35,52.02,50.42,51.27,57.84,55.68,54.97,52.9,62.2,78.24,65.73,65.86,42.08,54.02,56.67,71.15,78.36,80.4,81.89,80.5,92.8,100.0,116.24,124.31,140.0,150.29,129.42,152.75,174.0,195.92,200.15,181.4,156.27,158.38,128.59,129.32,163.41,165.55,201.92,168.88,147.91,163.75,200.98,185.79,229.18,237.2,180.05,218.52,194.7,199.0,229.95,212.91,133.39
600703.SH,14.68,11.85,16.26,15.73,14.38,13.29,13.8,16.24,15.11,12.68,12.35,12.13,12.38,11.99,12.32,11.74,11.72,13.06,13.25,13.71,10.15,11.96,11.84,12.3,12.59,12.46,13.68,11.4,13.71,13.84,14.97,15.37,15.65,16.89,17.38,19.18,17.71,21.86,19.26,19.55,17.4,18.4,18.09,16.91,23.56,22.47,24.76,20.79,18.3,23.99,28.85,28.28,37.47,33.72,33.74,34.09,33.89,41.0,30.52,28.03,24.5
600704.SH,5.13,5.23,5.84,5.59,5.74,5.45,5.82,6.12,5.82,5.43,5.31,5.19,5.22,5.17,5.05,4.73,4.9,5.52,5.08,5.35,4.21,4.33,4.41,4.76,4.8,4.54,4.56,4.26,4.42,4.65,4.6,4.65,4.7,5.13,4.99,5.15,5.6,4.92,4.91,4.91,4.75,4.73,4.33,4.07,4.6,4.77,5.09,5.08,4.96,5.39,5.71,5.52,6.06,6.11,6.27,6.78,6.09,5.98,7.42,7.35,4.6
600706.SH,9.43,9.8,10.29,10.52,10.75,11.02,10.36,10.27,11.4,10.51,10.22,9.22,9.13,10.13,10.08,9.07,9.87,10.61,9.59,10.25,8.5,9.13,9.71,10.78,11.79,15.89,12.93,11.94,15.26,15.55,14.24,15.01,16.12,17.77,18.47,15.94,16.16,13.62,11.45,11.33,12.65,10.01,8.71,8.13,9.67,9.93,11.67,10.97,10.08,15.58,10.95,9.51,7.49,6.68,6.23,6.89,7.26,6.08,7.02,6.81,6.6
600707.SH,8.22,5.66,7.0,6.46,6.41,5.66,5.91,6.0,6.39,6.17,6.44,6.17,6.88,7.56,7.78,8.51,8.06,7.14,7.24,8.02,6.54,6.45,6.96,7.01,8.18,8.09,7.23,5.82,6.71,5.94,5.88,6.1,6.11,6.44,4.93,4.66,4.53,5.07,5.15,4.66,4.23,4.51,4.15,3.66,4.35,4.49,4.71,4.4,4.22,5.77,6.11,5.96,6.95,7.12,7.03,8.14,8.16,8.62,8.98,10.59,10.6
600710.SH,12.23,12.89,13.82,11.36,10.77,10.7,11.43,10.35,10.31,10.76,9.5,9.47,9.5,10.03,9.83,9.01,9.28,8.96,9.15,9.52,8.12,8.0,8.24,8.28,8.49,8.09,8.0,7.22,7.17,7.49,7.36,7.45,7.75,8.19,9.11,7.35,7.22,6.52,6.36,6.23,5.96,6.29,6.13,5.48,6.58,6.2,6.08,6.1,5.46,5.93,6.1,5.93,6.68,6.46,6.45,6.7,7.0,6.97,6.39,6.5,5.89
600711.SH,14.07,13.54,16.81,14.54,15.14,12.58,10.66,11.35,9.19,7.91,6.59,5.45,5.45,5.63,4.88,4.86,4.87,4.86,5.07,4.43,3.76,4.52,4.03,3.64,4.89,4.49,3.94,3.63,4.33,4.43,4.56,4.63,4.71,5.28,4.93,4.77,5.37,5.77,6.28,6.61,5.96,6.16,5.74,6.3,7.15,7.99,7.75,7.37,7.24,8.52,10.62,9.18,10.44,11.28,9.97,11.33,11.57,9.3,6.91,8.14,7.7
600712.SH,6.32,6.26,6.3,6.53,6.84,7.12,7.37,6.71,8.1,6.72,5.76,6.23,5.45,5.23,5.72,5.65,7.45,6.99,5.66,4.4,3.4,3.45,3.38,3.56,3.92,4.21,3.8,4.01,5.13,4.67,4.37,4.07,4.08,4.42,3.75,3.77,3.94,3.99,4.07,4.11,4.78,4.17,3.76,3.59,3.98,3.89,4.13,4.48,4.07,4.62,4.15,3.86,4.01,3.61,3.53,3.86,3.82,3.81,4.08,4.55,4.06
600713.SH,5.3,5.41,5.46,5.41,5.52,5.09,5.09,4.96,5.0,5.29,5.1,5.24,5.14,5.12,4.84,4.86,4.85,5.25,4.97,5.24,4.24,4.36,4.33,4.67,4.91,4.64,4.51,4.33,4.89,5.23,5.1,5.12,5.01,5.42,5.42,5.67,6.23,5.18,5.47,5.32,5.27,5.5,5.22,4.85,5.27,4.89,4.84,4.73,4.72,5.47,4.63,4.54,5.06,4.5,4.34,4.62,4.49,4.38,4.97,5.79,4.55
600714.SH,21.66,17.56,19.76,14.92,12.34,12.24,11.96,12.25,12.79,11.79,12.22,10.22,10.84,10.89,10.62,10.38,9.24,9.97,9.19,8.81,7.06,7.39,7.38,7.95,7.62,7.56,7.15,7.23,9.67,9.18,9.24,8.83,8.9,9.37,9.28,8.57,8.77,9.4,10.23,10.67,8.91,9.85,8.79,9.24,10.51,11.66,12.22,13.0,12.66,13.8,15.99,12.94,13.1,12.14,10.25,11.14,12.76,9.46,7.43,7.15,6.04
600715.SH,2.06,2.03,2.21,2.2,2.2,2.53,2.6,2.62,2.93,2.29,2.3,2.33,2.5,2.13,2.01,2.08,2.18,2.28,2.16,1.98,1.78,1.54,1.52,1.69,1.71,3.02,1.94,1.76,2.64,2.29,2.11,2.1,2.19,2.35,2.24,2.43,2.73,2.54,2.29,2.31,2.45,2.31,2.11,2.04,2.37,2.25,2.45,2.33,2.02,2.68,2.85,3.18,3.43,2.72,2.64,3.06,3.28,3.0,3.12,3.73,2.93
600716.SH,4.35,4.55,4.66,4.19,3.87,3.92,4.1,3.71,3.95,3.84,3.69,3.61,3.39,3.26,3.34,3.29,3.66,4.2,3.34,3.72,2.53,2.67,2.7,2.84,3.06,3.14,3.08,3.33,3.7,4.0,3.63,3.56,3.8,4.36,3.78,3.66,3.79,3.82,4.11,4.18,3.93,4.26,3.79,3.98,5.04,4.79,4.57,5.39,4.76,5.9,4.57,4.63,4.13,3.94,3.89,4.12,3.95,3.85,4.06,4.61,3.99
600717.SH,4.74,4.6,4.8,4.69,4.49,4.57,4.82,4.69,5.05,4.64,4.59,4.56,4.46,4.76,4.56,4.6,4.7,5.06,4.78,5.14,4.34,4.88,4.32,4.38,4.56,4.37,4.25,4.07,4.16,4.27,4.24,4.37,4.4,4.73,4.45,4.58,5.07,4.09,4.26,4.21,4.1,4.17,3.97,4.02,4.13,4.06,3.99,4.24,4.01,4.51,4.48,4.23,4.25,3.94,4.0,4.31,4.01,3.77,3.9,4.75,4.75
600718.SH,9.05,9.11,9.99,10.27,10.19,10.37,10.63,11.33,10.77,9.97,9.64,9.73,10.27,11.28,11.11,9.82,9.69,10.62,10.56,11.17,8.22,8.26,8.26,7.96,8.48,8.65,8.65,7.53,9.2,9.92,9.56,9.73,10.05,10.37,10.53,10.82,11.54,12.33,11.35,10.63,10.43,11.09,11.21,9.37,10.45,11.45,11.2,10.0,8.98,11.98,12.95,13.76,13.86,11.21,9.48,9.54,9.88,9.37,9.67,9.92,9.26
600720.SH,6.66,7.09,7.34,7.2,7.28,7.49,7.69,7.64,7.76,8.15,7.72,7.95,7.86,8.57,8.73,8.4,8.67,9.52,9.57,10.3,8.3,9.16,9.04,9.56,11.0,10.14,9.8,8.86,10.03,10.49,10.68,11.17,11.21,11.87,11.72,11.04,11.36,10.67,12.11,10.64,9.93,11.15,9.86,10.36,11.74,11.21,12.38,13.63,11.77,10.6,10.97,10.61,10.56,9.84,9.74,10.78,11.24,10.34,10.85,12.47,13.28
600721.SH,8.49,11.2,8.95,9.08,11.02,10.05,9.08,9.44,9.85,8.32,7.35,7.96,6.92,7.8,6.54,6.66,6.5,7.35,7.24,7.89,5.88,6.51,5.93,5.65,6.21,6.33,5.77,5.79,7.66,8.75,8.48,8.04,7.18,7.35,6.68,6.56,6.47,6.2,6.29,6.47,6.33,6.95,6.99,6.35,6.26,6.37,6.78,7.89,7.48,9.05,8.66,7.37,7.74,9.01,6.73,5.45,5.05,4.43,4.83,4.03,3.88
600722.SH,14.1,14.35,10.32,7.86,6.04,6.39,6.52,6.67,7.26,6.0,6.36,5.06,5.18,5.31,5.46,5.76,4.64,5.59,4.64,4.68,3.71,3.8,3.89,4.18,4.74,4.23,3.98,3.89,5.08,4.88,4.8,4.7,4.79,5.16,4.98,4.69,4.88,5.12,5.24,5.19,4.93,5.21,4.94,4.89,5.11,5.37,5.52,5.85,5.29,6.26,6.39,5.98,6.72,6.13,5.89,6.78,6.05,6.29,6.07,6.85,5.72
600724.SH,7.09,6.66,6.6,6.68,5.62,5.32,5.36,4.95,4.8,4.65,4.54,4.59,4.63,4.76,5.09,5.05,6.21,5.31,5.37,4.15,3.43,3.66,3.7,4.08,4.42,4.31,3.94,3.76,4.01,4.03,3.74,3.76,3.98,4.24,3.74,3.7,3.93,3.89,4.12,3.93,3.69,3.82,3.4,3.48,3.92,4.01,4.22,4.39,4.6,4.58,4.2,3.66,3.74,3.52,3.3,3.69,3.54,3.33,3.54,3.64,3.67
600726.SH,6.92,5.91,2.71,2.52,2.39,2.58,2.58,2.47,2.51,2.54,2.57,2.37,2.48,2.32,2.18,2.18,2.24,2.37,2.38,2.42,2.01,2.17,2.04,2.15,2.28,2.04,2.05,2.05,2.2,2.26,2.23,2.26,2.38,2.65,2.76,2.8,2.72,2.66,2.54,2.61,2.75,2.81,2.54,2.36,2.61,2.39,2.38,2.57,2.62,2.46,2.54,2.44,3.07,2.7,3.08,2.81,2.35,2.27,2.44,2.69,2.17
600727.SH,8.23,7.47,8.16,7.11,6.89,7.14,7.44,7.53,7.87,8.06,7.87,7.51,7.54,8.15,7.6,7.3,7.24,8.05,7.82,8.03,6.44,7.13,6.65,6.92,8.58,5.75,5.19,5.37,6.66,6.35,6.45,6.06,5.95,6.15,5.78,5.9,6.0,6.54,7.02,7.09,6.71,7.05,6.68,6.51,7.37,7.8,8.19,8.31,7.94,9.51,10.32,9.74,10.52,11.12,11.12,12.12,13.42,9.28,7.79,8.31,7.3
600728.SH,5.49,5.68,6.57,6.7,6.73,6.5,6.99,7.37,7.25,5.78,5.41,5.33,5.48,5.08,5.2,4.77,4.52,5.26,4.59,5.12,3.77,3.93,3.73,3.94,4.54,5.2,5.33,4.49,5.66,5.85,5.68,5.73,5.57,5.87,6.79,7.27,7.65,7.55,6.45,5.92,5.43,5.83,5.7,5.48,6.13,6.46,6.44,6.15,5.96,7.4,8.53,8.92,9.02,8.06,7.8,8.61,7.57,7.68,7.28,6.61,6.29
600729.SH,21.4,22.08,23.45,23.82,26.02,27.38,27.39,26.52,29.34,29.13,29.28,30.17,31.29,29.7,28.33,28.5,30.51,29.47,22.02,26.08,17.13,18.69,23.18,26.92,26.45,26.75,29.84,29.04,27.29,27.45,27.71,32.12,33.06,35.58,31.2,29.3,31.0,26.7,26.0,24.33,22.76,22.26,20.35,20.51,23.4,22.09,21.75,21.72,28.5,26.57,26.18,27.73,27.12,25.58,22.98,24.24,24.66,25.97,27.23,28.65,32.43
600730.SH,9.42,9.23,10.03,9.9,11.75,13.0,10.18,8.39,10.35,8.52,6.29,6.33,6.34,6.5,6.66,6.37,6.01,6.85,5.92,5.62,4.4,4.31,4.0,4.48,4.85,5.04,5.03,4.94,5.7,6.37,5.51,5.8,5.9,6.22,6.26,6.81,6.21,6.3,6.58,7.11,6.4,6.9,6.11,4.96,5.43,5.66,5.73,5.82,5.07,6.39,5.8,5.26,5.83,5.72,5.52,6.02,6.17,4.43,4.22,4.59,4.7
600731.SH,6.94,7.29,7.79,7.3,6.84,7.05,7.63,7.18,7.5,7.84,7.22,6.7,6.68,6.42,6.09,5.92,5.72,6.27,6.33,5.86,4.65,4.42,4.67,5.05,5.89,6.08,5.74,5.5,6.68,6.54,6.51,6.57,6.75,7.87,7.78,7.91,8.44,8.79,9.67,8.56,7.57,7.74,7.85,6.9,8.0,8.46,7.22,7.11,6.61,7.66,7.87,7.45,8.66,9.08,7.45,7.83,7.92,7.67,7.64,7.69,8.9
600732.SH,14.97,14.47,14.18,13.37,13.34,13.55,16.2,16.74,15.34,14.64,13.11,10.78,10.89,12.14,13.49,11.25,10.67,15.77,12.42,11.02,7.84,9.15,9.05,11.51,11.98,14.05,15.25,15.18,17.25,15.9,19.41,21.94,21.97,25.37,29.33,34.1,32.0,33.58,35.44,38.2,37.48,42.18,36.35,36.03,35.7,37.91,34.1,23.69,14.41,14.76,20.11,18.81,21.51,22.38,18.88,14.71,15.39,13.71,13.45,11.72,11.37
600733.SH,7.15,7.3,8.01,7.77,8.05,7.79,8.46,7.99,8.84,8.8,7.35,7.15,7.55,8.71,7.99,8.17,7.78,9.26,7.75,8.38,6.61,9.58,8.86,7.18,6.83,8.18,6.38,4.33,6.07,6.39,7.15,5.59,5.16,5.98,5.64,5.83,5.46,6.09,6.43,6.79,5.99,6.45,6.18,6.12,7.59,8.24,9.27,7.71,6.87,7.55,9.13,8.62,10.39,12.01,13.13,14.88,12.35,12.11,12.98,16.9,14.96
600734.SH,2.12,3.84,4.34,4.32,4.62,5.59,3.64,3.68,4.01,3.97,4.14,3.92,4.2,4.56,4.43,4.07,3.57,4.27,3.1,3.42,2.84,2.76,2.53,3.22,3.48,3.29,2.91,3.37,3.64,3.74,3.69,3.75,3.98,4.03,3.95,4.0,4.24,3.99,4.41,4.55,3.86,4.48,4.63,4.55,5.08,5.09,4.4,5.13,5.57,4.36,2.1,3.17,3.17,3.14,2.62,2.68,2.37,2.54,2.59,2.07,1.92
600736.SH,8.77,6.14,6.81,6.81,6.97,5.76,6.01,6.01,5.61,5.47,5.35,5.37,5.41,5.67,5.87,5.28,5.97,6.3,5.65,5.13,4.03,4.26,4.29,4.6,4.77,4.72,4.31,4.3,4.78,4.89,4.79,4.81,4.94,5.55,5.15,4.74,4.95,5.02,5.22,5.0,4.74,5.05,4.39,4.64,5.33,5.26,5.19,5.33,5.24,6.57,4.66,4.57,4.66,4.39,4.32,4.29,4.36,4.23,4.72,4.6,4.41
600737.SH,15.78,14.2,15.97,16.77,17.16,17.74,16.01,15.97,17.79,9.74,9.51,9.35,9.32,9.67,9.36,9.42,10.01,10.02,9.78,10.78,8.15,8.66,9.81,10.14,10.22,9.91,9.14,8.27,8.32,8.62,8.62,8.28,8.64,8.26,8.07,8.13,8.73,8.06,7.41,7.31,6.98,7.18,6.73,7.1,7.63,7.4,7.54,8.3,7.4,8.5,8.46,8.39,9.55,9.57,9.66,9.6,9.47,8.82,9.86,10.07,9.9
600738.SH,4.76,4.8,5.09,5.36,5.13,5.1,5.43,4.94,5.24,5.33,5.95,5.43,4.92,4.87,5.08,4.47,5.09,5.73,4.29,4.46,3.6,3.76,3.75,4.02,4.29,4.35,4.25,4.32,5.38,6.2,5.42,5.48,5.76,5.82,5.36,5.3,5.62,7.42,6.8,7.0,7.32,6.62,6.66,6.03,6.95,6.3,7.1,7.0,6.32,5.62,5.9,5.97,6.32,5.93,6.18,5.51,5.6,6.52,6.17,9.38,6.67
600739.SH,12.08,11.47,12.17,12.03,11.45,11.8,12.77,12.45,12.92,11.83,10.97,10.64,10.21,10.69,10.7,9.73,10.02,11.64,11.31,12.74,7.78,8.47,8.5,9.59,10.45,10.33,11.01,10.24,11.73,12.73,12.32,12.67,12.85,14.47,13.32,13.23,13.1,13.16,13.57,13.41,12.68,13.34,12.73,12.22,13.25,13.6,14.6,13.87,13.19,16.0,16.54,17.14,19.31,18.68,20.18,25.56,23.78,19.99,20.7,21.23,22.5
600740.SH,4.3,4.35,4.96,4.42,3.78,4.01,4.34,4.07,3.95,3.93,3.7,3.53,3.53,3.83,3.74,3.8,3.89,4.28,4.16,4.53,3.65,3.6,4.01,4.38,4.62,4.8,4.98,4.63,5.1,5.25,5.02,5.2,5.12,5.28,5.17,5.01,5.4,5.57,5.83,5.78,5.46,5.8,5.49,6.08,6.4,6.33,5.87,6.02,5.57,6.24,6.12,5.35,6.35,6.25,6.96,8.31,7.49,4.84,4.93,5.15,6.76
600741.SH,18.49,19.82,19.35,18.37,20.16,19.57,20.15,21.28,19.56,17.6,17.76,17.93,17.76,18.17,17.64,16.43,17.18,17.14,15.2,18.39,14.85,15.28,16.08,16.15,16.66,17.64,17.5,16.16,16.12,17.27,17.58,18.87,19.19,19.27,18.67,17.21,16.75,16.86,19.06,18.6,17.13,18.61,17.35,16.06,18.44,21.6,22.65,23.2,20.23,20.47,25.43,28.5,28.99,25.55,26.0,23.53,23.77,20.87,25.83,24.03,26.38
600742.SH,9.41,10.26,11.03,9.49,9.82,9.74,9.79,10.05,10.35,10.22,9.5,10.03,9.44,9.06,9.16,8.6,8.79,9.55,8.77,9.26,7.34,7.95,7.62,8.24,9.09,9.14,8.43,7.76,9.44,11.64,9.26,9.36,8.79,8.77,8.25,8.06,8.07,8.75,9.33,9.24,8.49,9.2,8.71,7.84,9.09,10.08,9.3,9.26,8.26,9.69,11.28,10.89,12.07,14.19,11.54,9.26,9.18,9.32,9.99,9.77,9.99
600743.SH,2.54,1.9,1.92,1.87,1.99,2.15,2.13,2.09,2.12,2.13,2.24,2.19,1.88,1.76,1.95,1.91,2.26,1.96,1.9,1.6,1.18,1.19,1.2,1.33,1.52,1.3,1.26,1.35,1.52,1.64,1.69,1.7,1.98,2.23,1.58,1.54,1.67,1.7,1.86,1.87,1.91,2.18,1.66,1.81,1.91,1.93,2.0,2.01,2.07,2.64,2.11,2.08,2.03,1.84,1.81,1.97,1.92,1.84,1.96,2.08,2.08
600744.SH,9.0,7.57,7.98,6.41,5.99,6.14,6.58,6.41,7.68,6.83,4.96,4.64,4.86,3.38,3.09,2.99,3.05,3.49,3.4,3.52,2.86,3.1,3.37,3.68,3.31,3.04,2.9,2.98,3.31,3.39,3.41,3.32,3.34,3.73,3.61,3.75,4.13,4.14,4.4,4.41,4.26,4.46,4.19,4.08,4.59,4.83,5.13,5.06,4.45,4.71,5.22,5.03,5.87,5.92,5.97,7.34,6.5,8.39,7.54,9.05,5.18
600745.SH,26.71,31.65,32.47,35.46,37.9,40.91,44.22,41.83,42.83,36.53,33.46,32.96,34.95,32.59,35.1,34.32,37.15,37.5,42.5,36.0,25.4,30.13,28.06,30.12,32.37,37.4,40.92,33.26,41.43,48.42,49.56,43.61,45.77,47.78,49.05,51.39,53.39,56.58,54.36,59.93,53.81,56.75,50.95,45.6,62.71,72.38,82.1,63.72,64.41,81.35,118.24,110.18,130.0,126.3,115.9,95.8,117.67,112.1,95.95,87.6,82.95
600746.SH,8.37,9.9,8.35,7.48,6.94,7.11,7.33,7.2,7.63,8.1,7.92,8.07,8.51,8.58,7.33,7.05,6.91,7.37,6.95,7.43,6.04,6.28,6.06,6.66,7.3,6.55,6.16,5.94,7.41,7.31,7.45,6.98,6.61,7.07,6.62,6.78,7.04,8.23,8.76,8.95,8.23,9.02,8.36,8.56,9.97,10.94,11.61,12.77,11.96,13.38,14.29,13.63,13.97,15.02,15.23,18.0,23.56,19.19,14.73,13.5,15.28
600748.SH,5.05,5.1,5.13,5.36,5.79,5.86,6.94,4.99,4.11,3.4,3.08,3.17,3.16,3.23,3.3,3.21,3.48,3.73,3.6,3.42,2.41,2.65,2.54,2.82,3.0,3.25,3.23,3.46,3.45,3.68,3.76,3.79,4.28,5.07,3.96,3.86,3.94,3.63,3.68,3.61,3.43,3.75,2.98,3.13,3.42,3.5,3.69,3.92,3.96,4.74,3.93,3.89,4.11,3.87,3.87,4.15,4.15,4.06,4.63,4.85,4.73
600749.SH,16.02,16.3,15.84,16.4,17.04,17.4,18.97,18.17,24.41,28.2,11.9,11.38,11.13,11.39,11.23,10.57,10.72,11.49,11.26,12.08,10.29,11.05,13.0,11.83,10.96,11.2,10.13,9.52,12.0,12.08,11.76,11.42,12.6,13.56,13.67,13.08,12.63,12.84,12.14,11.84,12.79,12.12,10.48,9.56,11.32,11.74,12.93,12.38,10.39,14.05,12.84,10.87,10.69,10.1,9.2,10.46,10.97,9.1,10.24,10.0,10.21
600750.SH,23.94,26.79,25.16,24.66,23.1,22.67,21.45,22.04,21.93,22.09,21.83,23.55,22.55,22.83,21.71,22.94,23.19,20.51,20.89,24.18,20.67,22.44,23.76,25.95,27.3,24.42,23.28,21.55,21.3,22.24,20.08,19.64,17.9,18.42,20.54,24.28,25.69,19.5,16.68,15.22,14.83,15.43,15.42,14.5,15.61,15.1,13.83,13.18,13.75,13.16,12.44,12.07,14.95,12.31,11.52,12.05,12.17,12.15,14.58,11.81,10.93
600751.SH,3.66,4.05,4.25,3.74,3.8,4.02,4.69,4.53,4.4,3.84,3.61,3.06,2.82,2.84,2.45,2.52,2.56,3.0,2.73,2.73,2.12,2.17,2.26,2.28,2.34,2.37,2.44,2.25,2.64,2.83,2.89,2.8,2.64,2.73,2.44,2.48,2.59,2.83,2.69,2.47,2.35,2.49,2.38,2.27,2.57,2.59,2.78,2.72,2.76,3.08,3.05,3.04,3.03,2.72,2.75,3.22,3.26,3.13,2.75,3.21,2.37
600753.SH,13.69,12.15,10.86,8.53,8.43,8.5,7.62,7.02,6.85,6.67,6.78,6.95,4.89,5.69,5.18,5.33,6.27,7.42,7.32,6.65,5.24,4.92,5.3,6.29,7.4,7.71,7.69,7.38,10.56,11.5,10.24,10.17,11.68,10.86,9.36,9.25,10.19,11.85,13.6,14.57,14.12,13.13,11.29,10.92,12.52,12.88,14.05,12.02,11.62,17.53,14.4,14.4,16.56,19.92,17.08,24.0,34.06,34.55,42.96,41.4,18.62
600754.SH,24.31,29.2,28.1,26.15,24.38,25.98,23.06,22.34,23.04,22.26,22.33,23.04,24.15,26.98,26.17,25.37,27.03,26.78,26.59,30.09,23.74,23.44,23.33,27.82,30.2,28.02,28.73,24.56,29.78,33.49,32.67,35.3,38.97,48.05,45.45,45.88,51.66,64.16,62.9,56.8,57.77,53.98,58.69,56.5,54.57,62.97,61.39,51.55,54.12,51.83,56.2,54.93,59.66,51.95,53.19,47.09,46.29,42.05,56.66,64.0,59.12
600755.SH,6.24,6.36,6.76,6.81,7.03,6.63,6.43,6.24,6.12,6.3,6.07,6.18,6.32,6.43,6.32,6.35,6.41,6.77,6.46,7.8,5.7,6.4,7.25,7.97,7.51,7.3,7.49,6.7,6.94,6.81,6.84,7.78,7.32,7.87,7.77,9.31,9.3,8.74,8.84,7.77,7.25,7.77,6.38,6.34,6.91,6.98,7.46,7.91,7.57,7.81,7.24,7.1,7.36,6.92,6.84,7.87,8.74,7.29,8.05,7.48,6.88
600757.SH,8.63,8.88,9.08,9.02,8.93,9.09,8.89,8.66,9.03,9.48,9.33,9.98,9.76,8.9,8.4,8.87,9.44,8.58,8.32,9.49,8.55,8.16,8.33,7.96,7.73,8.19,7.48,6.9,7.46,8.15,7.63,7.56,8.2,8.58,8.55,10.2,10.49,6.77,5.95,5.84,5.73,5.73,5.04,5.39,5.92,5.21,5.62,5.76,5.29,6.29,5.45,5.27,5.78,5.32,5.16,5.35,5.26,5.09,5.28,5.89,5.7
600758.SH,4.01,4.36,4.07,3.67,3.69,3.89,4.17,3.89,3.82,3.92,3.81,3.74,3.55,3.81,3.63,3.54,3.36,3.69,3.47,3.5,2.76,2.91,2.95,3.28,3.35,3.21,3.22,3.11,3.71,3.97,3.95,4.15,4.1,4.74,4.68,4.35,4.48,4.12,4.14,4.08,3.88,4.18,4.1,4.11,4.51,4.46,4.47,4.62,3.94,4.1,3.83,3.59,3.97,3.7,3.9,4.32,3.94,3.24,3.3,3.32,3.52
600759.SH,4.44,5.61,6.83,4.91,3.04,2.72,2.61,2.31,2.33,2.39,2.36,2.23,2.09,2.35,2.2,2.15,2.29,3.26,2.45,2.67,2.22,2.48,2.67,2.62,2.67,2.78,2.23,2.27,2.5,2.54,2.68,2.61,2.66,2.71,2.57,2.37,2.51,2.28,2.3,2.3,2.3,2.36,2.2,2.29,2.33,2.39,2.42,2.15,2.16,2.72,3.17,2.87,2.84,2.5,2.9,3.8,2.77,2.29,2.39,2.48,1.98
600763.SH,42.41,42.48,50.65,47.2,41.14,42.32,43.31,44.63,47.41,46.12,41.19,42.43,41.02,46.14,45.44,41.45,43.51,50.1,50.36,62.0,41.65,45.31,55.88,62.42,66.87,62.36,66.1,60.0,73.84,80.94,89.86,87.74,92.81,112.46,100.46,104.05,120.7,126.3,143.73,164.0,146.98,130.8,131.86,122.0,114.56,148.87,170.97,142.31,127.54,143.94,159.92,147.8,193.45,196.51,223.32,306.0,233.96,325.66,411.82,378.35,308.29
600764.SH,23.81,24.19,29.72,26.22,27.95,29.99,31.78,31.18,35.14,34.42,35.91,29.2,28.56,28.5,26.06,25.91,25.99,27.49,31.17,26.67,20.06,20.57,19.48,19.42,21.26,21.7,22.46,19.32,27.19,22.89,21.4,23.26,22.85,25.63,27.7,27.07,27.2,25.81,26.57,25.47,23.58,23.33,22.82,20.84,23.51,24.88,25.26,26.2,21.23,26.87,33.34,31.88,38.15,32.96,28.71,27.11,32.29,24.77,27.59,28.73,27.12
600769.SH,16.57,13.93,13.07,12.08,12.72,12.89,13.4,13.08,11.13,10.59,10.36,10.62,10.43,9.66,9.75,9.41,9.73,12.82,12.26,8.63,6.25,6.3,6.43,7.03,6.86,8.11,7.47,6.88,10.24,9.23,9.36,7.94,8.09,9.18,9.36,8.05,8.45,7.6,7.74,8.36,8.17,8.43,6.91,6.94,8.24,8.44,8.91,8.19,6.5,8.53,7.72,6.18,6.91,5.43,5.19,5.69,6.09,6.05,5.68,5.41,5.12
600771.SH,16.7,17.14,17.43,17.74,18.12,19.4,19.16,19.04,20.32,21.47,20.3,21.79,19.49,17.85,17.45,18.01,18.34,19.58,19.04,23.39,17.05,18.45,19.23,21.99,26.01,25.5,26.44,24.06,27.14,31.44,29.73,30.1,30.02,31.38,34.85,38.38,41.39,36.38,37.86,36.0,27.91,29.7,28.18,25.47,29.24,31.14,33.91,28.62,28.58,34.46,34.15,29.72,42.7,29.14,28.33,28.76,28.49,39.65,43.01,23.46,17.63
600773.SH,27.49,17.65,15.32,13.2,12.55,13.57,12.41,10.92,10.73,10.7,10.09,8.77,9.02,9.93,10.39,10.47,10.54,12.47,13.44,12.39,10.85,11.69,11.04,11.97,11.94,11.99,10.04,8.73,10.79,10.97,11.75,11.94,12.09,13.9,12.7,12.69,13.86,15.09,18.16,19.55,18.41,20.77,18.41,17.85,21.36,19.42,20.78,15.97,14.67,19.29,23.44,21.49,25.96,28.84,21.43,25.24,34.48,23.76,14.29,14.34,10.24
600774.SH,8.72,9.12,10.1,9.32,9.26,9.9,9.96,9.29,10.14,12.46,8.6,8.72,9.88,7.93,7.69,7.24,7.6,8.35,7.51,8.23,6.6,7.32,8.3,7.99,7.43,7.56,7.07,7.18,9.96,10.35,10.18,10.17,10.06,12.66,13.23,12.33,12.82,11.88,13.43,12.82,11.36,12.0,10.6,9.79,12.13,11.36,12.3,11.42,10.74,12.15,15.19,15.46,17.15,16.8,18.05,17.15,16.06,16.58,15.09,15.18,15.8
600775.SH,12.85,13.63,14.23,14.0,13.44,11.14,12.08,11.51,13.25,10.92,11.09,10.05,10.02,9.98,9.96,9.45,9.73,12.34,9.61,9.61,7.58,8.24,7.99,8.64,9.19,10.44,10.9,8.89,12.79,15.8,8.73,8.88,8.78,9.68,10.63,11.15,9.6,10.57,11.26,10.99,10.48,10.87,10.34,10.2,9.6,9.46,9.59,8.99,7.44,8.7,10.12,9.53,9.91,9.1,6.88,7.02,7.37,6.56,6.91,8.08,6.35
600776.SH,17.04,15.16,18.38,17.86,18.15,13.8,13.18,13.01,12.37,11.06,11.02,10.34,10.65,10.98,11.18,10.91,10.72,13.53,11.41,11.94,8.42,9.52,9.79,10.04,10.74,10.28,10.45,8.87,11.23,12.15,12.72,12.05,11.37,12.12,14.76,11.15,10.39,11.38,10.91,10.03,9.39,9.95,9.7,8.51,9.54,10.82,10.76,10.16,8.47,11.18,11.07,10.34,11.66,11.5,10.39,11.31,11.71,12.3,12.01,12.25,11.22
